origin,2018_week_origin_mean_dep_delay,2018_week_origin_std_dep_delay,2018_week_origin_skew_dep_delay,2018_month_origin_mean_dep_delay,2018_month_origin_std_dep_delay,2018_month_origin_skew_dep_delay,2019_week_origin_mean_dep_delay,2019_week_origin_std_dep_delay,2019_week_origin_skew_dep_delay,2019_month_origin_mean_dep_delay,2019_month_origin_std_dep_delay,2019_month_origin_skew_dep_delay
ABE,12.133333333333333,27.387279219795882,3.0066980176062055,5.773584905660377,25.797599989569285,2.8294544059471294,-1.1935483870967742,14.784141080545773,3.59976851929113,1.7322834645669292,21.455872273930648,3.7394510866889554
ABI,9.333333333333334,33.086035034221226,2.973677651487744,4.236024844720497,25.361515019796794,3.440129378556722,9.714285714285714,27.285604293851954,1.7950027402194386,0.7333333333333333,19.819654365982068,3.677824229422392
ABQ,5.149905123339659,22.601909366803543,3.0117874912454177,3.1522866572371524,22.528282134862785,3.345755044286841,6.981854838709677,20.82650005237104,2.681184342405351,1.975214972180071,19.07233441525673,3.6552481838479944
ABR,1.3076923076923077,10.904010083333375,2.1814424512318262,-0.07017543859649122,11.833456880995763,1.7481928743046835,-2.5,17.082379585634207,2.983819623441786,-0.5517241379310345,14.164661258009104,2.3216169077636164
ABY,-2.357142857142857,6.720887565666432,1.3038886682678124,1.5769230769230769,25.69578227595391,3.3738191751954982,-2.3125,10.928365233037677,1.8571166222073632,0.9512195121951219,22.159301165065184,4.362111110676726
ACT,25.48,46.58068269143336,1.5146138523842791,6.653846153846154,29.17199389452025,2.8923049918065162,2.04,17.8686876966385,1.961608333096702,-3.780701754385965,15.17902533506851,4.715573442999517
ACV,13.2,37.14835124201342,1.9340668018232356,9.677083333333334,34.131477921234506,2.1378068748694496,9.846153846153847,35.76891645850325,2.077666914088754,15.790476190476191,44.52650361087791,1.944459156129833
ACY,3.2222222222222223,17.886082569571645,2.156471996817244,-3.191780821917808,15.90535368533426,4.1871225040737885,-4.3,13.852588310440426,4.772621378222412,-4.617747440273037,13.81224239991745,4.161139323543458
ADK,-17.0,,,-10.5,9.471762545286158,0.4875369682068973,4.5,23.33452377915607,,-1.3333333333333333,16.054594358002323,0.13614001502978323
ADQ,-7.6,12.048051940274641,1.2280890642048268,-11.25,13.695006078471149,1.4019363254599786,4.583333333333333,29.143713912369858,0.8375382350670006,-2.1132075471698113,33.42710805581791,2.58396185025624
AEX,2.0925925925925926,22.12423627806147,3.6035838373124527,1.2610441767068272,24.18660920911262,3.3850821723975653,-0.6296296296296297,12.246364568444648,2.047273479599388,-3.2222222222222223,14.911098510407406,3.635325065257626
AGS,5.9787234042553195,23.449776450044908,3.4300027991557656,6.063492063492063,25.26981593368297,2.823559195885175,-0.08235294117647059,16.961589495306235,3.579001346158248,0.05974025974025974,20.386731411403172,4.986920006001271
ALB,14.190298507462687,28.58375529172517,1.8675460039622727,6.530708661417322,26.419306381780903,2.8029370096179624,5.640522875816994,25.81297535687982,3.0130493972544157,5.745915032679738,27.82129603638269,2.8026039881945315
ALO,20.545454545454547,27.78979538018816,0.7090453796342311,5.709090909090909,23.223290294900337,2.111522997280791,10.571428571428571,41.5464786728056,3.420425222181504,11.717391304347826,35.833977075444444,2.510104214226901
ALW,12.578947368421053,33.62260448215966,3.6460022160268606,-0.31645569620253167,20.688498169457045,5.070974673596625,-3.75,4.253481546117003,0.555409543173144,0.6666666666666666,16.94678578336012,4.846319923188539
AMA,-0.41237113402061853,17.393576746244328,3.9566142626676544,-0.3456221198156682,19.89929360810782,3.8661679902706747,2.8125,27.1427760701221,3.7293218347935273,0.2854122621564482,24.362484589859065,3.647338883431539
ANC,-1.135693215339233,16.731410961352772,4.745666252909031,-3.193342776203966,16.503424411568645,4.273371510619079,3.3976608187134505,23.710739621484066,3.0202073743535855,-1.1116788321167883,21.384270092895516,3.725676157294932
APN,6.909090909090909,14.446138206832616,0.3723356071115565,3.5238095238095237,19.409876911483277,2.411309645763153,17.22222222222222,54.52929895427269,2.7947378650549983,12.659090909090908,46.847572313968136,2.567867980550823
ART,5.166666666666667,14.851487018701754,1.586530655083443,2.2093023255813953,36.18178846005719,2.76810641025285,10.153846153846153,15.50186093047194,1.032722651244092,14.422222222222222,24.703228431715054,1.9784628728091793
ASE,11.472103004291846,35.922214135589385,2.3096668737063593,4.532879818594104,32.53056794341389,2.6646627884764538,46.3394495412844,49.12247839397527,0.6895470320173187,18.48119325551232,43.04634285116457,1.5915480738000538
ATL,8.759726854057488,22.74282866826135,2.9620757853684805,7.3836407103825135,23.73952539289677,3.1897624073311146,3.0300224047796864,16.818682637865443,4.388618339568468,4.043137766755857,19.030482775202575,3.997792077708688
ATW,9.182795698924732,33.7384267553364,2.93564212734048,5.39816933638444,31.629619673301182,3.0179284173031506,8.863247863247864,31.736769163647622,2.5561897277202656,8.0199203187251,30.09040937111661,2.455065431472421
AUS,5.975563909774436,22.565205290535282,3.1487578401977525,3.8875413450937155,21.54143045083374,3.5687750414286032,5.887125220458554,22.530504026217244,3.13506899780218,2.950204918032787,21.22576454470589,3.71874347958327
AVL,12.43859649122807,32.94163116027281,1.9545218781516172,8.728665207877462,31.73106406195507,2.497297305751595,9.074534161490684,35.71161449637763,2.4516498860863334,5.254457050243112,31.65533361850036,2.9619466464489426
AVP,15.397260273972602,38.50495629209721,1.9415591512949122,6.953846153846154,29.295235554793322,2.586027842971521,0.7663551401869159,18.03590728751971,2.6801264889183853,1.7883211678832116,23.19191322168065,3.2340001414286568
AZA,4.036036036036036,16.770064198894808,4.640926565354438,1.2580645161290323,18.343092587344252,4.260549237576442,16.0,30.502133782561113,2.461444838044788,8.41834451901566,25.814219391912193,2.7133731024042107
AZO,7.721311475409836,25.66393782953101,1.9232638237429118,7.140350877192983,30.051621430143793,2.4630442391510403,5.753623188405797,31.15115227644144,2.749477926270599,7.961089494163424,36.45093078452683,2.7277800261578946
BDL,14.851063829787234,30.797625918113873,2.3056807630876275,5.156871218668972,24.946393506103433,3.0499137083030994,2.304428044280443,21.4746882501088,4.030465357191241,2.4657594381035994,22.1398401196876,3.834610047062935
BET,-6.333333333333333,13.76645021474859,0.8808184633649214,-11.914285714285715,11.03714788975724,1.242766644129191,13.76923076923077,39.42113190949293,1.9923394781261352,0.26153846153846155,33.50759098840371,2.7451993272918664
BFL,1.1714285714285715,26.22805605396153,3.408279118402106,2.061349693251534,23.876144727655934,3.099065647294529,5.85,25.86508387967385,3.140418159031347,1.5086705202312138,25.632831984542573,3.8814094326042468
BGM,7.230769230769231,18.175779883101974,0.5372282462001896,5.5,24.27573522583233,2.1119654722898002,7.0,23.27802969898154,1.6124107696030412,3.9,25.66284537328356,3.5602704491538417
BGR,14.0,32.74047130904596,1.9584990664741344,2.7745664739884393,27.518026565206203,2.7517542845798055,3.161290322580645,23.674842114097522,2.1039377709830864,8.124567474048442,31.84017790568614,2.3074496230463457
BHM,5.508875739644971,23.062968465904195,2.8277505968551893,2.991683991683992,21.732357300109584,3.418164108860278,5.794520547945205,26.306289153242414,2.9343638663691047,3.889028213166144,24.621798723743833,3.381865062141946
BIL,4.515789473684211,23.553860034151484,3.252605203166063,0.19201995012468828,20.354619528736002,3.749660315284185,0.6666666666666666,19.809294870471945,3.2147850009919043,-0.3069306930693069,19.21627854907349,3.6818747121488586
BIS,8.423076923076923,31.329633800061472,2.2073206057296915,5.688679245283019,29.616805019701676,2.4937299225782383,1.565217391304348,28.08085044101555,3.919009518067023,5.133333333333334,29.161789762884727,3.0796882033990993
BJI,2.6153846153846154,17.3567396205742,2.4751974940360806,7.11864406779661,29.56120754017327,2.9056515512953567,11.0,49.91811476626678,2.749218058488239,-0.01818181818181818,32.06734286021338,3.7625409433006536
BLI,0.17391304347826086,16.316679053816944,3.1399609210814283,-2.3219178082191783,12.762937607702273,3.8631175108557905,-1.3026315789473684,15.949938128901614,3.999798308095338,0.7323420074349443,22.94320767568822,4.852935252384962
BLV,17.11764705882353,30.030988896765404,2.7293913473683906,5.088235294117647,24.620544323988497,2.5837295673872562,9.058823529411764,18.416943924805,0.21849974977711842,7.625,22.282942926250687,2.5421346154713973
BMI,17.56140350877193,34.0582576225018,1.7060693141587455,7.876106194690266,31.865030011907773,2.5511905873616563,2.4814814814814814,28.18854359871456,4.179732995350523,4.876847290640394,29.75010784423968,3.379731547549289
BNA,10.432343234323433,25.278326037428027,2.855710834497857,5.872286079182631,23.31107706467517,3.1942892217583436,6.357142857142857,19.90159965567719,2.7983349289698496,5.997354497354498,23.637371075054663,3.278877031263502
BOI,2.170353982300885,18.999584704491703,3.4499038617317637,0.9112944816915935,20.798814448962688,4.051585320487937,4.616379310344827,24.585009898316205,3.837160626401939,1.2566018933731937,20.75949313799394,4.343553630800975
BOS,24.80424528301887,38.31908425256455,1.6687209692487,9.321075794621027,29.417943268802752,2.585895174770855,5.19215210355987,25.5753521045058,3.458383557433363,8.119346256176359,29.88163494386473,2.786705991973313
BPT,5.571428571428571,38.15699207165109,3.3942478330551347,7.327586206896552,37.48748934283649,2.8147933101850007,1.85,18.65271251616039,2.000589103464032,1.5802469135802468,21.56088135810482,3.411400177373993
BQK,4.769230769230769,22.924346032671053,2.2941266756833314,1.4054054054054055,25.288970425382303,3.3433189565101635,-0.9411764705882353,13.273425463286099,3.099001091726157,-1.2195121951219512,13.931954911653397,3.981958330602442
BQN,21.962962962962962,35.60626725460376,1.4497760711077232,13.141414141414142,29.78974282486565,1.6972274818112258,5.961538461538462,25.901746128180005,4.059807472786126,8.963917525773196,27.740913409645565,2.845161913414431
BRD,14.545454545454545,43.11464631969891,2.8674111683538017,4.604166666666667,29.3661692626587,3.566634985175031,-6.181818181818182,7.040144626613601,0.5605799541599569,2.3404255319148937,23.445845646422217,3.349502917133717
BRO,9.806451612903226,34.238788291292,2.200740626132755,-0.4968152866242038,23.713466963597096,3.6536500208259715,6.15,30.15987315487167,3.615993479224766,-1.5683060109289617,21.530823314707202,5.255156474795852
BRW,-12.615384615384615,5.795665931516721,-0.17242298801933545,-9.032786885245901,16.232649417264735,3.264934192996424,-7.428571428571429,12.151063807270194,-0.10519920289517405,-10.266666666666667,13.180451198092983,1.0879222190573987
BTM,-3.8333333333333335,3.713203305486893,-1.2057951771039757,-6.175438596491228,13.019385007169587,5.89881955668823,-7.666666666666667,5.087119801890641,0.13497835329314914,-5.607142857142857,18.544961159721645,5.286116528818911
BTR,2.5307692307692307,25.67090122972571,3.2933883198394738,1.7254545454545454,25.938400604729768,3.4445213506376904,11.511278195488721,35.61082073832151,2.2699046486517878,4.383084577114428,29.223179129639558,3.0221905865200402
BTV,16.50955414012739,29.444780529678944,1.8212542567437418,4.428208386277001,25.383538718629897,2.7517935393122372,6.666666666666667,27.574923309671963,3.05844924760649,10.852459016393443,34.33873408730047,2.4684620305947687
BUF,18.0,33.51325915280131,2.1456360899570175,6.68009828009828,27.13512514631486,2.6228272079281973,1.2494929006085194,20.32431722536546,4.028708012204143,5.873080859774821,28.4973433608167,2.9080480553539885
BUR,8.187376725838265,26.975072639296943,2.6883846299164285,4.753387533875339,23.421802187504152,3.1942879166837956,8.337686567164178,23.813523163932445,3.0969597246079075,4.094912355707567,22.220249566234124,3.5818930259800226
BWI,14.124870466321244,24.18233513144131,2.2784912166138316,6.151811594202899,21.569636194414073,3.157722453318539,6.923759791122715,22.3679553795794,3.346853934393003,5.685668406262545,22.194489723233556,3.5272854281358885
BZN,8.24561403508772,26.32709230951424,2.7867862687932936,2.2529711375212225,22.43802148885234,3.35464024580523,6.349206349206349,30.859923089505134,3.221832899021284,4.378066378066378,29.06667009013134,3.358200634343146
CAE,13.505952380952381,31.467119427675026,2.187644376541262,6.140586797066015,27.271625053710693,2.7919827438578904,2.876237623762376,23.141561536577736,4.317020490962543,2.2468996617812853,23.374247588090054,3.8924158105385023
CAK,11.985611510791367,33.21514968027037,2.458893971390831,6.8989441930618405,28.568575188650378,2.681021833022962,1.7902097902097902,21.383109415273005,3.646163989994144,3.7167235494880546,24.018901962178532,3.2265383523779465
CDC,-7.0,7.817359599705716,0.2232792956742393,-4.215686274509804,11.526168011078438,1.6404727393013212,8.166666666666666,35.999579122118874,1.337060809263966,-2.574074074074074,22.869277283423443,2.5841763422631354
CDV,-17.363636363636363,14.753119854950864,2.361440177849088,-21.137931034482758,12.283848011110871,1.90782457973712,-7.545454545454546,36.42626425084965,2.5925886514327297,-9.543859649122806,30.309163027185715,2.6835574715670774
CGI,13.545454545454545,49.790287479313946,1.8542949658711478,3.159090909090909,26.756388658375677,3.4249561197561547,-2.3846153846153846,21.56980320393328,2.8004227102382266,8.030303030303031,39.17533356471595,2.170337871008912
CHA,11.837037037037037,31.465500512444066,2.2568927489623887,6.625563909774436,28.61427537333183,2.8065297913940426,3.497076023391813,24.571234800786126,2.671135257053281,1.8974683544303796,25.850861503583435,3.504278629040287
CHO,9.584905660377359,30.980444807445974,2.8379645399771745,6.249034749034749,29.248844792522142,2.85194871181432,-1.206896551724138,20.864941539352873,4.1348095700937915,2.809061488673139,29.139731247993506,3.127648243325286
CHS,12.135294117647058,28.713632850119193,2.1515694639689302,4.461218836565097,24.752703825581488,3.223864206674652,1.5955555555555556,20.456613390976145,3.2175813196897365,2.2155030236393625,23.254883713098938,3.485167927292768
CID,11.58235294117647,28.263274836615807,2.41690731096728,4.027851458885942,26.072592885252327,2.9170190522220203,2.645348837209302,23.268753523145072,3.633077268577287,4.769985974754558,25.793374010332222,2.9740019216644136
CIU,22.583333333333332,35.742661887272455,1.6291031429490384,13.685185185185185,34.48862217310256,1.9730849516263516,-2.6,11.739770961233537,2.344188442756577,5.42,32.92669037081483,2.6469934605719727
CKB,19.363636363636363,41.33345552279104,2.648281942744232,9.870967741935484,38.163790181470915,2.649105125138868,-6.933333333333334,7.035285217760407,0.4303940810560639,6.719298245614035,37.9989447155937,2.8940700732420583
CLE,9.958801498127341,27.254853706483154,2.705651194148993,5.700754618787406,25.094189395949257,2.959364358211248,2.6822857142857144,22.48899236022434,3.9241908574666473,6.77886393659181,28.07175149141391,2.9700619758576203
CLL,-4.7368421052631575,12.661250120862638,1.8749146453911645,-4.666666666666667,15.687814598653324,3.615717842750867,5.972972972972973,32.69767787073171,3.716848419602658,-1.5263157894736843,26.397485573100386,3.9465017076781423
CLT,12.314883720930233,26.889752116488925,2.484478125706012,6.080776930152032,23.215008261779406,3.205389052312614,3.9873923093086785,19.34136845574181,3.6043771807073397,4.383799516550737,20.783672151681845,3.5874428508851794
CMH,10.215584415584416,27.61659790464902,2.925021781404116,7.377893518518518,26.741678289912194,2.9438792014681106,1.4618991793669402,19.093666197908338,3.907270000969975,5.461010433827568,24.88473269512403,3.0938310720923425
CMI,4.87719298245614,21.682012109645335,2.0590389769590867,5.178861788617886,23.69518422451872,1.9587659937851303,6.8478260869565215,25.0013043138014,2.04670554761271,8.936781609195402,29.68780764101763,2.488183713818243
CMX,10.181818181818182,44.50352386456197,2.8387989904147357,0.07272727272727272,33.87769644616228,3.064800777534444,14.846153846153847,40.40389039404942,1.9795653294896094,1.3043478260869565,27.649287364911224,2.892237987060694
COD,-6.833333333333333,5.390789001677404,1.4192516786609115,-7.898305084745763,6.141141405910426,0.3544999841257888,7.333333333333333,38.8290737682084,1.9337173987044753,1.576271186440678,32.89335085824809,2.5481266882393334
COS,4.841346153846154,25.592284882794484,2.982874461585385,2.3952434881087203,23.865198241383005,3.259559778933006,5.386363636363637,23.830559884643588,2.5209556535641484,4.229222520107238,25.899076269424718,2.879557671833242
COU,9.44186046511628,26.679136065812955,1.6290577849118781,-0.7783505154639175,21.629651145223473,4.205902988362264,13.617021276595745,38.644732579637704,1.786895895797578,6.247058823529412,31.383637195296316,2.4534253853479635
CPR,-1.1891891891891893,22.80209278630879,3.8356920023882997,1.7195121951219512,30.785334087071575,3.16864909133686,-0.3611111111111111,27.07888241814778,3.64929867069707,-1.477124183006536,22.366000091574698,3.3388082469392053
CRP,7.1521739130434785,28.914019863601098,2.5033318199572587,0.8823529411764706,23.153708844820173,3.6007577301350686,7.285714285714286,26.88540016938638,2.5209665680890816,-1.5854214123006833,18.41198653504707,4.071215751599856
CRW,18.545454545454547,41.383518594789244,2.0644390929974232,6.37593984962406,29.952039092277467,3.007082273953484,5.136363636363637,29.72215467591293,2.7089734819146565,5.126684636118599,23.77945091892752,2.8007884046521028
CSG,-5.461538461538462,6.118488165870506,0.3608685760636039,0.10526315789473684,22.32820574810759,4.349164353246601,-8.285714285714286,6.0054919919964975,-0.5957374568605222,-1.8860759493670887,25.355415818469456,5.624570895675206
CVG,9.420470262793915,28.2615940231873,2.8449164505615423,5.919394103327022,25.880866649075916,3.029527249385621,3.619047619047619,22.497349362235155,3.706868026268971,6.579994622210272,26.42485031660441,2.984596829114337
CWA,2.8666666666666667,25.629883126750872,2.754121353816055,1.954732510288066,25.871144624948727,2.7509019854280004,0.9824561403508771,18.119140656923094,2.3103157696863077,1.2026431718061674,24.434188149084342,3.414656443634557
DAB,10.824561403508772,24.105514193568677,1.4620174534668284,6.088709677419355,23.681938349644085,2.57046447979758,3.4098360655737703,17.721340289022848,2.1817504943599184,2.4864864864864864,18.82525751624957,3.6046406964481235
DAL,10.128885519332828,19.787645197818364,2.469079570878228,6.740456714383095,19.378856810611353,3.2644427199909343,10.961596385542169,21.010225403990727,2.5485538732043223,5.413188241026474,17.817083964914254,3.303755857305385
DAY,14.319230769230769,35.33515775998989,2.252399532551746,6.895700636942675,30.34714603282163,2.5818174200795228,-0.8194444444444444,17.461217465277876,3.6003275775722834,2.1187648456057007,23.72855918126232,3.5359422593615126
DBQ,13.210526315789474,34.79715656865023,1.7329891272455094,4.395061728395062,26.702377708897792,2.6186670878137606,2.0952380952380953,23.786350627838566,3.241027665016352,4.972972972972973,26.126128722014283,2.1375618810570636
DCA,12.010019083969466,30.016787582976722,2.318659205709003,7.552180614742951,28.92019841425598,2.804006382727325,1.4104220499569338,21.38588915547915,3.89079444425281,5.380697779791572,26.251463942584117,3.114042979208345
DEN,7.437448046550291,23.35116933038345,3.0667958858825752,5.368262268704747,22.777079180738514,3.3405345006625833,10.009101941747574,26.386177138876587,2.9045561522651715,7.229508979747803,24.47889788803545,3.0522149901010014
DFW,11.691365342817624,27.55196998281414,2.4079609845745575,4.94028270178185,22.173112274578628,3.379865379513897,10.932152280437242,26.44184690293511,2.5085067694884575,5.917444587001725,22.856808095053523,3.2759225439482615
DHN,5.304347826086956,19.3659372531179,1.4757206017631614,6.228571428571429,26.79884366867388,1.932616898709126,-2.9130434782608696,16.873629354378174,3.624891217817663,4.241071428571429,33.20106519937622,3.31740819318683
DIK,19.545454545454547,34.86936660268906,0.9763721730213839,9.846153846153847,36.905488520764216,2.1555229838704753,5.636363636363637,26.120002784351794,1.2413190868107749,15.083333333333334,44.33519966209708,1.7829867321009139
DLH,0.3181818181818182,23.545870844516216,3.0392978399693935,3.076923076923077,28.50193031569715,3.0241236445704835,5.523809523809524,30.857847241067834,3.782592489574993,7.625766871165644,33.80811610672881,2.8342052664998025
DRO,-0.16455696202531644,16.509849725004365,2.4153157973497037,-0.2990353697749196,22.624507815755827,3.3021007929783255,15.882352941176471,32.977391356044095,2.4897851910845366,5.693548387096774,29.20366421443431,2.9391131037261387
DSM,14.011538461538462,35.68756342134025,2.306265143046097,6.07063492063492,27.330453785547686,3.0277976434717373,-0.034375,17.781556951887776,3.651354329722602,5.081845238095238,26.427650249491787,3.1777762266483403
DTW,11.625268432355046,28.700227584291834,2.681779369612629,8.173981900452489,27.660123032919067,2.886811805948022,1.0383408853258975,18.24975671398007,4.525903169271275,7.314534296589762,28.212948018221944,3.123257680350127
DUT,-4.086956521739131,13.392375861858733,0.18059207269774086,5.438202247191011,28.93289848793543,2.1688349925574504,8.851851851851851,16.435664091573972,1.2161595938943721,29.211764705882352,42.14772606351298,1.368151230232367
DVL,11.0,41.25772654909623,1.8986143304593694,-0.5625,22.107961644735735,3.5606525899888353,21.1,48.78854601463568,1.636586786850952,1.0681818181818181,33.0048606196771,2.46356037339362
EAT,3.5294117647058822,9.467824770365839,2.337308411939977,2.518987341772152,17.560051369218183,3.424229605634026,2.36,10.877652933116286,0.8931044061615532,9.476190476190476,24.397055021998334,3.3408339296524305
EAU,4.2727272727272725,15.912830729263156,1.2235814533956701,1.1,16.24462234408793,2.685546059742471,-1.4285714285714286,25.788233111885877,3.2412440795836863,-2.326530612244898,20.252970723556874,2.7626685816027696
ECP,6.546875,20.330546013092622,2.84411533741486,5.689530685920578,29.67537526709164,3.5479410732408816,7.333333333333333,29.659707443163278,2.9479354190325435,2.072398190045249,23.605491657928116,3.540829073881669
EGE,3.7815126050420167,27.502591453819168,3.9763275566859373,1.6330275229357798,27.183128828043316,3.3979268199551376,27.876190476190477,38.69200256217118,1.4399616733024856,12.307339449541285,34.310844655169525,2.107424379343048
EKO,-9.4,6.345602151621757,0.05518240106250855,-4.078431372549019,10.620439044135418,2.1698581662981664,-8.384615384615385,5.439645538979869,1.2650023389014806,-7.622641509433962,7.096115988272251,2.4996455871576244
ELM,15.612903225806452,49.24813188968346,2.292137502301823,6.677215189873418,37.24668479880013,2.672308921702932,0.44,26.2974818380089,3.839157225345669,5.483412322274882,31.48701107434377,2.6109067242024575
ELP,7.133136094674557,25.3430474886328,2.8046993288397593,4.436390532544379,23.22583316305963,3.0714913394912733,11.621621621621621,28.101106027429665,2.596677994744268,2.7920265780730897,20.93721465856593,3.563265702605182
ERI,16.657894736842106,36.58479695749387,1.6163984510758969,4.387096774193548,35.29597856522851,2.8779158284738346,4.926829268292683,30.495401492604124,3.4892258843305113,6.582857142857143,31.86091799113916,2.711030760779715
ESC,3.8333333333333335,18.948894586772234,1.7315382136345707,5.369565217391305,29.383562068046878,2.601325646103757,2.1,20.95736412603243,2.1059442319046706,4.361702127659575,23.320475731513834,1.6136170943003971
EUG,3.442953020134228,26.6563167683231,3.354339959645489,1.9502923976608186,25.556709540741164,3.504440491645209,5.930555555555555,29.824346551796356,2.8856484360133154,3.6476345840130504,26.93558914397308,3.042076332910414
EVV,9.6,31.3894707888568,2.5297846833559916,3.5306122448979593,24.984784763950323,2.7643209748348383,2.6555555555555554,24.246005630077146,2.8584268597492724,0.6208651399491094,21.067221668778743,3.077529425319126
EWN,29.70731707317073,45.86896767011387,1.4905680051307495,8.44973544973545,32.730424756132855,2.5057441388534807,-0.41304347826086957,21.29327080658376,2.2782384396989834,-1.110091743119266,25.401599953071393,3.516314880708432
EWR,22.04945770065076,35.680696969194976,1.8137187099607899,8.7575986565911,28.248387244638273,2.637723008083603,9.22816212438854,27.817789880053834,2.5980745294790966,12.398074112286132,34.01774980118018,2.3412602194778236
EYW,6.719298245614035,26.313800266379893,2.913937787706507,6.647186147186147,30.935854541074693,2.535668419303677,3.8503937007874014,21.460957071277086,2.665512862498029,5.77027027027027,25.754669898685464,2.9261818473315797
FAI,-2.9887640449438204,20.7908931014292,6.138411562209167,-5.6182266009852215,18.368641093252453,4.711894540766422,2.817073170731707,29.727207494179254,3.0007160912431954,-3.9945945945945946,23.87455864823911,3.9502970502083836
FAR,3.9833333333333334,21.509030088549785,2.995227066343715,5.373076923076923,26.464926550722044,2.9096855176189678,15.289473684210526,28.86058146594414,1.900744326300297,10.041152263374485,28.013957381171405,2.6049065437630183
FAT,3.9343434343434343,28.040955042919233,3.808897691930213,4.574292452830188,28.36445469131429,3.373677965975328,5.297413793103448,26.202217153492366,3.157876405775018,2.790224032586558,24.476929289269908,3.158008336048528
FAY,13.051948051948052,28.226012687019608,2.317483356976454,8.347305389221557,28.874675489244197,2.912985846421753,3.5584415584415585,20.83360993208956,3.6169468630467585,2.6169014084507043,18.598181870889462,2.770593457412884
FCA,5.012195121951219,27.052529560390067,3.298843468439513,4.006802721088436,28.164435880123538,3.478960639973882,7.079545454545454,28.397920269855724,2.1271559051519415,0.8722044728434505,22.102825566188116,3.5151316044769803
FLG,-3.107142857142857,19.18977213250211,4.49624611318795,10.48936170212766,31.479894481675796,2.226750361994471,15.384615384615385,43.62850162274833,2.1133630030312034,2.982142857142857,29.768167938148665,3.1377993585453905
FLL,17.532997762863534,32.219197608473316,1.9892602500529044,9.286238981390794,26.45764911008093,2.6624829943804014,8.359615384615385,24.78241055401741,3.007462710549942,7.972851215174867,25.897869454314932,2.9778972492929574
FLO,3.8666666666666667,10.736231492784919,1.7487113213432253,2.6794871794871793,21.359929464925365,3.917773004831081,8.916666666666666,30.718804135842134,2.3564549928334224,1.7701149425287357,24.506620438882873,3.7286009715127033
FNT,14.918604651162791,35.76630524629671,2.347092784607264,6.625,28.128671968309625,2.9096885365975753,6.907894736842105,20.94130058462078,2.296853795505751,4.9932203389830505,24.534994197562277,3.152942369859365
FSD,10.418439716312056,32.02680931174667,2.4811461945591256,11.067340067340067,32.87754648790871,2.3491921587083686,5.8533333333333335,30.94992419386943,2.7330432374198605,5.595,29.98198081552825,3.0194847152179234
FSM,1.3846153846153846,23.076093102483657,2.4524443440849693,-2.0,21.55461034196316,4.655456138550294,5.428571428571429,28.169952404776883,3.0202055564987327,-1.915151515151515,21.533696243558136,5.0701038469550275
FWA,20.0,39.943319216109224,1.7489929852997872,11.269982238010657,35.06818378103934,2.287763435993435,4.6375838926174495,24.04028566102163,3.116163135815919,5.825259515570934,27.47550827479869,3.0190578596482283
GCC,1.5555555555555556,19.689418544344548,2.2066930409908783,-1.9870129870129871,24.146751719267215,3.533059315419687,14.090909090909092,43.26766586136707,2.2666438113699505,1.5636363636363637,26.49022435790204,3.0839763859833846
GCK,12.571428571428571,34.78884499755254,3.052293997722039,3.4262295081967213,21.25751554658057,3.8046887923632,-0.25,13.811227316933133,2.2166446818250045,0.07272727272727272,25.21452737158463,6.146428114096821
GEG,-1.2493297587131367,13.12489757588706,4.416931747398087,-1.0703971119133573,16.91215330117084,4.379290170214285,2.4974358974358974,21.49319838823516,3.744912357791544,1.4564072557050907,19.891862256715317,3.953500573958207
GFK,-3.275,10.98013941343467,3.117850190791622,-1.1923076923076923,20.336560239680015,4.210540659706759,5.282051282051282,36.075905881283084,3.0553073038505687,7.019354838709678,32.56451557916591,2.63730754367082
GGG,-2.6666666666666665,25.482019804821856,3.425838843616107,-4.611111111111111,16.05464332606128,4.003119277507981,3.0,16.052797503622465,1.8676430395152361,-1.847457627118644,11.932010784269858,2.8253767716014764
GJT,0.4634146341463415,20.931513911231548,3.4612260471312566,-0.7354651162790697,20.9895800419392,3.694259689245127,4.9156626506024095,25.857585960210702,3.9342965471526794,0.19642857142857142,22.172931979780152,3.9596602292706526
GNV,11.652777777777779,31.01256434261526,2.251792573692849,10.899135446685879,30.75022767623942,2.2515907461839437,2.6578947368421053,20.39840035007905,4.232690889913902,1.5389048991354466,20.42512229492411,4.5644100037660165
GPT,-0.2647058823529412,15.99404520444268,5.166005356746533,-0.34782608695652173,20.581465735836808,4.791541356410812,0.9733333333333334,22.866222778240925,4.277106196709635,-0.2768361581920904,22.371500869444375,4.486562648511409
GRB,6.558139534883721,25.289665246156463,2.460531609698436,3.6875,22.96951982197561,2.6361114406289987,5.4326923076923075,25.56953755806961,2.176196702687061,6.404878048780488,29.459050781856117,2.6688862833736358
GRI,13.0,26.472627372438872,2.0966160494718684,11.857142857142858,33.251037126370896,2.5700938124048336,13.84,34.11705340930446,1.512560618451326,8.541666666666666,26.4785580250836,2.176867592934018
GRK,10.434782608695652,33.802466822482415,2.604884817259102,4.756880733944954,30.103210683432884,3.3800585539203403,3.5272727272727273,19.446845450607103,2.8675874062520728,-0.49382716049382713,16.22806730175126,3.004577676117693
GRR,14.889589905362776,32.85156180162482,1.98782328838353,7.152895250487964,27.323523109487024,2.637153720197144,5.736292428198434,24.795412382599363,2.9463387058476247,9.002565747273893,29.175028335778173,2.5330020208144965
GSO,4.296943231441048,21.28624956256376,3.1101662214555854,4.852787456445993,25.750802986948933,2.949911811253153,0.07301587301587302,18.533952372796037,3.322034407273311,4.4313005143277,28.457706319539927,3.0723947150412623
GSP,7.1893939393939394,25.473652257324844,2.904622549529741,5.076394849785408,25.984534801442898,3.1585703712338025,3.0340557275541795,21.766307186361356,3.7739133558580074,3.180389221556886,24.166022611037103,3.6194037711446327
GTF,5.709090909090909,26.669911418753813,3.088034125833484,4.384236453201971,26.95210544473676,3.1459180301730085,0.95,28.212525767280948,4.864807608640084,4.170731707317073,31.187370526293698,3.9086410752100287
GTR,6.0,34.28612637114991,3.444726679559358,6.815789473684211,33.35974041718182,3.073279764936607,0.6,20.01356682710149,2.9546912941700794,-3.9876543209876543,16.993008729445542,5.678046444588406
GUC,20.17142857142857,48.647885942995394,1.7316558759839473,7.784313725490196,37.12639034993104,2.5403784914872976,2.0,29.748949561287034,3.715370754172159,5.161616161616162,28.999545060016022,2.234494337168086
GUM,-4.119047619047619,10.4536197044137,0.7366971243584598,-3.2864864864864867,19.513626261429224,3.6874162964740345,4.3125,16.279716418496566,1.2895050832364636,0.704225352112676,16.19117428565609,1.7917774848915253
HDN,6.361702127659575,31.40332530294142,2.9313297808761134,2.7865497076023393,30.654608764433032,2.939807631252845,9.069767441860465,32.4906468704907,2.7648049546600384,5.636963696369637,28.472134978264833,2.6692419890891905
HGR,50.5,34.64823227814083,,20.88888888888889,26.553928355539245,0.9281702338265702,65.0,57.573141886357625,0.5900780417588154,43.0,45.02098276236192,1.3168949985095304
HHH,-3.6666666666666665,15.996211672730137,1.5299809184174433,-1.8857142857142857,26.960810451598807,4.18465506023646,-2.8125,11.582853707096538,2.744006996018176,0.13095238095238096,17.076567304035997,3.1352743571435484
HIB,7.4,22.525047786359472,1.5774077213833784,4.425531914893617,24.60889259636872,2.2371554212015092,-5.5,6.883958809354461,0.8531991844900013,-4.612244897959184,8.555739609882295,2.643371070368665
HLN,-0.11764705882352941,6.763380479318118,1.2539159676904856,-2.074829931972789,14.584702266779557,7.100824952503113,5.119047619047619,33.91898697071639,3.9959506148324864,2.01,27.30545438545165,4.244284358072705
HNL,0.7617554858934169,12.982595375698347,3.915881070491752,-0.25884161968221425,13.393656936506064,4.304805931809086,3.188785046728972,19.381885822973484,3.812933361447571,0.5498709223187045,16.517345076119735,4.64164281468026
HOB,-9.461538461538462,3.9288544686584452,-0.9455401799776726,-4.7407407407407405,22.974296700332584,5.596975017926567,-0.9230769230769231,17.202042216267706,2.260383344896492,-5.719298245614035,11.507380218744268,3.0172129117983206
HOU,9.323033707865168,18.84876806364645,2.8008946873428564,5.6047334660473345,17.921144002772333,3.4108966214135066,15.581900452488687,26.49939905678081,2.4305236535943298,6.752136752136752,20.762005679165913,3.309915630836451
HPN,28.466165413533833,41.33318955354644,1.4735362340943656,10.41235813366961,32.04782881775588,2.2978226639184856,7.205263157894737,30.09482322345517,3.0290667617524405,5.575654152445962,27.85458332252698,2.9131452618636056
HRL,6.32258064516129,19.92672988031147,2.435114769341111,3.550561797752809,23.57551197155198,4.16615256245594,9.202702702702704,31.108726578046614,3.299278094568891,1.2262996941896025,22.574026405751738,4.234556034840196
HSV,7.875,29.350992644726166,2.554768479454909,3.6375545851528384,26.969660934480604,2.9888378760895162,1.0604395604395604,20.951975495255468,3.4861561010032434,1.9273399014778325,23.238661848432233,3.521236014158763
HTS,5.857142857142857,19.819022447982913,1.2868674302837173,5.822222222222222,28.5781317266152,3.1517845592035436,9.678571428571429,34.728634328577364,1.9716065378492929,2.4272727272727272,24.861251339822346,2.288902958816655
HVN,17.941176470588236,52.51246350657539,1.8717674236994963,9.931506849315069,42.57553052032068,2.03830782733577,5.705882352941177,25.765201109933027,2.8873722380918214,9.421875,40.313771205501524,2.452552987896812
HYS,3.5,27.40106169144148,3.390696407484464,-0.8867924528301887,17.90429726818772,3.5500965584793223,4.434782608695652,33.77711178642145,2.1157389053945237,5.044943820224719,36.18635796199482,2.3679529566922564
IAD,9.745945945945946,27.950773830526966,2.8839958642135244,3.8641195501463566,25.46403292480527,3.5036682433226654,2.1819241982507287,22.39073351382515,4.205639183991421,4.021641118124436,25.385596526365084,3.468376044982559
IAG,23.41176470588235,36.21128764544526,1.3868621073110572,1.2295081967213115,26.031643207593174,2.4010039192545545,21.7,43.47667251103262,1.9327678070433951,12.840909090909092,34.19094343693696,2.1694627563103666
IAH,4.673684210526316,21.536288583928243,3.4396889033110964,3.2639254303540555,22.65882873754698,3.640015239831414,7.184628975265018,24.084933401936187,2.925979196355915,3.958994708994709,22.444877588544397,3.557047760629138
ICT,6.297435897435897,28.172036724122417,2.8661876905682138,3.4776286353467563,26.180505569257708,3.218240284644327,2.705069124423963,23.53200385998813,3.149215295434446,0.8173719376391982,22.26349875489276,3.7016112268045878
IDA,1.6875,23.20597524850103,3.4861772120595464,-2.1030927835051547,17.999703242275956,3.6849363692100217,8.68,30.087925573327954,2.995883901238368,1.0315315315315314,22.52105895126451,3.5998622393320123
IFP,-3.2857142857142856,9.068522219088138,-0.48398164076229633,-3.5483870967741935,11.960598395502402,0.8961098665177887,,,,,,
ILM,13.02127659574468,26.978278288802066,2.013441289853386,7.036876355748373,27.587503988374745,2.9571700308635753,1.664516129032258,22.10050167478865,3.604555550276798,1.805722891566265,23.68635994492274,3.6647315234209765
IMT,3.769230769230769,12.981742603581425,1.3031886539982547,0.07692307692307693,19.676647006177948,3.7547413546521105,0.5833333333333334,41.87309471016037,3.41364383012486,7.886792452830188,37.93752981362838,2.0776291510055858
IND,10.736416184971098,25.83870694313585,2.547338590773982,6.015255530129672,24.69238561978538,3.0206412393990365,3.1701199563794984,21.599001808742617,3.9612251460810093,5.119551031062386,25.208039071799565,3.5165194105117936
INL,-3.1538461538461537,32.24346485167228,3.4681318895808366,2.6458333333333335,36.39762067471089,2.9163777606469905,1.0833333333333333,49.782177046761944,3.3732068920949194,-4.566037735849057,26.384369960818045,4.871936348277653
IPT,1.9090909090909092,24.47224773270549,2.279328464221874,-0.66,26.203761998177722,2.0516711901701576,-5.3,4.056544780420347,-0.8269328679690873,-7.275862068965517,9.407051123356268,3.6314625192716146
ISN,-1.3793103448275863,12.1696748198822,1.3749316830776788,2.8455882352941178,23.88239043698828,2.802392159094088,3.2222222222222223,34.79007338809745,3.0120801577329033,2.5714285714285716,29.85525388894409,2.918919683625432
ISP,21.52212389380531,32.41667817683095,2.119960584568928,7.16243654822335,26.312670341374492,3.0258548316588563,8.46875,27.81970567101757,3.715961819999753,7.48,25.654450680040995,3.3586376250385843
ITH,20.543478260869566,42.425729364116954,1.8838050687584298,7.666666666666667,36.372406813422856,2.6404118393199894,-1.9545454545454546,18.862975357124,3.1328101550245493,3.098360655737705,28.10090037157865,3.144891603809456
ITO,-1.5614035087719298,7.274680405617924,1.156106664417776,-1.126984126984127,11.139265979068428,3.1754754643127714,-0.7868852459016393,12.210434169791908,3.145782435788147,-2.4581589958158996,9.959947376360306,3.619499108217175
JAC,7.421487603305785,27.281480918416587,3.5278486787075085,6.593908629441624,28.97445682927338,2.737344076845167,13.145299145299145,30.578126325986958,2.1942538357092842,11.87864077669903,34.8686074568883,2.2415987575406637
JAN,4.5,23.72960144971689,3.440034927647115,2.6960950764006792,23.38078027111549,3.57726662054788,10.789473684210526,29.721584811289368,2.2304100739534114,2.575221238938053,23.01356814221466,3.291635783586518
JAX,13.306695464362852,31.860846292939158,2.576856754301229,5.5499773857982815,25.118571553281374,3.2019357061079785,4.721698113207547,22.699951110497064,2.9887344123921378,3.5700337964701463,24.566892143556668,3.5845079286956727
JFK,28.43979721166033,40.30489994093324,1.450250598680477,8.17595723791862,28.704592885733067,2.8206757455600044,4.667658308542286,24.469508556128297,3.73126063949636,6.869604048824055,27.337162082021337,3.1201261464840044
JLN,6.333333333333333,15.922159134839456,1.2096562599438325,3.2962962962962963,18.576338804572075,2.813612776014278,-0.6428571428571429,19.590449568238967,2.0123046657442285,5.067796610169491,38.59465051674445,3.188385638320765
JMS,1.2777777777777777,37.20816728109973,1.978157491528207,-9.43421052631579,21.58724038334731,3.13713549817153,-2.8666666666666667,17.19994462892527,1.0714623581619942,-3.8636363636363638,20.72448300450932,1.6612889951982501
JNU,-1.4545454545454546,28.4741079785623,4.158313296337758,-8.511111111111111,19.628128061073028,4.384522401986203,-0.7611940298507462,20.589118597290582,2.5915851333015825,-2.664259927797834,22.707319908774767,2.793689983339229
KOA,1.6426116838487972,14.930509335506816,3.210416432354577,-0.7356418918918919,15.299828338203568,3.6855783285692123,1.7086092715231789,20.174023429035227,4.014085298037787,-0.8410819949281487,18.399268989172118,4.322868534058056
KTN,-0.9487179487179487,30.348804466133696,2.368811400034341,-8.488636363636363,20.587094053276225,2.712001118513637,2.3823529411764706,24.357208759181013,2.105102387654407,-4.2439024390243905,24.710873380055737,2.6432639878791737
LAN,5.733333333333333,27.965873669350835,2.964304910364471,8.84319526627219,33.55754565626253,2.5129957868532156,2.5142857142857142,22.81732297495197,3.246355249054459,7.439344262295082,31.983709251169266,2.7613638611694538
LAR,6.166666666666667,31.74281116420001,3.236145552163464,-2.6481481481481484,19.734231734889434,4.034031763318057,4.6,39.91156891595886,2.8580244271683606,3.06,35.67278159800235,2.7854344969344416
LAS,6.8142131979695435,22.18933578458731,3.032683415893081,4.1510802351324525,21.468190170705615,3.495190640961894,9.271024967148488,23.990299581426807,2.7082619164881496,5.01562382066571,21.59098013403593,3.3432301318843853
LAW,-0.21052631578947367,17.132097709557478,1.7294136438863126,-3.6666666666666665,11.780768941539112,2.7171087512426437,13.588235294117647,31.755036654697417,2.213084844140352,3.195876288659794,27.013746182598762,2.6516255642148163
LAX,7.4765625,24.63879927085411,3.1038051116513716,3.7125220458553794,22.09844585315344,3.162680246301355,8.003573680891318,24.99556284949472,3.10363971959355,5.88149572433335,24.494546713334937,3.2979960931565344
LBB,3.983739837398374,23.627569247003056,2.931674077021012,0.99644128113879,21.76007533485448,3.76371528806,2.744186046511628,23.222860191309696,3.574485084944066,-0.12095400340715502,19.25101000256977,4.081209014997479
LBE,11.45,42.532309700051,2.5641060973482976,-2.7,24.930667906159094,4.142159618120987,-7.666666666666667,9.456919865015951,0.8761953722954782,-1.8051948051948052,20.681188350921435,3.0248848081973225
LCH,-2.8,12.24575929412526,2.002059087670344,-1.8840579710144927,24.0285938131833,4.439589265228562,-1.6153846153846154,20.099247674602655,4.229460942165263,-4.290909090909091,17.371134657542257,5.143049381383179
LCK,35.0,38.54290538549937,2.0218994792855915,15.083333333333334,26.55492959347258,2.704691660822651,27.533333333333335,50.904485722445585,1.6666558712022943,23.675,40.28576608081257,1.7403441314024475
LEX,10.416216216216217,33.73497663625467,2.1690650383371795,4.405535499398315,27.012409788361005,2.8486014228271612,2.093264248704663,21.95928064570158,2.5397189944548333,3.039260969976905,25.78323748886009,3.0203104352626156
LFT,2.2025316455696204,22.519723404752334,3.967493496114694,2.4615384615384617,24.726155975353464,3.187050452886866,2.3417721518987342,18.513256564259198,2.759338968257721,-0.45232273838630804,22.358121319878567,4.10930218142282
LGA,14.801334702258726,31.737124194652186,2.486989149268984,8.867728254781147,29.821154316738635,2.6946119680655456,1.1354612689762553,18.81112942222137,4.522054711759613,12.97322943990125,34.72601514226924,2.269644683423156
LGB,10.16060606060606,28.98571537292474,2.8081756733749637,5.257200267916946,25.288751156427022,3.0616650010707143,7.653061224489796,25.347321973164256,2.723191769682719,2.669879518072289,21.705484816675973,3.406174153189647
LIH,1.3297101449275361,19.008227536977163,4.3509322865372315,0.003590664272890485,19.846807407599396,4.870381468415061,-0.7422680412371134,15.058239822847463,4.607888695696622,-0.574468085106383,18.93086812928895,4.669119944055307
LIT,4.72972972972973,25.51299764424796,3.7715825136422607,2.215256008359457,20.986388726520467,4.1319870876393185,6.172413793103448,24.40438496059755,2.8431935987846493,2.1104129263913824,22.14112660098567,3.8136958863992834
LNK,4.719298245614035,29.426515245586707,2.6515800474896256,2.676470588235294,24.820544797219437,2.6009550321225645,-0.6779661016949152,23.06321199477802,3.5482195315850382,3.0815602836879434,26.12637805546465,2.8359704828611134
LRD,8.771428571428572,32.484462995937825,2.4500005072646363,1.625668449197861,23.433708465096117,3.4914081679650866,16.594594594594593,43.890937725394,2.040210291178721,0.11702127659574468,28.247703567815208,3.877804952483514
LSE,10.1,40.5201950500803,2.4729519723847164,6.528169014084507,31.72995400281692,2.5240733374324242,-1.2571428571428571,20.722739509367702,4.177729701852901,0.9253731343283582,26.455133494382306,3.42446562617171
LWS,-5.757575757575758,10.600796853981965,3.121136842414139,-6.75,8.143845665422587,2.6199504690398623,-8.125,7.667028976946241,-0.39681701465706487,-5.6875,14.495620575643384,5.076460005055633
LYH,3.3125,23.309194503180432,3.345817954395812,1.078125,22.196903158830953,3.13458272097438,-3.1315789473684212,22.094601337212573,3.351555974190862,-5.372670807453416,16.14110431312569,3.5711201974994577
MAF,6.415584415584416,26.11980975085638,2.6629800178154115,3.624123422159888,24.78143971446825,3.404507730017314,5.738372093023256,23.402057532397148,2.4178391090682894,0.17861799217731422,18.947451358166028,3.338123959297597
MBS,10.291666666666666,38.70123332650922,2.2561901896795677,5.953586497890296,33.1710059128295,2.527820130806852,-3.2916666666666665,13.49540242174433,3.1209733231770658,3.3228699551569507,29.271850494389575,3.1347265949958043
MCI,7.004206098843323,20.564916040766967,2.977382497687813,4.0413824465666215,21.64614250145392,3.41308097553235,4.686947988223749,20.499871493397666,3.266063059923237,4.396200185356812,21.86849190157777,3.3884813527116693
MCO,14.766228594185584,30.068565578194704,2.4962688962591573,7.829168154230632,24.87452225362317,3.09788948584736,6.214755801870454,23.302857422089875,3.3485913511325376,5.8263621589256696,23.594491816319483,3.301311975665969
MDT,8.124223602484472,24.77770110501959,2.295248442866695,3.771353482260184,25.2267145238074,2.934588831862557,3.6373626373626373,32.12957759669119,3.7905480878883013,4.0,28.898724984547076,3.3017941882096222
MDW,19.626675175494576,25.218642947094047,1.851539957106685,10.67240577012564,23.133313411997452,2.6059378263522994,14.968305304010348,24.70603148139749,2.2717511378385566,12.68656450463293,25.25390461423292,2.537707448575962
MEI,47.07142857142857,51.62954474048642,0.4398509660310998,12.175,40.76942730198262,1.662617381727169,15.647058823529411,45.57266337464625,1.952281690356721,13.692307692307692,46.211627168002714,1.8125996869941277
MEM,6.522167487684729,23.834889899577146,2.99075777447428,4.023978201634877,22.552047458704894,3.1722156637959245,2.652542372881356,22.180260200619898,3.6837530214345935,2.9682539682539684,25.067415405110086,3.515119030361034
MFE,15.36986301369863,33.26931638132912,1.7648433043208205,4.503086419753086,27.969410364559263,2.857720218595216,3.4,25.392275927290896,3.10844990193683,0.11528822055137844,23.72024434557336,3.285828532866525
MFR,8.262295081967213,29.497388392225396,2.897194824411677,4.050724637681159,26.40892233975609,3.126786409625727,12.711538461538462,37.37499761404839,2.3724123208095356,5.772939346811819,30.282286884896603,2.9779073647842167
MGM,8.864406779661017,27.121347761189927,2.546943940970183,8.498181818181818,29.70541184754919,2.3110579496164294,5.631578947368421,31.806432098036666,2.9302747197012398,1.3387096774193548,25.831264753431007,4.011641792123762
MHK,5.21875,24.703055021987765,3.491875856806621,0.5255474452554745,22.715011974453603,5.033456545626191,6.545454545454546,30.961761607153136,2.716188635916387,5.223140495867769,28.32828021703924,2.9414766009029494
MHT,9.494117647058824,24.950423520097434,2.7113849162373302,3.240867579908676,24.033171764771637,3.413512082613609,-0.5706214689265536,19.760981876546985,4.162659323297795,0.9518716577540107,21.736780819642487,3.5460987364926706
MIA,11.529651162790698,26.87097224485503,2.517550008184254,4.993962462265389,22.072869492635455,3.4369062451800625,5.768814293448836,20.803422447714773,3.2257901262711917,6.1724718373688985,22.403646367639688,3.24938627579056
MKE,7.21939586645469,23.36792821499572,2.867549663413409,5.64625850340136,24.532346721689695,3.007088272691927,3.8756137479541737,21.329597178831577,3.7438307554563472,6.89325626204239,25.93622027142435,3.047494641029278
MKG,0.6363636363636364,24.14652242983543,2.086307619026027,4.25,35.11710102377082,2.074061081855522,-6.928571428571429,16.410429543500616,2.9631987413729144,3.234042553191489,31.068796569211038,1.8090068462898268
MLB,11.5625,30.45743891246247,2.496479786834233,2.5235602094240837,21.671670081013662,3.388567195277456,-1.4130434782608696,23.28144333723178,6.030046504807609,-1.4134615384615385,14.691093346264548,6.060369187069305
MLI,12.193181818181818,30.075712106701356,2.454129308274613,7.394736842105263,29.47910220382877,2.5464899808896133,0.8083333333333333,18.075609562734687,2.777718793203146,6.515991471215352,25.271226588732752,2.434424286036377
MLU,8.442307692307692,33.0165813728576,2.3117819148572623,4.570776255707763,30.078769141445736,2.600953264440963,4.22,25.603164664086478,2.622030838254573,-0.26666666666666666,20.60426446844717,3.505179638772645
MMH,7.76,21.178369468241254,1.6287998149212806,6.862068965517241,26.68688921801721,2.5361183372785656,18.823529411764707,34.05369894394302,1.7398797966437594,16.281690140845072,39.4393505809296,1.9113784680943233
MOB,3.1333333333333333,24.621481818663533,3.5886359515142714,2.5547024952015356,23.197342809488674,3.238196387760519,6.3584905660377355,26.5990292265554,3.7326607365224955,2.013752455795678,22.95514728499054,3.7757928071586866
MOT,3.0,16.26904478393917,2.123597443332194,-1.7880434782608696,17.397433027102746,4.282299076894364,9.777777777777779,33.96180266717361,2.551904882624953,5.608465608465608,26.67685131415203,2.898684848371123
MQT,7.684210526315789,14.345160359194113,1.2782976547749647,5.926470588235294,25.753316654377056,2.740024515344081,3.3684210526315788,20.388478571966377,2.1570478755391633,4.195121951219512,27.6519099531844,2.7753398087114487
MRY,6.985074626865671,32.147619986986285,2.7095793344051406,4.101694915254237,29.05735292524515,2.984661459045856,3.367088607594937,30.80633352096397,2.601344702793474,-0.47230320699708456,24.592318422252934,2.915519206852604
MSN,12.770731707317074,35.06578022929807,2.301556054545558,4.644398766700925,27.430701349322426,3.1225187172238296,5.536679536679537,28.72594386521167,3.152166104475914,7.0749782040104625,31.419271771221954,3.045571073874227
MSO,2.142857142857143,15.972595578797124,2.3462975237452133,-0.4972677595628415,17.240244195244735,2.8893935980768277,1.02803738317757,14.4362345113438,2.3874674947106156,0.30843373493975906,20.146835409301563,3.9715292564341786
MSP,6.440645409143296,22.309847094267706,3.6388235144568144,5.914963630065812,23.549513525267564,3.392337674399793,1.8347296268088347,19.188153812362227,4.954364878888557,5.067598282683727,23.47933627840311,3.5923557525102896
MSY,9.068341708542713,25.158278690799246,2.8371274948061793,4.877866061293984,22.645985643045012,3.2068956888112212,4.988450433108758,22.632735456926024,3.5094695919106447,3.7550566792620583,22.63943049974364,3.7714166791949495
MTJ,8.081818181818182,32.70303743101465,2.1499385281660235,3.2607361963190185,29.512909166267363,2.7111124975146312,15.445652173913043,30.649153988802624,1.5235137405954733,6.822222222222222,29.91229453707545,2.398325306657783
MYR,9.923809523809524,29.4721822030457,2.360247021374632,6.118012422360248,29.153986414248195,2.4695634965555717,-1.627906976744186,15.515148730072783,2.684178471763417,1.1896243291592128,24.30916091392102,3.4123703529255556
OAJ,18.571428571428573,30.743039111016863,2.287113508137043,7.847290640394089,27.407835297453488,2.627383173412953,2.25,23.28571614254512,5.584092110105759,0.04633204633204633,17.660607855543994,4.577807493298618
OAK,6.588645418326693,19.32451293454241,2.970257247903178,3.240740740740741,17.804593107210955,3.85005441501238,10.486166007905139,25.602585612272435,2.67825852332453,4.215876777251185,19.16636868612437,3.5383664941146735
OGD,2.0,0.816496580927726,0.0,2.111111111111111,6.524964628156448,1.0349765602695926,77.0,0.0,,35.875,39.01075858932104,0.5410435813982744
OGG,3.4376237623762376,18.726322889063564,3.8456760911519274,0.31073170731707317,16.446892569984424,4.060354084549741,2.880392156862745,17.742964178568972,3.562633725878036,-0.08554857419043016,15.74700023476836,4.016411676036983
OGS,12.0,14.352700094407323,0.2056377051889823,-0.4,12.181953866272849,0.9299472412166547,29.75,30.609094509094298,1.8365449586220555,25.666666666666668,31.38072656902641,0.45925345524029787
OKC,4.540983606557377,22.920665009468134,3.292496565774561,2.848058525604952,22.32314094185867,3.6191519334220104,8.245901639344263,26.37367713914895,2.4465162933081928,2.1623342175066314,21.955590258362957,3.627951100980607
OMA,6.2505494505494505,24.896147171210398,2.939840135354914,3.3562753036437245,22.824716584941513,3.3111747075157307,3.597585513078471,23.38111301395643,3.492381221200151,3.503441494591937,23.594838780399908,3.582295682479538
OME,9.272727272727273,36.452958478265955,2.2442878682854146,-7.086206896551724,23.088148765765673,2.929836816024203,-4.928571428571429,19.112880416153864,1.919061067178305,-8.491803278688524,20.274469126481602,2.743198667140613
ONT,7.949880668257757,25.109804195416128,2.8186810262843855,4.895564289724874,22.073251072229727,3.191661350867067,7.101234567901234,21.108210674474744,2.8537188279408117,2.968421052631579,18.919717281477137,3.577745041108302
ORD,18.34105697508332,33.552025625601814,2.0061186030388867,9.027769001228718,27.697825456022265,2.666093001576986,8.32674253200569,25.79034525074275,2.7147858463857935,11.958513885225518,30.596970308327414,2.3692344522354465
ORF,18.861003861003862,31.40279675362686,1.7423398048125494,8.293627159023227,29.24332021167814,2.6318129123771925,3.2688172043010755,22.986287040688943,3.545445993629246,5.061183550651956,27.969632084094876,3.1026574992522304
ORH,48.55555555555556,48.14590094470949,-0.10360210391829072,11.018867924528301,34.14532886514851,1.5462367314045822,15.806451612903226,40.00034946083906,2.3029633119465234,4.318840579710145,30.04959052327894,2.9999436315039136
OTH,35.0,30.692018506445613,-1.3301106013810255,26.625,37.1265852635727,0.49452901108007374,-11.6,5.770615218501403,0.6067813168819841,4.48,28.444565971962618,1.530618683038253
OTZ,1.4615384615384615,35.61042774388654,2.834365219651384,-5.11864406779661,25.25667187085064,3.0400066045669343,-4.642857142857143,28.25054701405632,2.3179098317793385,-7.131147540983607,27.04839823343585,2.802388336855725
OWB,23.5,36.062445840513924,,2.125,21.222881856282246,1.8768355815305862,35.666666666666664,62.1718049708494,1.6337684908062238,20.375,42.617694179094876,1.5783162566961857
PAH,-5.9,6.279596590015422,2.0609757616836824,1.875,19.22390466680216,2.3097118613955647,-2.5294117647058822,18.947683390914918,1.9250714386288366,6.7023809523809526,41.0875585079265,2.216176011471862
PBG,10.933333333333334,26.579978143242297,1.9427357196067492,5.266666666666667,20.46068298035525,1.7197002151596559,2.4242424242424243,25.80580155584,3.5883377101316336,3.990566037735849,28.900649286830205,2.727348073855583
PBI,23.23228346456693,35.573813878030535,1.629624009434037,10.390315789473684,30.470594172241128,2.3913410931354013,5.453125,25.180487075269728,3.2458217705834587,8.175491033304867,30.125062356238217,2.8275189131671277
PDX,1.1834983498349836,18.26393511624697,4.05958698586575,-0.3695685551972977,17.441061897832487,4.184700672061536,3.946969696969697,22.66777199485439,3.8972589352284177,1.1187824795842614,19.474393466637785,4.288500378877713
PGD,13.235294117647058,32.60236779064065,2.7667070393672284,3.997518610421836,23.850748474264126,3.3987943358026973,6.081967213114754,25.805243289340567,3.334267959022011,4.903147699757869,26.808930456171872,3.0746981897478673
PGV,-5.444444444444445,5.456901847914966,0.8272567818969567,-1.3846153846153846,17.626223664862554,3.6096549607718016,3.433333333333333,30.61516790329797,4.555984040715929,3.965217391304348,28.281148154929966,3.4227112980732994
PHF,21.934426229508198,40.02493758165403,1.850859898516012,7.4037037037037035,30.554783287901397,2.6176533236843222,-3.9130434782608696,15.932522353419108,4.090027694991514,-4.227586206896552,15.705219121306524,4.7886014868132385
PHL,18.038676407391492,32.67429958621017,2.1489862128709407,7.059850598505985,26.74890947978102,3.0100466996619057,1.0689407540394973,18.59470906562816,4.225233615119969,1.8956491289503632,21.16811499478159,3.8313303734683313
PHX,7.139169139465875,22.015832086787228,3.0794292566665638,7.004762233418456,21.84101334925738,2.870037091195796,9.42470051340559,23.566826832288893,2.8006109773785686,4.340743266280259,20.863244712747125,3.6594398642784665
PIA,18.483516483516482,40.57650185824922,1.8557379764203072,6.656319290465632,32.457210446645405,2.801539960321537,-0.5,15.558735727100151,3.4482135365683666,7.8847117794486214,29.707903654623596,2.7011503195528626
PIB,51.90909090909091,60.5383424706269,0.3728987411814703,13.037735849056604,43.77431731407697,1.80484257659054,24.416666666666668,56.24856900536684,1.8622401043746672,4.892857142857143,37.61608871041925,3.0670791005157474
PIE,4.577181208053691,24.40485696233594,2.7229192762112437,-1.3740875912408759,20.519323039417507,3.693099981961115,-4.75,15.604535678524089,2.6640559541683806,-4.122222222222222,16.45322449144054,2.877149027327751
PIH,-5.5,7.540088936907216,-0.016209271427189326,-3.4367816091954024,11.862292367801121,2.0316828578329744,1.7619047619047619,24.2175654472219,3.6394435436182917,-4.397849462365591,14.537911297367845,4.582834917170488
PIT,8.003807106598984,25.08392491561879,2.8514162574783093,4.320032137118372,23.597439562872584,3.2728996278369245,1.3826291079812207,19.36947526814033,3.8694052569076645,3.948116934421912,25.10578661081458,3.423947476759491
PLN,11.117647058823529,24.145088405670563,1.288796339593546,-0.9491525423728814,24.965786056268367,1.2305967504609334,-4.384615384615385,16.66102468606729,-0.16508888705823827,0.13114754098360656,25.65311898505135,3.1016891740151875
PNS,2.225130890052356,21.468865997523473,3.5860556905080117,0.50480109739369,21.8480087229834,3.761517639708269,4.355450236966824,26.51489619352609,3.530559433229801,0.11896745230078563,19.82625060028325,4.148866326665738
PPG,2.3333333333333335,32.145502536643185,1.545392525695021,-0.9,21.01031492703842,1.0528264107289398,-0.6666666666666666,4.041451884327381,-0.7221086457211353,3.0,6.723094525588644,0.6274326605836898
PSC,2.8640776699029127,25.374083019726,3.348197748608795,0.49469214437367304,22.95322425459262,3.341284954462972,5.352459016393443,27.870990318632053,2.815321409276491,2.341747572815534,24.877045989697205,3.4302790843037965
PSE,14.529411764705882,45.30468746037603,2.0331630427602025,2.703125,33.51980210169069,3.080834751183591,12.476190476190476,35.08934175446876,1.8037085308431364,12.421875,37.57354890585866,2.0809216824579693
PSG,-3.2,24.146773421446326,0.1698394524793322,-11.631578947368421,25.578053915520293,3.68190016972844,-8.416666666666666,14.494251734164592,1.6499598037458751,-5.254901960784314,17.771711383268524,1.682014999841248
PSM,54.333333333333336,39.80368492154129,-1.205659496507522,15.25,29.290499028410785,1.4504368891492412,7.0,16.665833312498957,1.626122197945918,4.580645161290323,18.278902581114995,1.849052951933713
PSP,4.827586206896552,26.437634156181332,3.244551858785712,1.8567164179104478,23.808904038575708,3.2983830735786817,4.886925795053004,23.412912545197884,2.8292657656113755,2.941832669322709,25.940595149349218,3.259168159621156
PUB,-7.25,4.575130400526108,0.16617244094983472,-8.075471698113208,4.070763756555223,0.9774022253492161,-4.352941176470588,17.320295813259758,2.9459166402698242,-2.3544303797468356,21.849155340526316,2.4295145976128776
PUW,-0.5833333333333334,12.229389641944229,1.6919081686606527,-1.102803738317757,18.869429493850152,6.473644293103552,10.148148148148149,20.42755247906367,1.989668540408103,5.872549019607843,20.087270767914543,2.2786807608380726
PVD,15.65529010238908,31.14835162970497,2.4473954995619636,5.635437881873727,25.274783765451485,3.1371479088781196,2.5935672514619883,21.546138575871424,4.598790433636889,4.531386861313869,24.157704866775205,3.3253310299403873
PVU,2.375,9.63531451039797,1.8966942095919501,2.5294117647058822,21.259201635737604,3.0022302128769445,15.285714285714286,38.174555705295425,2.9159705230746322,13.266666666666667,27.590676949749792,2.597069734879919
PWM,15.497005988023952,35.46623614995736,2.3256471187025656,6.739285714285714,29.89943222144848,2.7806615979731477,1.9087136929460582,26.812465361379708,3.7881983852424153,3.588675213675214,27.84534523562584,3.398545082151483
RAP,13.5625,38.4041940450931,2.464463165067073,6.0508474576271185,30.2063333724897,3.107192678028446,12.541176470588235,36.41609826553573,2.203046468529956,7.091482649842272,30.430370146042787,2.7269908227974637
RDD,1.1428571428571428,30.785200526041265,2.801720190270875,6.930232558139535,36.260427529900454,1.9590635933414033,2.272727272727273,36.83836227446783,2.261298208976415,4.621951219512195,35.762812689361844,2.712617764079911
RDM,2.8541666666666665,18.49360832696121,4.125352708013431,2.299826689774697,24.163617982365338,3.7223941984030793,0.5960264900662252,18.26296025947857,3.547185341726053,0.9256329113924051,23.534494518586563,3.938128228950637
RDU,9.52178318135765,26.390580901258776,2.8892669479086477,5.977214101461737,25.492717518185447,3.0975204868127646,4.630849220103986,22.205355959237977,3.3351703472575718,6.311481922924116,27.604547566713986,3.1280269807475545
RFD,15.2,46.017388018009015,3.1282051274396743,6.520833333333333,31.066154247288353,3.5368896029831585,14.6,21.754474088268438,0.025037814520378388,8.08695652173913,20.99505347769805,1.0871744466819329
RHI,-6.285714285714286,5.090391724817247,-0.667408489710645,-6.163636363636364,13.473930434242316,4.39060099616821,-4.538461538461538,10.063261437984744,2.9098143107926653,6.433333333333334,37.0544110536259,3.1173192564899557
RIC,14.43298969072165,30.807783578556084,2.1822001702309692,7.2481203007518795,28.567172423015588,2.641612396328774,1.795131845841785,22.87871469311606,3.6753118828495723,5.128133704735376,29.120348922435184,3.00084550427416
RKS,-3.0,5.552777082985894,0.1346029448418335,-3.3454545454545452,10.578136399998334,2.701252617574621,7.5,26.146775062210754,1.9609564175792515,-0.22413793103448276,19.738681503317622,3.063417703887646
RNO,2.8564476885644767,16.984536037922144,2.579137750042534,2.340828402366864,18.807202978125492,3.448972706333207,9.292270531400966,27.97870321464389,2.8378450395787675,3.3715393133997784,22.39456920118721,3.7195065540675083
ROA,13.044247787610619,30.75867745755745,2.1237734989911594,8.876016260162602,30.55206357315569,2.3103828626861413,1.2777777777777777,21.542010635551687,2.854632576731067,1.9777365491651206,24.849125886453212,3.117303852604562
ROC,13.881118881118882,30.021860926340906,2.332179113505087,6.587813620071684,28.301867265199046,2.7581317540944146,1.3962264150943395,20.25983232666081,3.613840680296172,7.056589724497394,30.291033668416564,2.7925141687507256
ROP,-13.571428571428571,8.017837257372731,1.0532072644252573,-9.516129032258064,16.39892469593039,1.7626737969355346,,,,,,
ROW,0.5,29.090629176460812,4.112693281132953,1.3529411764705883,29.90170267638618,3.53007342001827,20.125,51.88391096853923,1.772387344104085,4.390476190476191,36.90645535521458,2.964987577682094
RST,5.464285714285714,22.203164627604764,2.14273821239371,5.365131578947368,27.68555582434208,2.8628242462911784,2.6363636363636362,18.95795864021746,2.49405944908494,7.786206896551724,27.8869904822614,2.5539681286901366
RSW,11.164141414141413,30.749357071715263,2.42109933361124,5.399440559440559,26.419655731599743,2.935157023708718,3.2542759407069557,22.734277432856526,4.031856275773282,4.831724137931034,26.242508400770255,3.239377587628562
SAF,-2.025,29.522253666318587,3.5769099428656568,-5.561111111111111,19.663698762894654,4.491297755534423,12.303030303030303,39.9088687265162,1.8985161846446943,-0.7329192546583851,25.666066548064762,3.0093596162431218
SAN,9.139604553624926,25.8759315236694,2.8500970332483804,4.382308640284815,22.52328474780654,3.416159427263579,8.376385809312639,24.568053627270366,3.017784614656517,4.389781784920946,22.711416794519266,3.5592388161950814
SAT,5.139695712309821,21.237833105849916,3.426949054669224,2.7338501291989665,20.02974115401284,3.752776289128904,5.338501291989664,21.223303378341722,2.8636182060497575,1.7293301146650573,18.330271567927063,3.9458456319353776
SAV,13.679558011049723,30.488924616129122,2.264887546876883,4.433260393873085,24.566525209736955,2.9345728285643236,4.694078947368421,25.36314140092114,3.3286465990007623,4.534313725490196,27.277331014300497,3.2516945429153368
SBA,4.3076923076923075,29.817103844901045,3.296131045699707,1.702803738317757,28.231179995875777,3.073276791857472,1.534351145038168,24.023801566178776,3.756989367317569,-0.6750448833034112,23.04789286096922,3.357213769500344
SBN,13.527472527472527,31.532466746140535,2.2134115645857384,8.299760191846524,32.33001143466287,2.6990062667237162,9.693548387096774,31.07587813627685,2.4414447327705115,9.922772277227724,30.5461525685916,2.4617744955795366
SBP,8.963414634146341,27.18770833469829,1.793628303858501,7.183561643835616,30.669395444810657,2.5001277772157025,9.785714285714286,37.084751982508,2.476648343066811,5.534825870646766,32.608767254220574,2.8194229803129027
SBY,6.76,23.852463185172304,2.418519975010267,0.75,23.94244642347019,3.080041561386181,2.5,27.94330995835267,3.3479147106339657,-1.3557046979865772,22.906706744055406,3.7281430998614704
SCC,-14.705882352941176,8.394676184064165,0.05240721138443505,-9.705128205128204,18.6826601837584,2.6618228006185305,-4.055555555555555,14.798538171932513,0.9260183523611131,-12.0625,13.177794661926509,1.385259367975211
SCE,13.757575757575758,39.0479234574686,1.846480534125669,1.6539682539682539,30.288805321989585,2.772769834531957,1.1904761904761905,27.60324591986746,4.174941459489447,2.81875,31.621561604500332,3.0774718000427974
SCK,32.0,47.61302342846965,1.3067673456395208,23.153846153846153,39.36973086651755,1.8031978623522023,24.923076923076923,28.134976862917853,0.4547747040391037,15.788461538461538,25.436839533044676,1.062447094766015
SDF,7.927461139896373,26.38456696247235,2.959138049052241,5.846496106785317,25.075041886553123,2.8864743428439903,2.3403361344537816,20.931208909499034,3.7442883010734835,5.8882205513784465,27.073528851720326,3.106157888027423
SEA,3.2327373612823673,20.027080673730957,3.9256265042278407,1.0982679645004294,18.143508280164177,4.005409038438743,4.567789165446559,20.216810019975263,3.708978112350114,2.5778629611883086,19.480024735526275,3.9825709875136135
SFB,13.946236559139784,27.471996785482762,1.8783668240721498,7.453651685393258,24.59049907737309,2.7767808937558938,9.870967741935484,27.46179055092445,2.343817698561782,4.236151603498542,24.42894488282152,2.755253511995531
SFO,7.269723131884489,25.436157400213173,2.8250772923308047,5.2032183261893055,25.200969167579455,3.033131441186927,12.680560078150439,34.15279725113433,2.392045724494016,9.015762352227949,30.747465718025353,2.687351260592861
SGF,10.313253012048193,29.741686981496088,2.4730891591358737,4.319775596072931,24.673801416767276,3.096588393168443,8.682795698924732,28.58730439692346,2.2286360175290842,5.953002610966058,25.343813830386186,2.656752628901636
SGU,-0.2413793103448276,19.72380371915735,3.8391314710873363,-2.1962264150943396,12.220790194535104,4.219465907900369,0.9859154929577465,25.18133830424341,3.9532555449046125,-0.67,17.55319959590022,3.963710284540749
SHV,5.563025210084033,26.23028352537183,2.82119631544281,1.378585086042065,23.244042624604116,3.608501019141987,2.9051724137931036,16.332937353051673,2.030729979817062,3.106299212598425,22.94991802516888,3.407570645352497
SIT,-2.0,26.267851073127396,3.1281102434529084,-7.771084337349397,20.3429890249297,3.119288434097503,-4.2105263157894735,14.030042953004736,1.0654707358210287,-5.9,21.46979037471435,3.126953481070904
SJC,7.871934604904633,26.544489974026146,2.8613905843582925,3.0552235730475994,21.13322480015582,3.5245888355446806,7.186482084690554,24.78731528143234,3.041233354128398,2.6816102470265326,21.33150119503697,3.688684378397565
SJT,6.147058823529412,34.77384279314691,2.529040547839818,1.664,25.301072271042504,3.7403836689838945,6.758620689655173,34.426583553591456,2.6555104782488708,-2.969465648854962,21.31302921519269,4.085289679811375
SJU,15.342465753424657,35.39876241023362,2.033764408807918,6.108324439701174,27.35334637667814,2.6903377746353248,7.977031802120141,25.001051355359504,2.6077536269840347,7.208035714285714,26.17576429838011,2.8557624590598496
SLC,3.9215496368038743,21.12026391845184,3.8621721765914194,1.9985153764581125,19.718837078048047,4.104690183140042,5.617272727272727,23.179350390153047,3.5104808168394364,4.114836978951713,22.623164514249076,3.762044539273892
SMF,4.843783209351754,21.93622371281083,3.3119467719308626,2.6258145363408523,19.840428484092254,3.8957060325379493,6.745310957551826,22.374734529903247,3.2685452983978873,2.6758920402561754,19.190323830430284,3.8943529982970126
SMX,0.75,6.18465843842649,1.9645914027997513,-5.142857142857143,7.882377061005654,0.4236995307988297,10.75,28.77933286231632,1.7632530345083,17.0,41.02438299353203,2.157549114780743
SNA,5.5964285714285715,22.892925589729032,3.4375543935212094,3.1142290249433104,21.088731799990658,3.4872211505727737,4.882860665844636,21.010869372933815,3.076059155362778,2.3757273482959267,20.13406090329995,3.722124443497052
SPI,15.090909090909092,39.00589990338292,2.313525679244803,6.037037037037037,30.84661315921313,2.674562107906187,4.454545454545454,31.16998847959655,3.491408366704737,3.5925925925925926,22.9908706127759,3.361936578975532
SPN,-5.942857142857143,11.547708856389342,0.10669176555057217,-5.058064516129032,24.383632659719154,3.027990247441059,13.777777777777779,29.785809447527935,0.3414507609305954,6.024390243902439,22.76454239039086,1.122070532060541
SPS,-0.6,9.005261619858985,1.8416217007206657,-0.19767441860465115,18.834773702128643,5.093724610237899,13.0,44.32224654122958,2.936007157468102,0.6296296296296297,24.080305461333147,4.782545851270679
SRQ,5.327433628318584,23.67127647513064,2.9631741647922394,2.9718614718614718,21.83067525778127,3.5079884687564076,5.790849673202614,21.66419966903051,2.2677224904919546,6.064714946070878,25.470307148785945,2.713168097074641
STC,3.75,7.58836829188814,1.0658784006072572,17.333333333333332,46.34525167631714,2.415927755603779,10.0,15.121728296285006,1.648430206800357,3.6875,12.493831811471344,0.9601415732407653
STL,11.24646781789639,24.42923649086189,2.488667200158876,5.800209570380719,22.715508196380497,3.087132637221283,7.043906131718395,22.569949407247858,2.865063352234677,7.301056022910328,24.96721668542751,3.0819430688699385
STS,6.8734177215189876,33.945796570946634,2.6608992648197036,4.149681528662421,28.735766859836065,2.8465286600070923,10.229508196721312,30.648759323787175,2.026797773034816,1.4039215686274509,23.104128894254554,3.104549433590222
STT,-3.4827586206896552,16.256033362713524,2.1187409447978167,-2.9076923076923076,18.865680317923342,3.1618582522799548,6.809523809523809,29.424797423006464,3.5454319911522387,2.264094955489614,24.480525274291853,3.5393524239408336
STX,10.571428571428571,27.64916256374125,1.7683323823866313,3.719298245614035,22.254564520139652,2.044720929939005,1.8148148148148149,20.311112981353595,1.9598178863568934,-0.5795454545454546,20.263052606664147,1.9622787340217658
SUN,0.5909090909090909,8.898179018878439,1.8644235719031823,0.8830409356725146,19.97051662395658,2.6634324642190887,3.4047619047619047,22.558389844599997,2.691166165994651,-0.26744186046511625,21.175084342840872,2.9958239663525097
SUX,16.956521739130434,32.436621084073764,1.248845444960186,6.085365853658536,24.73374324284075,2.316436137282769,0.0967741935483871,14.638658496619323,1.6589600174987384,3.16,20.265769517622914,2.6933137004578898
SWF,7.578947368421052,23.669608269229485,2.0992962276927214,5.309859154929577,29.92518574647785,2.686031500562162,1.0476190476190477,27.14455646004022,4.798070782680195,5.969512195121951,35.080525032707286,2.997193070624788
SWO,9.916666666666666,26.231342575883026,2.020939517054176,1.5454545454545454,21.162351425234338,3.0855499066189847,-4.166666666666667,7.01729465267237,0.7592318849152073,-5.083333333333333,5.8055837139677005,1.5037718789216288
SYR,16.952789699570815,34.62710722373487,1.9469270343209404,6.186848436246993,30.111023353235556,2.7292569758092577,4.033003300330033,26.155145237740008,3.1754092412119634,6.656910569105691,30.75286958979016,2.7781574697526468
TLH,13.926315789473684,35.833017611915025,2.698554246128633,5.518691588785047,24.700019933208814,3.332898124014347,0.42857142857142855,16.669394886099674,3.4242289997301047,0.5942028985507246,18.588046831124878,3.9770705638050052
TOL,13.86111111111111,26.46415665199984,1.3364186254018426,8.843373493975903,29.065435862616944,2.74736937082198,2.2,25.805187313943154,4.070545229104408,2.3219178082191783,24.827108357601666,3.4671432381661336
TPA,11.643209007741028,27.512994458277657,2.58647165531082,5.905874921036007,24.046287898321836,3.1695100183535896,6.119922630560929,21.9514081316382,3.6043142527863306,4.977798334875116,22.547182784049454,3.5016647905032277
TRI,6.378378378378378,27.627018095356753,2.261326453234787,4.816666666666666,27.375557089773967,2.5314534236649555,0.5294117647058824,23.503236098705678,3.9635277127656923,-0.8090614886731392,19.258472130251178,3.8749937241602446
TTN,18.625,30.33974291255613,2.1540105493700388,10.13375796178344,29.69461997835619,2.2954883501186063,5.682926829268292,22.57037773763461,2.1063757633684728,11.1010101010101,32.343177267018554,2.35691244765389
TUL,1.232258064516129,19.57817930546673,3.808397710802448,1.2124728063814358,20.28442075345366,4.069594019420497,3.281150159744409,21.439483913279357,3.208519907858964,0.34119278779472956,19.51106259537288,3.9218547176774465
TUS,1.3288409703504043,19.11132969489757,3.6160265075956115,1.3352236925015752,19.32880132152155,3.461700023251424,8.76328502415459,29.54885976882513,2.664980851960081,1.5453521126760563,22.295596644580773,3.6911512289624424
TVC,14.846153846153847,32.89957768024479,2.174130622070801,4.334494773519164,27.472547550003622,3.162672946539366,13.955223880597014,40.31784056409953,2.5797186167606356,9.025925925925925,32.74406887571004,2.7055951600437758
TWF,-3.25,10.666598135744765,2.4469445692211025,-2.990740740740741,13.057382607845668,1.614564334119263,3.8846153846153846,18.955372690774347,1.3429781577106743,0.6016260162601627,25.650149342037476,3.9088026234145263
TXK,-2.875,5.7140178508646615,-0.28002844057649634,-0.8142857142857143,12.852894398147756,3.466916062516229,7.173913043478261,29.046439578266956,3.4844968103686758,0.42528735632183906,20.681208290860443,3.733545743407032
TYR,11.130434782608695,38.43684826241385,3.2003946443917193,3.061224489795918,24.297051845482706,4.12587096682382,4.2,16.87700605360244,1.5066602170085348,1.1858407079646018,20.95256064838853,3.822340429106697
TYS,5.186274509803922,24.884677117767573,3.2263289854349892,2.3340978593272173,24.169811759428498,3.075907284958957,2.861271676300578,25.491421747834675,3.466362965697927,1.3518900343642613,24.941993672339724,3.741449405942243
UIN,15.4375,41.79787674033216,2.1919229836355085,4.9714285714285715,36.24512817980075,2.338697931012253,18.25,58.39577610295685,2.27764343762578,5.512195121951219,40.47722937110414,3.2800870512748492
USA,11.285714285714286,17.83008939719843,1.9580264739294515,1.2,11.876197531053876,2.682362008593746,-2.1818181818181817,14.490181778203057,0.9425358054899395,0.647887323943662,20.06211681720358,1.5319775512988554
VLD,-0.5625,8.090889938690305,0.9754321051722799,1.0666666666666667,19.932543899520358,3.7245671852192275,-2.0555555555555554,6.898185799198325,2.679684247753393,-0.23529411764705882,15.877242667853055,3.667262516880365
VPS,8.553398058252426,25.655228475769178,2.538104234524653,2.5311004784688995,23.21302122046433,3.392297432453262,4.3931623931623935,25.0361660007379,3.2163311732390314,-0.34511434511434513,20.32120767299476,4.170368666400762
WRG,3.8,26.216195164227948,1.3629461754244083,-9.642857142857142,17.06184320366629,2.2055587335291658,-6.583333333333333,18.99022874740554,1.8762777374550128,-4.886792452830188,21.031716321709577,2.2762771295820166
XNA,7.6923076923076925,28.509199099521766,2.732880463672332,4.2823529411764705,27.795705755431616,3.419203990490648,1.1629955947136563,21.323775542245965,3.476431052842751,3.6094619666048238,27.10751973651405,3.29441718832289
YAK,-15.0,18.033302526159762,0.9848754868838889,-23.862068965517242,15.172052187298448,1.2281302597138353,-8.636363636363637,37.633157527033866,1.4452755520612146,-10.64,27.252979616166446,1.6410025506738488
YKM,1.3333333333333333,7.505553499465135,0.42681984122025846,-1.5309734513274336,10.981372862114684,2.870193540690534,0.038461538461538464,10.459371947610505,2.5123317416707964,6.114035087719298,21.53357484304178,3.398599812261045
YNG,63.0,67.88225099390856,,63.0,67.88225099390856,,,,,,,
YUM,-0.6785714285714286,9.067865817059186,1.1915939813235936,3.0165289256198347,15.964013421377047,2.160921121710861,0.6666666666666666,12.890067732709792,1.564887044682696,-3.1052631578947367,10.370455329224692,2.9128943706874164
BFF,,,,-7.666666666666667,6.658328118479393,-1.055831893964311,-9.090909090909092,4.908249086070214,0.20953045677219037,-7.588235294117647,9.916000142372397,2.139857594754324
CNY,,,,,,,5.818181818181818,36.69827838419176,1.5383501139590017,-1.3111111111111111,29.520272096416463,2.342931955795961
CYS,,,,,,,16.166666666666668,56.69362104034868,2.2830863523136395,10.241379310344827,48.34966034185157,2.3481709153572656
DRT,,,,,,,27.272727272727273,57.99670837054618,2.3223659426237404,3.593220338983051,31.627202741369928,4.118413756906201
EAR,,,,,,,-14.0,7.0285133563222315,0.6843149262658633,-11.183673469387756,16.662924750009818,4.573242084346123
JHM,,,,,,,3.5,9.482248861860823,0.4878392589878347,-3.3518518518518516,9.700481551602847,1.3201363517305902
LBF,,,,,,,7.2727272727272725,39.96521214529184,2.694397580178886,-4.568627450980392,20.7193193922588,4.828093425711793
LBL,,,,,,,-7.636363636363637,4.738622738153508,-0.008600755482057607,-1.6470588235294117,27.539661239319386,3.605315403860743
LNY,,,,,,,7.611111111111111,32.56314988078902,3.053062818583201,-2.358490566037736,25.455665858300925,3.6384257861847957
LWB,,,,,,,7.0,26.734383716990237,0.9567538433337341,7.615384615384615,44.59856935669537,2.5798539563568785
MKK,,,,,,,14.047619047619047,19.412563433189835,1.575621772284045,3.6630434782608696,21.187948665631357,3.390829458147909
PQI,,,,,,,-2.142857142857143,6.890296835129129,0.5956656203679401,9.257142857142858,32.08017791605979,2.6481033129509433
PRC,,,,,,,2.2142857142857144,11.669675174627555,0.9943889536507937,-3.5806451612903225,16.08129795256709,2.2817751389627716
SHD,,,,,,,-3.727272727272727,5.178627406773132,0.9076418544619117,4.468085106382978,34.21851206573132,2.9737934336464384
SLN,,,,,,,1.7058823529411764,30.94908057172772,2.145182922876189,9.619047619047619,37.878595782224814,1.7574697779184014
VEL,,,,,,,37.4,63.55959583117424,0.6078340806911706,11.772727272727273,40.241632749461026,1.6821992358134066
