month,year,carrier,total_gallons
2,2016,09Q,328697
3,2016,09Q,551159
4,2016,09Q,379161
5,2016,09Q,318452
7,2016,09Q,328601
8,2016,09Q,228567
9,2016,09Q,295122
10,2016,09Q,321959
11,2016,09Q,384931
12,2016,09Q,398112
1,2017,09Q,352605
2,2017,09Q,350079
3,2017,09Q,636594
4,2017,09Q,439329
5,2017,09Q,345104
6,2017,09Q,407501
7,2017,09Q,361999
8,2017,09Q,390006
9,2017,09Q,560959
10,2017,09Q,1551834
11,2017,09Q,700289
12,2017,09Q,1098781
1,2018,09Q,1467426
2,2018,09Q,1648225
3,2018,09Q,2539355
4,2018,09Q,1119351
5,2018,09Q,975540
6,2018,09Q,1539466
7,2018,09Q,1092191
8,2018,09Q,1042945
9,2018,09Q,1995932
10,2018,09Q,1756209
11,2018,09Q,1933626
12,2018,09Q,1299494
1,2019,09Q,1235210
2,2019,09Q,1177321
3,2019,09Q,1422948
4,2019,09Q,1012260
5,2019,09Q,1432953
6,2019,09Q,1209735
7,2019,09Q,2415527
8,2019,09Q,980418
9,2019,09Q,1008138
1,2015,0JQ,133825
2,2015,0JQ,114636
3,2015,0JQ,149766
4,2015,0JQ,41992
5,2015,0JQ,117980
6,2015,0JQ,74738
7,2015,0JQ,135175
8,2015,0JQ,39676
9,2015,0JQ,30827
1,2016,0JQ,3000
1,2015,0WQ,172998
2,2015,0WQ,150009
3,2015,0WQ,188301
4,2015,0WQ,265278
5,2015,0WQ,184194
6,2015,0WQ,185771
7,2015,0WQ,214607
8,2015,0WQ,162806
9,2015,0WQ,195384
10,2015,0WQ,155230
11,2015,0WQ,194273
12,2015,0WQ,178097
1,2016,0WQ,210112
2,2016,0WQ,181507
3,2016,0WQ,12505
4,2016,0WQ,20098
5,2016,0WQ,23873
6,2016,0WQ,26382
7,2016,0WQ,29149
8,2016,0WQ,34677
9,2016,0WQ,28479
10,2016,0WQ,18771
11,2016,0WQ,19893
12,2016,0WQ,24221
1,2017,0WQ,26018
2,2017,0WQ,21244
3,2017,0WQ,27071
4,2017,0WQ,24181
5,2017,0WQ,20236
6,2017,0WQ,21206
7,2017,0WQ,26331
8,2017,0WQ,26496
9,2017,0WQ,25164
10,2017,0WQ,30474
11,2017,0WQ,22294
12,2017,0WQ,14504
1,2018,0WQ,39725
2,2018,0WQ,24526
3,2018,0WQ,27316
4,2018,0WQ,0
5,2018,0WQ,0
6,2018,0WQ,0
7,2018,0WQ,0
8,2018,0WQ,0
9,2018,0WQ,0
10,2018,0WQ,0
11,2018,0WQ,0
12,2018,0WQ,0
1,2019,0WQ,0
2,2019,0WQ,0
3,2019,0WQ,0
4,2019,0WQ,0
5,2019,0WQ,0
6,2019,0WQ,0
7,2019,0WQ,0
8,2019,0WQ,0
9,2019,0WQ,0
1,2015,16,0
2,2015,16,0
3,2015,16,0
4,2015,16,0
5,2015,16,0
6,2015,16,0
2,2016,1BQ,0
3,2016,1BQ,0
4,2016,1BQ,0
5,2016,1BQ,34091
6,2016,1BQ,0
7,2016,1BQ,0
8,2016,1BQ,0
9,2016,1BQ,0
10,2016,1BQ,695195
11,2016,1BQ,572811
12,2016,1BQ,300487
1,2017,1BQ,219309
2,2017,1BQ,172801
3,2017,1BQ,148706
4,2017,1BQ,434772
5,2017,1BQ,407884
6,2017,1BQ,653120
7,2017,1BQ,630245
9,2017,1BQ,327658
10,2017,1BQ,111378
11,2017,1BQ,101869
3,2018,1BQ,209750
4,2018,1BQ,106326
5,2018,1BQ,129997
6,2018,1BQ,105007
7,2018,1BQ,133734
8,2018,1BQ,78881
9,2018,1BQ,66732
10,2018,1BQ,74383
11,2018,1BQ,100900
12,2018,1BQ,272667
1,2019,1BQ,60821
2,2019,1BQ,21144
3,2019,1BQ,27296
4,2019,1BQ,34596
5,2019,1BQ,21082
6,2019,1BQ,74296
7,2019,1BQ,66793
8,2019,1BQ,30612
9,2019,1BQ,247449
1,2015,23Q,0
2,2015,23Q,0
3,2015,23Q,0
4,2015,23Q,0
5,2015,23Q,0
6,2015,23Q,0
7,2015,23Q,0
8,2015,23Q,0
9,2015,23Q,0
10,2015,23Q,0
11,2015,23Q,0
12,2015,23Q,0
1,2016,23Q,0
2,2016,23Q,0
3,2016,23Q,0
4,2016,23Q,0
5,2016,23Q,0
6,2016,23Q,0
7,2016,23Q,118140
8,2016,23Q,122224
9,2016,23Q,124264
10,2016,23Q,100942
11,2016,23Q,177476
12,2016,23Q,114882
1,2017,23Q,82901
2,2017,23Q,15455
3,2017,23Q,0
4,2017,23Q,0
5,2017,23Q,0
6,2017,23Q,0
7,2017,23Q,0
8,2017,23Q,0
9,2017,23Q,0
7,2015,27Q,0
8,2015,27Q,0
9,2015,27Q,0
10,2015,27Q,0
11,2015,27Q,0
12,2015,27Q,0
1,2016,27Q,0
2,2016,27Q,0
3,2016,27Q,0
4,2016,27Q,0
5,2016,27Q,0
6,2016,27Q,0
7,2016,27Q,0
8,2016,27Q,0
9,2016,27Q,0
10,2016,27Q,0
11,2016,27Q,0
12,2016,27Q,0
1,2017,27Q,0
2,2017,27Q,0
3,2017,27Q,0
4,2017,27Q,0
5,2017,27Q,0
6,2017,27Q,0
7,2017,27Q,0
8,2017,27Q,0
9,2017,27Q,0
10,2017,27Q,0
11,2017,27Q,0
12,2017,27Q,0
1,2018,27Q,0
2,2018,27Q,0
3,2018,27Q,0
4,2018,27Q,0
5,2018,27Q,0
6,2018,27Q,0
7,2018,27Q,0
8,2018,27Q,0
9,2018,27Q,0
10,2018,27Q,0
11,2018,27Q,0
12,2018,27Q,0
1,2019,27Q,0
2,2019,27Q,0
3,2019,27Q,0
4,2019,27Q,0
5,2019,27Q,0
6,2019,27Q,0
7,2019,27Q,0
8,2019,27Q,0
9,2019,27Q,0
1,2018,2HQ,462132
2,2018,2HQ,436099
3,2018,2HQ,314298
4,2018,2HQ,362690
5,2018,2HQ,304165
6,2018,2HQ,462132
7,2018,2HQ,210465
8,2018,2HQ,210291
9,2018,2HQ,162857
10,2018,2HQ,192870
11,2018,2HQ,342974
12,2018,2HQ,297468
1,2019,2HQ,410186
2,2019,2HQ,380855
3,2019,2HQ,380854
4,2019,2HQ,257621
5,2019,2HQ,273216
6,2019,2HQ,168234
7,2019,2HQ,157065
8,2019,2HQ,145383
9,2019,2HQ,148395
10,2018,3EQ,0
11,2018,3EQ,0
12,2018,3EQ,0
1,2019,3EQ,0
2,2019,3EQ,0
3,2019,3EQ,0
4,2019,3EQ,0
5,2019,3EQ,0
6,2019,3EQ,0
7,2019,3EQ,0
8,2019,3EQ,0
9,2019,3EQ,0
1,2015,5V,312227
2,2015,5V,298662
3,2015,5V,388170
4,2015,5V,417446
5,2015,5V,441576
6,2015,5V,441205
7,2015,5V,452761
8,2015,5V,390175
9,2015,5V,413895
10,2015,5V,440269
11,2015,5V,291529
12,2015,5V,295181
1,2016,5V,284362
2,2016,5V,287095
3,2016,5V,368114
4,2016,5V,343885
5,2016,5V,338719
6,2016,5V,398853
7,2016,5V,452311
8,2016,5V,441778
9,2016,5V,387562
10,2016,5V,428555
11,2016,5V,353638
12,2016,5V,363025
1,2017,5V,343787
2,2017,5V,320791
3,2017,5V,428332
4,2017,5V,334666
5,2017,5V,432867
6,2017,5V,503565
7,2017,5V,503327
8,2017,5V,511710
9,2017,5V,409738
10,2017,5V,422285
11,2017,5V,400500
12,2017,5V,347211
1,2018,5V,364447
2,2018,5V,329727
3,2018,5V,384615
4,2018,5V,339627
5,2018,5V,338685
6,2018,5V,426779
7,2018,5V,486124
8,2018,5V,461062
9,2018,5V,406542
10,2018,5V,412738
11,2018,5V,350202
12,2018,5V,337373
1,2019,5V,304851
2,2019,5V,274605
3,2019,5V,375331
4,2019,5V,333350
5,2019,5V,366102
6,2019,5V,355723
7,2019,5V,426753
8,2019,5V,459018
9,2019,5V,361624
1,2015,5X,59698000
2,2015,5X,54195000
3,2015,5X,59868000
4,2015,5X,60672000
5,2015,5X,58414000
6,2015,5X,59915000
7,2015,5X,63273000
8,2015,5X,60452000
9,2015,5X,61582000
10,2015,5X,63717000
11,2015,5X,65155000
12,2015,5X,80599000
1,2016,5X,60969000
2,2016,5X,54502000
3,2016,5X,65027000
4,2016,5X,60333000
5,2016,5X,61474000
6,2016,5X,64673000
7,2016,5X,63265000
8,2016,5X,66765000
9,2016,5X,65210000
10,2016,5X,65187000
11,2016,5X,72390000
12,2016,5X,83152000
1,2017,5X,64379000
2,2017,5X,54747000
3,2017,5X,67790000
4,2017,5X,62534000
5,2017,5X,68074000
6,2017,5X,69020000
7,2017,5X,67243000
8,2017,5X,72573000
9,2017,5X,66789000
10,2017,5X,72089000
11,2017,5X,79298000
12,2017,5X,83469000
1,2018,5X,71950000
2,2018,5X,61297000
3,2018,5X,70495000
4,2018,5X,69009000
5,2018,5X,74638000
6,2018,5X,69783000
7,2018,5X,71875000
8,2018,5X,74861000
9,2018,5X,67869000
10,2018,5X,75678000
11,2018,5X,78441000
12,2018,5X,85172000
1,2019,5X,73210000
2,2019,5X,61612000
3,2019,5X,70216000
4,2019,5X,72821000
5,2019,5X,75695000
6,2019,5X,72535000
7,2019,5X,78211000
8,2019,5X,75375000
9,2019,5X,72747000
1,2015,5Y,25753495
2,2015,5Y,26464766
3,2015,5Y,32395477
4,2015,5Y,31568262
5,2015,5Y,31243883
6,2015,5Y,30015537
7,2015,5Y,27228949
8,2015,5Y,35702518
9,2015,5Y,46138209
10,2015,5Y,31440866
11,2015,5Y,30129841
12,2015,5Y,29888212
1,2016,5Y,24809190
2,2016,5Y,25226278
3,2016,5Y,28789377
4,2016,5Y,30876150
5,2016,5Y,29633766
6,2016,5Y,30154889
7,2016,5Y,30859217
8,2016,5Y,31669793
9,2016,5Y,33641772
10,2016,5Y,37021014
11,2016,5Y,34001297
12,2016,5Y,33847336
1,2017,5Y,30535372
2,2017,5Y,24840589
3,2017,5Y,31757150
4,2017,5Y,32716779
5,2017,5Y,36604056
6,2017,5Y,36142526
7,2017,5Y,38458246
8,2017,5Y,38144004
9,2017,5Y,40343628
10,2017,5Y,41911121
11,2017,5Y,43157610
12,2017,5Y,42003639
1,2018,5Y,43050935
2,2018,5Y,36373954
3,2018,5Y,41242595
4,2018,5Y,42963903
5,2018,5Y,46779729
6,2018,5Y,45657707
7,2018,5Y,43578108
8,2018,5Y,46091262
9,2018,5Y,46202795
10,2018,5Y,48737592
11,2018,5Y,50629525
12,2018,5Y,47226566
1,2019,5Y,44410125
2,2019,5Y,37897490
3,2019,5Y,50676176
4,2019,5Y,50160128
5,2019,5Y,49527226
6,2019,5Y,47228695
7,2019,5Y,50202675
8,2019,5Y,50506521
9,2019,5Y,48653184
1,2015,8C,677344
2,2015,8C,638245
3,2015,8C,734945
4,2015,8C,852865
5,2015,8C,849334
6,2015,8C,705831
7,2015,8C,855219
8,2015,8C,796103
9,2015,8C,667016
10,2015,8C,918365
11,2015,8C,792119
12,2015,8C,737431
1,2016,8C,749252
2,2016,8C,677052
3,2016,8C,676465
4,2016,8C,658109
5,2016,8C,799411
6,2016,8C,727092
7,2016,8C,594718
8,2016,8C,661079
9,2016,8C,632389
10,2016,8C,631504
11,2016,8C,606992
12,2016,8C,732334
1,2017,8C,602543
2,2017,8C,600741
3,2017,8C,612181
4,2017,8C,597892
5,2017,8C,627245
6,2017,8C,617009
7,2017,8C,623150
8,2017,8C,686730
9,2017,8C,557085
10,2017,8C,700976
11,2017,8C,700138
12,2017,8C,766493
1,2018,8C,797305
2,2018,8C,721330
3,2018,8C,778307
4,2018,8C,621482
5,2018,8C,628901
6,2018,8C,583419
7,2018,8C,649443
8,2018,8C,547553
9,2018,8C,562776
10,2018,8C,850604
11,2018,8C,794330
12,2018,8C,665666
1,2019,8C,765851
2,2019,8C,679645
3,2019,8C,703041
4,2019,8C,1096450
5,2019,8C,846706
6,2019,8C,773865
7,2019,8C,860060
8,2019,8C,801979
9,2019,8C,819601
1,2015,9E,0
2,2015,9E,0
3,2015,9E,0
4,2015,9E,0
5,2015,9E,0
6,2015,9E,0
7,2015,9E,0
8,2015,9E,0
9,2015,9E,0
10,2015,9E,0
11,2015,9E,0
12,2015,9E,0
1,2016,9E,0
2,2016,9E,0
3,2016,9E,0
4,2016,9E,0
5,2016,9E,0
6,2016,9E,0
7,2016,9E,0
8,2016,9E,0
9,2016,9E,0
10,2016,9E,0
11,2016,9E,0
12,2016,9E,0
1,2017,9E,0
2,2017,9E,0
3,2017,9E,0
4,2017,9E,0
5,2017,9E,0
6,2017,9E,0
7,2017,9E,0
8,2017,9E,0
9,2017,9E,0
10,2017,9E,0
11,2017,9E,0
12,2017,9E,0
1,2018,9E,0
2,2018,9E,0
3,2018,9E,0
4,2018,9E,0
5,2018,9E,0
6,2018,9E,0
7,2018,9E,0
8,2018,9E,0
9,2018,9E,0
10,2018,9E,0
11,2018,9E,0
12,2018,9E,0
1,2019,9E,0
2,2019,9E,0
3,2019,9E,0
4,2019,9E,0
5,2019,9E,0
6,2019,9E,0
7,2019,9E,0
8,2019,9E,0
9,2019,9E,0
1,2015,9S,3922432
2,2015,9S,4514024
3,2015,9S,5289768
4,2015,9S,4881042
5,2015,9S,5117795
6,2015,9S,5079857
7,2015,9S,5074207
8,2015,9S,5388904
9,2015,9S,5223428
10,2015,9S,6387395
11,2015,9S,5866742
12,2015,9S,6265046
1,2016,9S,6098523
2,2016,9S,4928643
3,2016,9S,6502939
4,2016,9S,6094992
5,2016,9S,6307554
6,2016,9S,6199687
7,2016,9S,6415568
8,2016,9S,5931051
9,2016,9S,6450652
10,2016,9S,6196275
11,2016,9S,6279836
12,2016,9S,6236942
1,2017,9S,5451526
2,2017,9S,5296073
3,2017,9S,6384736
4,2017,9S,6114526
5,2017,9S,6216970
6,2017,9S,6562085
7,2017,9S,6709429
8,2017,9S,6585979
9,2017,9S,6678165
10,2017,9S,6405491
11,2017,9S,6614197
12,2017,9S,6750833
1,2018,9S,5339185
2,2018,9S,4713140
3,2018,9S,5990596
4,2018,9S,5850792
5,2018,9S,6371833
6,2018,9S,8715680
7,2018,9S,9535003
8,2018,9S,6704811
9,2018,9S,7170103
10,2018,9S,8354440
11,2018,9S,8354440
12,2018,9S,7466658
1,2019,9S,6850007
2,2019,9S,6159111
3,2019,9S,7617225
4,2019,9S,7466445
5,2019,9S,7911553
6,2019,9S,6914484
7,2019,9S,7821501
8,2019,9S,8134510
9,2019,9S,7855357
1,2015,AA,199989023
2,2015,AA,177015380
3,2015,AA,207126152
4,2015,AA,203505557
5,2015,AA,212416201
6,2015,AA,214108956
7,2015,AA,334771274
8,2015,AA,327066559
9,2015,AA,292644948
10,2015,AA,298816240
11,2015,AA,277163393
12,2015,AA,299040562
1,2016,AA,282748633
2,2016,AA,266861016
3,2016,AA,305541690
4,2016,AA,292255226
5,2016,AA,313190128
6,2016,AA,325213057
7,2016,AA,338537054
8,2016,AA,326327141
9,2016,AA,288059629
10,2016,AA,293028703
11,2016,AA,268977142
12,2016,AA,294981569
1,2017,AA,281546168
2,2017,AA,251931550
3,2017,AA,297980337
4,2017,AA,293519381
5,2017,AA,316861045
6,2017,AA,323711138
7,2017,AA,338445228
8,2017,AA,331667373
9,2017,AA,277280454
10,2017,AA,301099617
11,2017,AA,268463191
12,2017,AA,296899904
1,2018,AA,283974071
2,2018,AA,261946387
3,2018,AA,298906244
4,2018,AA,297784292
5,2018,AA,318954880
6,2018,AA,327277749
7,2018,AA,341082450
8,2018,AA,334937605
9,2018,AA,302313376
10,2018,AA,309826329
11,2018,AA,275209633
12,2018,AA,292016200
1,2019,AA,286544730
2,2019,AA,264286537
3,2019,AA,301971007
4,2019,AA,291008622
5,2019,AA,319972133
6,2019,AA,327437203
7,2019,AA,338595043
8,2019,AA,338196501
9,2019,AA,303854847
1,2015,ABX,25773
2,2015,ABX,61286
3,2015,ABX,37579
4,2015,ABX,52597
5,2015,ABX,43151
6,2015,ABX,163837
7,2015,ABX,16240
8,2015,ABX,46663
9,2015,ABX,71385
10,2015,ABX,38448
11,2015,ABX,146031
12,2015,ABX,99353
1,2016,ABX,193054
2,2016,ABX,252917
3,2016,ABX,312309
4,2016,ABX,161669
5,2016,ABX,74254
6,2016,ABX,41106
7,2016,ABX,168462
8,2016,ABX,112827
9,2016,ABX,186590
10,2016,ABX,100804
11,2016,ABX,45896
12,2016,ABX,31953
1,2017,ABX,17328
2,2017,ABX,16484
3,2017,ABX,24522
4,2017,ABX,55914
5,2017,ABX,29271
6,2017,ABX,93272
7,2017,ABX,35785
8,2017,ABX,62859
9,2017,ABX,79338
10,2017,ABX,77495
11,2017,ABX,80700
12,2017,ABX,39054
1,2018,ABX,44160
2,2018,ABX,52160
3,2018,ABX,61992
4,2018,ABX,163281
5,2018,ABX,196691
6,2018,ABX,175886
7,2018,ABX,183134
8,2018,ABX,179809
9,2018,ABX,160456
10,2018,ABX,148940
11,2018,ABX,303415
12,2018,ABX,157837
1,2019,ABX,229897
2,2019,ABX,147714
3,2019,ABX,134567
4,2019,ABX,194952
5,2019,ABX,149718
6,2019,ABX,133419
7,2019,ABX,158928
8,2019,ABX,159484
9,2019,ABX,135237
1,2015,AS,34289533
2,2015,AS,31180227
3,2015,AS,37518963
4,2015,AS,35882825
5,2015,AS,36409301
6,2015,AS,37408359
7,2015,AS,39261441
8,2015,AS,39206246
9,2015,AS,34924089
10,2015,AS,36465629
11,2015,AS,37345855
12,2015,AS,39238958
1,2016,AS,37667477
2,2016,AS,35531494
3,2016,AS,39596833
4,2016,AS,38598758
5,2016,AS,39132120
6,2016,AS,40343833
7,2016,AS,41708931
8,2016,AS,42038582
9,2016,AS,35681303
10,2016,AS,36464139
11,2016,AS,37567435
12,2016,AS,40085978
1,2017,AS,39857764
2,2017,AS,35759665
3,2017,AS,42521771
4,2017,AS,41438274
5,2017,AS,42468870
6,2017,AS,43528091
7,2017,AS,45137382
8,2017,AS,44708656
9,2017,AS,39374312
10,2017,AS,40472631
11,2017,AS,40500606
12,2017,AS,43156895
1,2018,AS,58008156
2,2018,AS,53190592
3,2018,AS,61086840
4,2018,AS,60819149
5,2018,AS,63119777
6,2018,AS,64229624
7,2018,AS,66618692
8,2018,AS,65204794
9,2018,AS,57233475
10,2018,AS,59541567
11,2018,AS,58118677
12,2018,AS,59640959
1,2019,AS,57084165
2,2019,AS,51311445
3,2019,AS,60609906
4,2019,AS,59726464
5,2019,AS,62777186
6,2019,AS,64578199
7,2019,AS,67620392
8,2019,AS,66611391
9,2019,AS,58850785
1,2015,B6,54865666
2,2015,B6,49577711
3,2015,B6,58064503
4,2015,B6,57363395
5,2015,B6,57258465
6,2015,B6,59381765
7,2015,B6,65428178
8,2015,B6,64992149
9,2015,B6,54777304
10,2015,B6,56723630
11,2015,B6,56967583
12,2015,B6,64457001
1,2016,B6,60623708
2,2016,B6,58151853
3,2016,B6,64395121
4,2016,B6,62428968
5,2016,B6,63549584
6,2016,B6,65324308
7,2016,B6,69519324
8,2016,B6,69445570
9,2016,B6,59288359
10,2016,B6,60156712
11,2016,B6,60220076
12,2016,B6,66674932
1,2017,B6,65243539
2,2017,B6,58336161
3,2017,B6,67293849
4,2017,B6,66754669
5,2017,B6,66782697
6,2017,B6,68337422
7,2017,B6,73698512
8,2017,B6,72953838
9,2017,B6,58109658
10,2017,B6,63731813
11,2017,B6,62830254
12,2017,B6,67877148
1,2018,B6,66886288
2,2018,B6,62754922
3,2018,B6,69593014
4,2018,B6,70477962
5,2018,B6,72693063
6,2018,B6,72081982
7,2018,B6,76885689
8,2018,B6,76718254
9,2018,B6,68771391
10,2018,B6,69258116
11,2018,B6,68913393
12,2018,B6,74132762
1,2019,B6,70408211
2,2019,B6,66427970
3,2019,B6,76399651
4,2019,B6,75177112
5,2019,B6,74539278
6,2019,B6,74781183
7,2019,B6,79776775
8,2019,B6,79758935
9,2019,B6,69038422
1,2015,CP,0
2,2015,CP,0
3,2015,CP,0
4,2015,CP,0
5,2015,CP,0
6,2015,CP,0
7,2015,CP,0
8,2015,CP,0
9,2015,CP,0
10,2015,CP,0
11,2015,CP,0
12,2015,CP,0
1,2016,CP,0
2,2016,CP,0
3,2016,CP,0
4,2016,CP,0
5,2016,CP,0
6,2016,CP,0
7,2016,CP,0
8,2016,CP,0
9,2016,CP,0
10,2016,CP,0
11,2016,CP,0
12,2016,CP,0
1,2017,CP,0
2,2017,CP,0
3,2017,CP,0
4,2017,CP,0
5,2017,CP,0
6,2017,CP,0
7,2017,CP,0
8,2017,CP,0
9,2017,CP,0
10,2017,CP,0
11,2017,CP,0
12,2017,CP,0
1,2018,CP,0
2,2018,CP,0
3,2018,CP,0
4,2018,CP,0
5,2018,CP,0
6,2018,CP,0
7,2018,CP,0
8,2018,CP,0
9,2018,CP,0
10,2018,CP,0
11,2018,CP,0
12,2018,CP,0
1,2019,CP,0
2,2019,CP,0
3,2019,CP,0
4,2019,CP,0
5,2019,CP,0
6,2019,CP,0
7,2019,CP,0
8,2019,CP,0
9,2019,CP,0
1,2015,DL,257516542
2,2015,DL,233335396
3,2015,DL,282710444
4,2015,DL,277118620
5,2015,DL,292917532
6,2015,DL,309368932
7,2015,DL,328391577
8,2015,DL,329584040
9,2015,DL,282681028
10,2015,DL,277460867
11,2015,DL,252400573
12,2015,DL,265370656
1,2016,DL,260151248
2,2016,DL,244665334
3,2016,DL,280976475
4,2016,DL,279599419
5,2016,DL,299428448
6,2016,DL,313711612
7,2016,DL,333299312
8,2016,DL,325186619
9,2016,DL,283634295
10,2016,DL,278656882
11,2016,DL,246598174
12,2016,DL,266709237
1,2017,DL,258186982
2,2017,DL,232594072
3,2017,DL,282647518
4,2017,DL,276154416
5,2017,DL,297988933
6,2017,DL,321313848
7,2017,DL,336013082
8,2017,DL,335216652
9,2017,DL,283484031
10,2017,DL,290657760
11,2017,DL,255869239
12,2017,DL,268005821
1,2018,DL,264566092
2,2018,DL,243541538
3,2018,DL,291878202
4,2018,DL,285819352
5,2018,DL,307656630
6,2018,DL,325372441
7,2018,DL,343768695
8,2018,DL,344620993
9,2018,DL,293360620
10,2018,DL,292898585
11,2018,DL,263318204
12,2018,DL,275489241
1,2019,DL,273706863
2,2019,DL,248074450
3,2019,DL,299952005
4,2019,DL,296111146
5,2019,DL,318173288
6,2019,DL,336183657
7,2019,DL,351133142
8,2019,DL,351127851
9,2019,DL,303891710
10,2015,EE,195280
11,2015,EE,238800
12,2015,EE,290480
1,2016,EE,375040
2,2016,EE,391360
3,2016,EE,473920
4,2016,EE,318400
5,2016,EE,308960
6,2016,EE,483920
7,2016,EE,612320
8,2016,EE,554000
9,2016,EE,395680
10,2016,EE,493200
11,2016,EE,501120
12,2016,EE,531360
1,2017,EE,427760
2,2017,EE,439920
3,2017,EE,520480
4,2017,EE,403600
5,2017,EE,239920
6,2017,EE,249760
7,2017,EE,280480
8,2017,EE,263040
9,2017,EE,30960
1,2015,EV,102060
2,2015,EV,86846
3,2015,EV,86925
4,2015,EV,103937
5,2015,EV,92303
6,2015,EV,96355
7,2015,EV,106408
8,2015,EV,93692
9,2015,EV,66005
10,2015,EV,81937
11,2015,EV,79796
12,2015,EV,86229
1,2016,EV,81827
2,2016,EV,76666
3,2016,EV,82715
4,2016,EV,77831
5,2016,EV,85605
6,2016,EV,80305
7,2016,EV,80896
8,2016,EV,82119
9,2016,EV,90640
10,2016,EV,83641
11,2016,EV,85810
12,2016,EV,85946
1,2017,EV,87798
2,2017,EV,81082
3,2017,EV,94607
4,2017,EV,100179
5,2017,EV,104685
6,2017,EV,14037
7,2017,EV,108679
8,2017,EV,4676
9,2017,EV,3367
10,2017,EV,0
11,2017,EV,2639
12,2017,EV,0
1,2018,EV,0
2,2018,EV,0
3,2018,EV,0
4,2018,EV,0
5,2018,EV,0
6,2018,EV,0
7,2018,EV,0
8,2018,EV,0
9,2018,EV,0
10,2018,EV,0
11,2018,EV,0
12,2018,EV,0
1,2019,EV,0
3,2019,EV,0
4,2019,EV,0
5,2019,EV,0
6,2019,EV,0
7,2019,EV,0
8,2019,EV,0
9,2019,EV,0
1,2015,F9,14970324
2,2015,F9,13364124
3,2015,F9,15364973
4,2015,F9,15227014
5,2015,F9,16821545
6,2015,F9,16727512
7,2015,F9,17161435
8,2015,F9,16890270
9,2015,F9,16003377
10,2015,F9,16936487
11,2015,F9,17411106
12,2015,F9,18048961
1,2016,F9,16155531
2,2016,F9,15240623
3,2016,F9,16416821
4,2016,F9,16071313
5,2016,F9,17174618
6,2016,F9,18090996
7,2016,F9,20527999
8,2016,F9,20001579
9,2016,F9,19196296
10,2016,F9,19272192
11,2016,F9,18590427
12,2016,F9,18878199
1,2017,F9,18870467
2,2017,F9,16526900
3,2017,F9,18790131
4,2017,F9,18652207
5,2017,F9,20112257
6,2017,F9,20723521
7,2017,F9,22292839
8,2017,F9,21545784
9,2017,F9,19609531
10,2017,F9,21509022
11,2017,F9,21041441
12,2017,F9,22205074
1,2018,F9,22206391
2,2018,F9,20163955
3,2018,F9,21438371
4,2018,F9,21089364
5,2018,F9,22315422
6,2018,F9,22096787
7,2018,F9,22419797
8,2018,F9,22889818
9,2018,F9,21150675
10,2018,F9,21816709
11,2018,F9,21315382
12,2018,F9,22195128
1,2019,F9,21842481
2,2019,F9,20082594
3,2019,F9,22140202
4,2019,F9,21622508
5,2019,F9,24591649
6,2019,F9,24596330
7,2019,F9,26676552
8,2019,F9,26032547
9,2019,F9,24188904
1,2015,FCQ,114398
2,2015,FCQ,36398
3,2015,FCQ,169651
1,2015,FX,92522570
2,2015,FX,86405903
3,2015,FX,93340611
4,2015,FX,93297251
5,2015,FX,90621506
6,2015,FX,88825884
7,2015,FX,94388028
8,2015,FX,88394637
9,2015,FX,89688508
10,2015,FX,94482894
11,2015,FX,87628851
12,2015,FX,109771233
1,2016,FX,88713921
2,2016,FX,84288159
3,2016,FX,98487077
4,2016,FX,92095004
5,2016,FX,89515467
6,2016,FX,92488481
7,2016,FX,90794613
8,2016,FX,93368352
9,2016,FX,90585315
10,2016,FX,91921777
11,2016,FX,94692621
12,2016,FX,108339193
1,2017,FX,91096231
2,2017,FX,84828338
3,2017,FX,101281769
4,2017,FX,93372724
5,2017,FX,95993283
6,2017,FX,96719275
7,2017,FX,92766262
8,2017,FX,101753303
9,2017,FX,95801784
10,2017,FX,98566651
11,2017,FX,103025938
12,2017,FX,109744410
1,2018,FX,95932133
2,2018,FX,91503290
3,2018,FX,102762136
4,2018,FX,93075082
5,2018,FX,100255770
6,2018,FX,97780314
7,2018,FX,94493414
8,2018,FX,101305201
9,2018,FX,95333355
10,2018,FX,103132330
11,2018,FX,105424004
12,2018,FX,110256966
1,2019,FX,102433846
2,2019,FX,91273323
3,2019,FX,101332662
4,2019,FX,97834857
5,2019,FX,104114388
6,2019,FX,96506510
7,2019,FX,97439638
8,2019,FX,100380202
9,2019,FX,92489207
1,2015,G4,10542221
2,2015,G4,10759142
3,2015,G4,14700823
4,2015,G4,12232341
5,2015,G4,11747610
6,2015,G4,14380696
7,2015,G4,16007770
8,2015,G4,12825543
9,2015,G4,8684843
10,2015,G4,11672418
11,2015,G4,12449136
12,2015,G4,13948952
1,2016,G4,12264170
2,2016,G4,12815963
3,2016,G4,16442818
4,2016,G4,13408496
5,2016,G4,13615505
6,2016,G4,17128733
7,2016,G4,18352864
8,2016,G4,14225856
9,2016,G4,11608073
10,2016,G4,13580127
11,2016,G4,13489524
12,2016,G4,15863821
1,2017,G4,14466463
2,2017,G4,14160937
3,2017,G4,18222665
4,2017,G4,15957439
5,2017,G4,15460025
6,2017,G4,18440370
7,2017,G4,18881989
8,2017,G4,14662825
9,2017,G4,10801631
10,2017,G4,14985776
11,2017,G4,14363349
12,2017,G4,16159401
1,2018,G4,14184029
2,2018,G4,14997636
3,2018,G4,19458333
4,2018,G4,16643107
5,2018,G4,16130026
6,2018,G4,18742682
7,2018,G4,19950318
8,2018,G4,15869106
9,2018,G4,11196654
10,2018,G4,14711791
11,2018,G4,14978888
12,2018,G4,14608670
1,2019,G4,12784069
2,2019,G4,13990478
3,2019,G4,19699007
4,2019,G4,17389313
5,2019,G4,16494800
6,2019,G4,20179468
7,2019,G4,21699207
8,2019,G4,16210186
9,2019,G4,10533970
1,2015,G7,0
2,2015,G7,0
3,2015,G7,0
4,2015,G7,0
5,2015,G7,0
6,2015,G7,0
7,2015,G7,0
8,2015,G7,0
9,2015,G7,0
10,2015,G7,0
11,2015,G7,0
12,2015,G7,0
1,2016,G7,0
2,2016,G7,0
3,2016,G7,0
4,2016,G7,0
5,2016,G7,0
6,2016,G7,0
7,2016,G7,0
8,2016,G7,0
9,2016,G7,0
10,2016,G7,0
11,2016,G7,0
12,2016,G7,0
1,2017,G7,0
2,2017,G7,0
3,2017,G7,0
4,2017,G7,0
5,2017,G7,0
6,2017,G7,0
7,2017,G7,0
8,2017,G7,0
9,2017,G7,0
10,2017,G7,0
11,2017,G7,0
12,2017,G7,0
1,2018,G7,0
2,2018,G7,0
3,2018,G7,0
4,2018,G7,0
5,2018,G7,0
6,2018,G7,0
7,2018,G7,0
8,2018,G7,0
9,2018,G7,0
10,2018,G7,0
11,2018,G7,0
12,2018,G7,0
1,2019,G7,0
2,2019,G7,0
3,2019,G7,0
4,2019,G7,0
5,2019,G7,0
6,2019,G7,0
7,2019,G7,0
8,2019,G7,0
9,2019,G7,0
1,2015,GFQ,163631
2,2015,GFQ,356400
3,2015,GFQ,299891
4,2015,GFQ,162682
5,2015,GFQ,293388
6,2015,GFQ,386719
7,2015,GFQ,168974
8,2015,GFQ,380804
9,2015,GFQ,440227
10,2015,GFQ,475722
11,2015,GFQ,424233
12,2015,GFQ,204474
1,2016,GFQ,131560
2,2016,GFQ,130011
3,2016,GFQ,227116
4,2016,GFQ,193760
5,2016,GFQ,218880
6,2016,GFQ,444215
7,2016,GFQ,280938
8,2016,GFQ,419475
9,2016,GFQ,362486
10,2016,GFQ,529566
11,2016,GFQ,275784
12,2016,GFQ,320450
1,2017,GFQ,168885
2,2017,GFQ,268116
3,2017,GFQ,303908
4,2017,GFQ,204125
5,2017,GFQ,428488
6,2017,GFQ,503430
7,2017,GFQ,333892
8,2017,GFQ,395929
9,2017,GFQ,488408
10,2017,GFQ,498862
11,2017,GFQ,422386
12,2017,GFQ,188435
1,2018,GFQ,457372
2,2018,GFQ,504777
3,2018,GFQ,348144
4,2018,GFQ,362500
5,2018,GFQ,348074
6,2018,GFQ,343781
7,2018,GFQ,222317
8,2018,GFQ,269611
9,2018,GFQ,353458
10,2018,GFQ,377688
11,2018,GFQ,318721
12,2018,GFQ,224092
1,2019,GFQ,358893
2,2019,GFQ,326772
3,2019,GFQ,389396
4,2019,GFQ,245110
5,2019,GFQ,211819
6,2019,GFQ,253033
7,2019,GFQ,200761
8,2019,GFQ,252935
9,2019,GFQ,372345
1,2015,GL,681942
2,2015,GL,544764
3,2015,GL,700135
4,2015,GL,623927
5,2015,GL,447947
6,2015,GL,543154
7,2015,GL,622112
8,2015,GL,586305
9,2015,GL,423044
10,2015,GL,604477
11,2015,GL,618926
12,2015,GL,541850
1,2016,GL,685968
2,2016,GL,666446
3,2016,GL,715715
4,2016,GL,570483
5,2016,GL,538444
6,2016,GL,624061
7,2016,GL,335264
8,2016,GL,340747
9,2016,GL,454825
10,2016,GL,568857
11,2016,GL,684378
12,2016,GL,454005
1,2017,GL,707760
2,2017,GL,570930
3,2017,GL,786515
4,2017,GL,628025
5,2017,GL,468363
6,2017,GL,457985
7,2017,GL,405223
8,2017,GL,344266
9,2017,GL,595069
10,2017,GL,730406
11,2017,GL,726877
12,2017,GL,533403
1,2018,GL,597256
2,2018,GL,678252
3,2018,GL,1011298
4,2018,GL,610402
5,2018,GL,476121
6,2018,GL,600251
7,2018,GL,444342
8,2018,GL,355463
9,2018,GL,274208
10,2018,GL,398972
11,2018,GL,544841
12,2018,GL,580129
1,2019,GL,619859
2,2019,GL,723391
3,2019,GL,944698
4,2019,GL,515654
5,2019,GL,402992
6,2019,GL,469034
7,2019,GL,458574
8,2019,GL,355481
9,2019,GL,504243
1,2015,HA,19847972
2,2015,HA,17799491
3,2015,HA,19350510
4,2015,HA,18281495
5,2015,HA,19681745
6,2015,HA,20034824
7,2015,HA,21092541
8,2015,HA,21083133
9,2015,HA,19003431
10,2015,HA,19389746
11,2015,HA,18723100
12,2015,HA,19895570
1,2016,HA,19966717
2,2016,HA,18180766
3,2016,HA,19708114
4,2016,HA,18932506
5,2016,HA,19669417
6,2016,HA,21096167
7,2016,HA,22418860
8,2016,HA,22361065
9,2016,HA,20137607
10,2016,HA,20442501
11,2016,HA,19556847
12,2016,HA,21637621
1,2017,HA,21508669
2,2017,HA,18921063
3,2017,HA,21307977
4,2017,HA,20592990
5,2017,HA,21576830
6,2017,HA,22336661
7,2017,HA,22875940
8,2017,HA,22835410
9,2017,HA,21448120
10,2017,HA,22055390
11,2017,HA,21601109
12,2017,HA,22876656
1,2018,HA,22432193
2,2018,HA,20036922
3,2018,HA,22810112
4,2018,HA,22267505
5,2018,HA,23034848
6,2018,HA,23317519
7,2018,HA,24095994
8,2018,HA,24845433
9,2018,HA,23191353
10,2018,HA,22843334
11,2018,HA,21758910
12,2018,HA,23148471
1,2019,HA,22626587
2,2019,HA,19951048
3,2019,HA,21943156
4,2019,HA,22033896
5,2019,HA,22905599
6,2019,HA,22337825
7,2019,HA,23281392
8,2019,HA,23783183
9,2019,HA,22684624
1,2015,K8,188404
2,2015,K8,242224
3,2015,K8,262477
4,2015,K8,239642
5,2015,K8,279150
6,2015,K8,449031
7,2015,K8,466806
8,2015,K8,384638
9,2015,K8,294940
11,2015,K8,221135
12,2015,K8,86120
1,2016,K8,89102
2,2016,K8,36971
3,2016,K8,72598
4,2016,K8,42477
5,2016,K8,59314
6,2016,K8,50209
7,2016,K8,189716
8,2016,K8,143895
9,2016,K8,113344
10,2016,K8,147238
11,2016,K8,183686
12,2016,K8,234956
1,2017,K8,94508
2,2017,K8,256150
3,2017,K8,253687
4,2017,K8,215268
5,2017,K8,235358
1,2015,KAQ,2416631
2,2015,KAQ,4882305
3,2015,KAQ,5769488
4,2015,KAQ,3280106
5,2015,KAQ,4148479
6,2015,KAQ,3675460
7,2015,KAQ,2284442
8,2015,KAQ,2177996
9,2015,KAQ,2859895
10,2015,KAQ,3345582
11,2015,KAQ,4137371
12,2015,KAQ,5308406
1,2016,KAQ,3460627
2,2016,KAQ,2811192
3,2016,KAQ,2446627
4,2016,KAQ,3651174
5,2016,KAQ,2070043
6,2016,KAQ,2475442
7,2016,KAQ,2721438
8,2016,KAQ,3630319
9,2016,KAQ,3641277
10,2016,KAQ,4225535
11,2016,KAQ,7197586
12,2016,KAQ,5293232
1,2017,KAQ,3573983
2,2017,KAQ,2846293
3,2017,KAQ,3440566
4,2017,KAQ,4203311
5,2017,KAQ,4345315
6,2017,KAQ,3992915
7,2017,KAQ,5673017
8,2017,KAQ,3980418
9,2017,KAQ,5622529
10,2017,KAQ,5051611
11,2017,KAQ,5538633
12,2017,KAQ,5326362
1,2018,KAQ,3817201
2,2018,KAQ,4055093
3,2018,KAQ,4632109
4,2018,KAQ,5694803
5,2018,KAQ,6010657
6,2018,KAQ,6124625
7,2018,KAQ,6182863
8,2018,KAQ,6009584
9,2018,KAQ,6944826
10,2018,KAQ,7990676
11,2018,KAQ,8628044
12,2018,KAQ,6880214
1,2019,KAQ,5414448
2,2019,KAQ,5711413
3,2019,KAQ,6937093
4,2019,KAQ,7745919
5,2019,KAQ,6490378
6,2019,KAQ,7697011
7,2019,KAQ,6441271
8,2019,KAQ,7836911
9,2019,KAQ,6432213
1,2015,KD,45079
2,2015,KD,0
3,2015,KD,578428
4,2015,KD,0
5,2015,KD,29333
6,2015,KD,25547
7,2015,KD,18317
8,2015,KD,111859
9,2015,KD,8723
10,2015,KD,2233
11,2015,KD,34116
12,2015,KD,33462
1,2016,KD,0
2,2016,KD,18351
3,2016,KD,40542
4,2016,KD,7812
5,2016,KD,14921
6,2016,KD,282032
7,2016,KD,168903
8,2016,KD,34354
9,2016,KD,127867
10,2016,KD,1874135
11,2016,KD,2186205
12,2016,KD,1433197
1,2017,KD,656035
2,2017,KD,366045
3,2017,KD,1600468
4,2017,KD,988503
5,2017,KD,2737032
7,2017,KD,1993708
8,2017,KD,1911288
9,2017,KD,2368002
10,2017,KD,2580174
11,2017,KD,3750732
12,2017,KD,1355011
1,2018,KD,1084109
2,2018,KD,1930478
3,2018,KD,976230
4,2018,KD,2042779
5,2018,KD,1810784
6,2018,KD,2263773
7,2018,KD,3637110
8,2018,KD,3102800
9,2018,KD,2434192
10,2018,KD,3355162
11,2018,KD,4403406
12,2018,KD,2192151
1,2019,KD,2765790
2,2019,KD,2262644
3,2019,KD,3255721
4,2019,KD,2461468
5,2019,KD,2099089
6,2019,KD,2921018
7,2019,KD,2508964
8,2019,KD,1333450
9,2019,KD,2560152
1,2015,KH,469255
2,2015,KH,403514
3,2015,KH,419295
4,2015,KH,432138
5,2015,KH,414753
6,2015,KH,448352
7,2015,KH,422110
8,2015,KH,435947
9,2015,KH,429319
10,2015,KH,446107
11,2015,KH,433446
12,2015,KH,480374
1,2016,KH,413456
2,2016,KH,412808
3,2016,KH,458733
4,2016,KH,417640
5,2016,KH,420758
6,2016,KH,414878
7,2016,KH,420630
8,2016,KH,453731
9,2016,KH,434148
10,2016,KH,442368
11,2016,KH,432701
12,2016,KH,478937
1,2017,KH,436860
2,2017,KH,406852
3,2017,KH,447281
4,2017,KH,427115
5,2017,KH,446198
6,2017,KH,435471
7,2017,KH,414024
8,2017,KH,456380
9,2017,KH,394002
10,2017,KH,420655
11,2017,KH,434131
12,2017,KH,497855
1,2018,KH,432202
2,2018,KH,397609
3,2018,KH,426607
4,2018,KH,385347
5,2018,KH,404001
6,2018,KH,385855
7,2018,KH,380174
8,2018,KH,386511
9,2018,KH,363038
10,2018,KH,380174
11,2018,KH,404924
12,2018,KH,478286
1,2019,KH,432202
2,2019,KH,338518
3,2019,KH,388491
4,2019,KH,392414
5,2019,KH,387931
6,2019,KH,396366
7,2019,KH,429557
8,2019,KH,423687
9,2019,KH,390699
1,2015,KLQ,140872
2,2015,KLQ,225442
3,2015,KLQ,225923
4,2015,KLQ,116938
5,2015,KLQ,203321
6,2015,KLQ,254185
7,2015,KLQ,131742
8,2015,KLQ,239031
9,2015,KLQ,386630
10,2015,KLQ,305281
11,2015,KLQ,279709
12,2015,KLQ,181653
1,2016,KLQ,137646
2,2016,KLQ,94537
3,2016,KLQ,252913
4,2016,KLQ,156202
5,2016,KLQ,235564
6,2016,KLQ,127070
7,2016,KLQ,170132
8,2016,KLQ,239099
9,2016,KLQ,327271
10,2016,KLQ,359698
11,2016,KLQ,157639
12,2016,KLQ,128713
1,2017,KLQ,108463
2,2017,KLQ,205184
3,2017,KLQ,166560
4,2017,KLQ,95918
5,2017,KLQ,265314
6,2017,KLQ,309284
7,2017,KLQ,114339
8,2017,KLQ,257837
9,2017,KLQ,212898
10,2017,KLQ,275368
11,2017,KLQ,327692
12,2017,KLQ,174519
1,2018,KLQ,168862
2,2018,KLQ,205189
3,2018,KLQ,237757
4,2018,KLQ,144176
5,2018,KLQ,158255
6,2018,KLQ,161744
7,2018,KLQ,119455
8,2018,KLQ,204878
9,2018,KLQ,222695
10,2018,KLQ,293289
11,2018,KLQ,358665
12,2018,KLQ,167131
1,2019,KLQ,192731
2,2019,KLQ,215582
3,2019,KLQ,359403
4,2019,KLQ,228067
5,2019,KLQ,156660
6,2019,KLQ,148153
7,2019,KLQ,126688
8,2019,KLQ,114311
9,2019,KLQ,150717
1,2015,L2,101851
2,2015,L2,113361
3,2015,L2,116240
4,2015,L2,195715
5,2015,L2,199054
6,2015,L2,153039
7,2015,L2,244628
8,2015,L2,200673
9,2015,L2,192408
10,2015,L2,288572
11,2015,L2,446560
1,2016,L2,252782
2,2016,L2,199100
3,2016,L2,248283
4,2016,L2,195894
5,2016,L2,240210
6,2016,L2,197857
7,2016,L2,255601
8,2016,L2,251512
9,2016,L2,161921
10,2016,L2,160496
11,2016,L2,165644
12,2016,L2,141535
1,2017,L2,185756
2,2017,L2,122220
3,2017,L2,136075
4,2017,L2,158955
5,2017,L2,167770
6,2017,L2,311281
7,2017,L2,315006
8,2017,L2,212215
9,2017,L2,247765
10,2017,L2,210736
11,2017,L2,232131
12,2017,L2,244274
1,2018,L2,212671
2,2018,L2,204640
3,2018,L2,183939
4,2018,L2,196223
5,2018,L2,299886
6,2018,L2,297357
7,2018,L2,297382
8,2018,L2,262850
9,2018,L2,194394
10,2018,L2,183110
11,2018,L2,258151
12,2018,L2,219581
1,2019,L2,199796
2,2019,L2,128692
3,2019,L2,186550
4,2019,L2,167474
5,2019,L2,358406
6,2019,L2,397811
7,2019,L2,413022
8,2019,L2,309511
9,2019,L2,333868
1,2015,M6,1691365
2,2015,M6,1673605
3,2015,M6,1931649
4,2015,M6,1817657
5,2015,M6,2090800
6,2015,M6,2278489
7,2015,M6,2041035
8,2015,M6,1855787
9,2015,M6,1752672
10,2015,M6,2060129
11,2015,M6,2192379
12,2015,M6,2447610
1,2016,M6,1791448
2,2016,M6,1787901
3,2016,M6,1806465
4,2016,M6,1858471
5,2016,M6,1759865
6,2016,M6,1874919
7,2016,M6,1892766
8,2016,M6,1876138
9,2016,M6,1718127
10,2016,M6,1806079
11,2016,M6,1974710
12,2016,M6,2450305
1,2017,M6,1620745
2,2017,M6,1646861
3,2017,M6,1834172
4,2017,M6,1620026
5,2017,M6,1826508
6,2017,M6,2059940
7,2017,M6,1831679
8,2017,M6,1848240
9,2017,M6,1676743
10,2017,M6,2401629
11,2017,M6,2100622
12,2017,M6,2176853
1,2018,M6,1832524
2,2018,M6,1781504
3,2018,M6,2207192
4,2018,M6,2026569
5,2018,M6,1985370
6,2018,M6,1841354
7,2018,M6,1752148
8,2018,M6,1683147
9,2018,M6,1615715
10,2018,M6,1763174
11,2018,M6,1906676
12,2018,M6,2020452
1,2019,M6,1772892
2,2019,M6,1863005
3,2019,M6,2328831
4,2019,M6,2271221
5,2019,M6,2308945
6,2019,M6,2190840
7,2019,M6,2368963
8,2019,M6,2329836
9,2019,M6,2074241
1,2015,MQ,0
2,2015,MQ,0
3,2015,MQ,0
4,2015,MQ,0
5,2015,MQ,0
6,2015,MQ,0
7,2015,MQ,0
8,2015,MQ,0
9,2015,MQ,0
10,2015,MQ,0
11,2015,MQ,0
12,2015,MQ,0
1,2016,MQ,0
2,2016,MQ,0
3,2016,MQ,0
4,2016,MQ,0
5,2016,MQ,0
6,2016,MQ,0
7,2016,MQ,0
8,2016,MQ,0
9,2016,MQ,0
10,2016,MQ,0
11,2016,MQ,0
12,2016,MQ,0
1,2017,MQ,0
2,2017,MQ,0
3,2017,MQ,0
4,2017,MQ,0
5,2017,MQ,0
6,2017,MQ,0
7,2017,MQ,0
8,2017,MQ,0
9,2017,MQ,0
10,2017,MQ,0
11,2017,MQ,0
12,2017,MQ,0
1,2018,MQ,0
2,2018,MQ,0
3,2018,MQ,0
4,2018,MQ,0
5,2018,MQ,0
6,2018,MQ,0
7,2018,MQ,0
8,2018,MQ,0
9,2018,MQ,0
10,2018,MQ,0
11,2018,MQ,0
12,2018,MQ,0
1,2019,MQ,0
2,2019,MQ,0
3,2019,MQ,0
4,2019,MQ,0
5,2019,MQ,0
6,2019,MQ,0
7,2019,MQ,0
8,2019,MQ,0
9,2019,MQ,0
1,2015,MRQ,410414
2,2015,MRQ,932050
3,2015,MRQ,596769
4,2015,MRQ,1604979
5,2015,MRQ,391218
6,2015,MRQ,339832
7,2015,MRQ,840221
8,2015,MRQ,857599
9,2015,MRQ,640536
10,2015,MRQ,807938
11,2015,MRQ,827484
12,2015,MRQ,592781
1,2016,N8,775909
2,2016,N8,1006336
3,2016,N8,777659
4,2016,N8,1389500
5,2016,N8,666666
6,2016,N8,457022
7,2016,N8,686281
8,2016,N8,712312
9,2016,N8,1060622
10,2016,N8,1593467
11,2016,N8,1834117
12,2016,N8,1171509
1,2017,N8,1243257
2,2017,N8,891013
3,2017,N8,1175172
4,2017,N8,1127142
5,2017,N8,1296511
6,2017,N8,836365
7,2017,N8,527273
8,2017,N8,890920
9,2017,N8,904736
10,2017,N8,862490
11,2017,N8,338310
12,2017,N8,257600
1,2018,N8,1113523
2,2018,N8,857540
3,2018,N8,1456056
4,2018,N8,1044570
5,2018,N8,1155700
6,2018,N8,1384394
7,2018,N8,1176339
8,2018,N8,2070072
9,2018,N8,1002604
10,2018,N8,914262
11,2018,N8,243548
12,2018,N8,49702
1,2019,N8,798009
2,2019,N8,304554
3,2019,N8,1134904
4,2019,N8,1431538
5,2019,N8,1165113
6,2019,N8,547775
7,2019,N8,895061
8,2019,N8,111071
9,2019,N8,392264
1,2015,NC,329481
2,2015,NC,346870
3,2015,NC,534148
4,2015,NC,460887
5,2015,NC,563865
6,2015,NC,652296
7,2015,NC,568049
8,2015,NC,615573
9,2015,NC,587910
10,2015,NC,688066
11,2015,NC,551684
12,2015,NC,508870
1,2016,NC,446891
2,2016,NC,377896
3,2016,NC,412385
4,2016,NC,463105
5,2016,NC,466942
6,2016,NC,558685
7,2016,NC,502881
8,2016,NC,596056
9,2016,NC,491123
10,2016,NC,578939
11,2016,NC,444693
12,2016,NC,506112
1,2017,NC,366428
2,2017,NC,347703
3,2017,NC,483373
4,2017,NC,398710
5,2017,NC,398594
6,2017,NC,562388
7,2017,NC,567281
8,2017,NC,588708
9,2017,NC,515535
10,2017,NC,571000
11,2017,NC,484949
12,2017,NC,461368
1,2018,NC,477375
2,2018,NC,436015
3,2018,NC,559269
4,2018,NC,
5,2018,NC,449176
6,2018,NC,532920
7,2018,NC,556701
8,2018,NC,529533
9,2018,NC,471127
10,2018,NC,447821
11,2018,NC,389857
12,2018,NC,401947
1,2019,NC,388494
2,2019,NC,282780
3,2019,NC,328645
4,2019,NC,322129
5,2019,NC,210015
6,2019,NC,407071
7,2019,NC,421503
8,2019,NC,465418
9,2019,NC,368557
1,2015,NK,19040521
2,2015,NK,17589928
3,2015,NK,20092769
4,2015,NK,20331870
5,2015,NK,21818540
6,2015,NK,20923341
7,2015,NK,22618458
8,2015,NK,23634074
9,2015,NK,21431289
10,2015,NK,21954524
11,2015,NK,22066118
12,2015,NK,22446578
1,2016,NK,23516807
2,2016,NK,21981422
3,2016,NK,20051000
4,2016,NK,24715453
5,2016,NK,26414317
6,2016,NK,25883552
7,2016,NK,26510281
8,2016,NK,27159053
9,2016,NK,24618614
10,2016,NK,24717921
11,2016,NK,25214102
12,2016,NK,26997853
1,2017,NK,26626529
2,2017,NK,24596370
3,2017,NK,27840616
4,2017,NK,27726318
5,2017,NK,28240339
6,2017,NK,30742430
7,2017,NK,31993643
8,2017,NK,32148544
9,2017,NK,26132007
10,2017,NK,29291989
11,2017,NK,29148741
12,2017,NK,30397723
1,2018,NK,31610455
2,2018,NK,29759661
3,2018,NK,33632951
4,2018,NK,33991969
5,2018,NK,35521961
6,2018,NK,36629663
7,2018,NK,38797091
8,2018,NK,38981961
9,2018,NK,31825718
10,2018,NK,31720179
11,2018,NK,33984164
12,2018,NK,35890659
1,2019,NK,35862515
2,2019,NK,33590996
3,2019,NK,40374673
4,2019,NK,38671302
5,2019,NK,42123364
6,2019,NK,41652339
7,2019,NK,43349064
8,2019,NK,42824559
9,2019,NK,35898679
7,2015,OH,0
8,2015,OH,0
9,2015,OH,0
10,2015,OH,0
11,2015,OH,0
12,2015,OH,0
1,2016,OH,0
2,2016,OH,0
3,2016,OH,0
4,2016,OH,0
5,2016,OH,0
6,2016,OH,0
7,2016,OH,0
8,2016,OH,0
9,2016,OH,0
10,2016,OH,0
11,2016,OH,0
12,2016,OH,0
1,2017,OH,0
2,2017,OH,0
3,2017,OH,0
4,2017,OH,0
5,2017,OH,0
6,2017,OH,0
7,2017,OH,0
8,2017,OH,0
9,2017,OH,0
10,2017,OH,0
11,2017,OH,0
12,2017,OH,0
1,2018,OH,0
2,2018,OH,0
3,2018,OH,0
4,2018,OH,0
5,2018,OH,0
6,2018,OH,0
7,2018,OH,0
8,2018,OH,0
9,2018,OH,0
10,2018,OH,0
11,2018,OH,0
12,2018,OH,0
1,2019,OH,0
2,2019,OH,0
3,2019,OH,0
4,2019,OH,0
5,2019,OH,0
6,2019,OH,0
7,2019,OH,0
8,2019,OH,0
9,2019,OH,0
1,2015,OO,4128871
2,2015,OO,3725601
3,2015,OO,4113954
4,2015,OO,4221329
5,2015,OO,4399711
6,2015,OO,4386900
7,2015,OO,5077358
8,2015,OO,5152349
9,2015,OO,5250159
10,2015,OO,4711398
11,2015,OO,4926591
12,2015,OO,5240799
1,2016,OO,5444514
2,2016,OO,5287524
3,2016,OO,6067876
4,2016,OO,6079389
5,2016,OO,6375164
6,2016,OO,6376531
7,2016,OO,6489965
8,2016,OO,6548860
9,2016,OO,5643514
10,2016,OO,5715200
11,2016,OO,5341566
12,2016,OO,5655072
1,2017,OO,5631031
2,2017,OO,5229066
3,2017,OO,6327013
4,2017,OO,6298173
5,2017,OO,6492944
6,2017,OO,6696044
7,2017,OO,6863914
8,2017,OO,6940229
9,2017,OO,7301761
10,2017,OO,7731794
11,2017,OO,7368010
12,2017,OO,7379409
1,2018,OO,7718601
2,2018,OO,7207367
3,2018,OO,8110361
4,2018,OO,7897373
5,2018,OO,8257547
6,2018,OO,8108076
7,2018,OO,8254370
8,2018,OO,8454586
9,2018,OO,8231728
10,2018,OO,8642187
11,2018,OO,8304103
12,2018,OO,8477821
1,2019,OO,8150037
2,2019,OO,7503491
3,2019,OO,8558824
4,2019,OO,8262780
5,2019,OO,8838081
6,2019,OO,8915291
7,2019,OO,9566241
8,2019,OO,8790766
9,2019,OO,8834786
1,2015,PFQ,332961
2,2015,PFQ,328123
3,2015,PFQ,329495
4,2015,PFQ,249109
5,2015,PFQ,297982
6,2015,PFQ,305329
7,2015,PFQ,281808
8,2015,PFQ,289437
9,2015,PFQ,283640
10,2015,PFQ,279057
11,2015,PFQ,248199
12,2015,PFQ,358415
1,2016,PFQ,273735
2,2016,PFQ,245619
3,2016,PFQ,273261
4,2016,PFQ,283134
5,2016,PFQ,297367
6,2016,PFQ,280183
7,2016,PFQ,318966
8,2016,PFQ,333553
9,2016,PFQ,337327
10,2016,PFQ,337627
11,2016,PFQ,333279
12,2016,PFQ,452769
1,2017,PFQ,287340
2,2017,PFQ,267200
3,2017,PFQ,281235
4,2017,PFQ,260657
5,2017,PFQ,286157
6,2017,PFQ,271285
7,2017,PFQ,303964
8,2017,PFQ,340458
9,2017,PFQ,351710
10,2017,PFQ,294627
11,2017,PFQ,285432
12,2017,PFQ,402089
1,2018,PFQ,383900
2,2018,PFQ,303623
3,2018,PFQ,312777
4,2018,PFQ,280011
5,2018,PFQ,323522
6,2018,PFQ,259521
7,2018,PFQ,305634
8,2018,PFQ,415690
9,2018,PFQ,346443
10,2018,PFQ,363731
11,2018,PFQ,377504
12,2018,PFQ,460223
1,2019,PFQ,330575
2,2019,PFQ,355981
3,2019,PFQ,368456
4,2019,PFQ,389461
5,2019,PFQ,363290
6,2019,PFQ,333834
7,2019,PFQ,421335
8,2019,PFQ,386916
9,2019,PFQ,351884
1,2015,PO,14354678
2,2015,PO,12424398
3,2015,PO,14652788
4,2015,PO,14330377
5,2015,PO,14982233
6,2015,PO,15224951
7,2015,PO,14539906
8,2015,PO,12846994
9,2015,PO,14526141
10,2015,PO,15815353
11,2015,PO,15839248
12,2015,PO,17057497
1,2016,PO,14816197
2,2016,PO,11798892
3,2016,PO,15723111
4,2016,PO,14717190
5,2016,PO,15578133
6,2016,PO,14808215
7,2016,PO,14443695
8,2016,PO,14968101
9,2016,PO,14109735
10,2016,PO,15325951
11,2016,PO,16885472
12,2016,PO,17475435
1,2017,PO,16104914
2,2017,PO,13659238
3,2017,PO,17897396
4,2017,PO,16841471
5,2017,PO,15901253
6,2017,PO,17146933
7,2017,PO,16771423
8,2017,PO,16478618
9,2017,PO,16463203
10,2017,PO,15675021
11,2017,PO,17351438
12,2017,PO,17800579
1,2018,PO,14979008
2,2018,PO,12413729
3,2018,PO,16963787
4,2018,PO,15277605
5,2018,PO,15928600
6,2018,PO,15691536
7,2018,PO,16608663
8,2018,PO,15917705
9,2018,PO,16470979
10,2018,PO,16410293
11,2018,PO,16964007
12,2018,PO,17223580
1,2019,PO,17207874
2,2019,PO,12487485
3,2019,PO,16234745
4,2019,PO,14046615
5,2019,PO,15238412
6,2019,PO,15452032
7,2019,PO,14441648
8,2019,PO,12251784
9,2019,PO,11916669
1,2015,PRQ,0
2,2015,PRQ,0
3,2015,PRQ,0
4,2015,PRQ,0
5,2015,PRQ,0
6,2015,PRQ,0
7,2015,PRQ,0
8,2015,PRQ,0
9,2015,PRQ,0
10,2015,PRQ,0
11,2015,PRQ,0
12,2015,PRQ,0
1,2016,PRQ,0
2,2016,PRQ,0
3,2016,PRQ,0
4,2016,PRQ,0
5,2016,PRQ,0
6,2016,PRQ,0
7,2016,PRQ,0
8,2016,PRQ,0
9,2016,PRQ,0
10,2016,PRQ,0
11,2016,PRQ,0
12,2016,PRQ,0
1,2017,PRQ,0
2,2017,PRQ,0
1,2015,QX,0
2,2015,QX,0
3,2015,QX,0
4,2015,QX,0
5,2015,QX,0
6,2015,QX,0
7,2015,QX,0
8,2015,QX,0
9,2015,QX,0
10,2015,QX,0
11,2015,QX,0
12,2015,QX,0
1,2016,QX,0
2,2016,QX,0
3,2016,QX,0
4,2016,QX,0
5,2016,QX,0
6,2016,QX,0
7,2016,QX,0
8,2016,QX,0
9,2016,QX,0
10,2016,QX,0
11,2016,QX,0
12,2016,QX,0
1,2017,QX,0
2,2017,QX,0
3,2017,QX,0
4,2017,QX,0
5,2017,QX,0
6,2017,QX,0
7,2017,QX,0
8,2017,QX,0
9,2017,QX,0
10,2017,QX,0
11,2017,QX,0
12,2017,QX,0
1,2018,QX,0
2,2018,QX,0
3,2018,QX,0
4,2018,QX,0
5,2018,QX,0
6,2018,QX,0
7,2018,QX,0
8,2018,QX,0
9,2018,QX,0
10,2018,QX,0
11,2018,QX,0
12,2018,QX,0
1,2019,QX,0
2,2019,QX,0
3,2019,QX,0
4,2019,QX,0
5,2019,QX,0
6,2019,QX,0
7,2019,QX,0
8,2019,QX,0
9,2019,QX,0
1,2015,S5,6301599
2,2015,S5,5497778
3,2015,S5,6434762
4,2015,S5,6162438
5,2015,S5,6339654
6,2015,S5,6398211
7,2015,S5,6954432
8,2015,S5,7066823
9,2015,S5,6363950
10,2015,S5,6451193
11,2015,S5,5733889
12,2015,S5,4704440
1,2016,S5,3793819
2,2016,S5,3082947
3,2016,S5,4370846
4,2016,S5,2625542
5,2016,S5,2922167
6,2016,S5,2974618
7,2016,S5,4897404
8,2016,S5,4935993
9,2016,S5,4093952
10,2016,S5,3757754
11,2016,S5,0
12,2016,S5,0
1,2015,SY,4829658
2,2015,SY,4954726
3,2015,SY,5877939
4,2015,SY,4418863
5,2015,SY,4085455
6,2015,SY,4587213
7,2015,SY,4598092
8,2015,SY,4632793
9,2015,SY,3499420
10,2015,SY,3839896
11,2015,SY,3999638
12,2015,SY,4732234
1,2016,SY,5180480
2,2016,SY,5214769
3,2016,SY,5946748
4,2016,SY,4830126
5,2016,SY,3821647
6,2016,SY,4700085
7,2016,SY,5221057
8,2016,SY,4639744
9,2016,SY,3618938
10,2016,SY,4347402
11,2016,SY,4320059
12,2016,SY,5330238
1,2017,SY,5599729
2,2017,SY,5660878
3,2017,SY,6781024
4,2017,SY,5332266
5,2017,SY,4128482
6,2017,SY,4845043
7,2017,SY,5363474
8,2017,SY,4833996
9,2017,SY,3582944
10,2017,SY,4339195
11,2017,SY,4676818
12,2017,SY,5613099
1,2018,SY,5143248
2,2018,SY,5841653
3,2018,SY,6649322
4,2018,SY,4973037
5,2018,SY,4096753
6,2018,SY,5064157
7,2018,SY,5388238
8,2018,SY,5215424
9,2018,SY,
10,2018,SY,
11,2018,SY,
12,2018,SY,
1,2019,SY,
2,2019,SY,6066430
3,2019,SY,7433108
4,2019,SY,5793765
5,2019,SY,5448107
6,2019,SY,7169426
7,2019,SY,5199530
8,2019,SY,7081536
9,2019,SY,5107989
1,2015,U7,244678
2,2015,U7,292392
3,2015,U7,486451
4,2015,U7,300701
5,2015,U7,419512
6,2015,U7,463401
7,2015,U7,323655
8,2015,U7,447707
9,2015,U7,634271
10,2015,U7,580937
11,2015,U7,566794
12,2015,U7,399593
1,2016,U7,231214
2,2016,U7,321944
3,2016,U7,563741
4,2016,U7,481875
5,2016,U7,459556
6,2016,U7,572775
7,2016,U7,307031
8,2016,U7,573486
9,2016,U7,679807
10,2016,U7,641942
11,2016,U7,415634
12,2016,U7,618115
1,2017,U7,283875
2,2017,U7,267542
3,2017,U7,387063
4,2017,U7,334392
5,2017,U7,581468
6,2017,U7,691036
7,2017,U7,487672
8,2017,U7,506407
9,2017,U7,605887
10,2017,U7,502060
11,2017,U7,650908
12,2017,U7,810579
1,2018,U7,342438
2,2018,U7,427634
3,2018,U7,679521
4,2018,U7,366936
5,2018,U7,479620
6,2018,U7,584082
7,2018,U7,518242
8,2018,U7,596423
9,2018,U7,527074
10,2018,U7,778368
11,2018,U7,759632
12,2018,U7,678700
1,2019,U7,507669
2,2019,U7,514896
3,2019,U7,786265
4,2019,U7,294896
5,2019,U7,326992
6,2019,U7,462561
7,2019,U7,306516
8,2019,U7,500372
9,2019,U7,503668
1,2015,UA,245789377
2,2015,UA,222441554
3,2015,UA,268189430
4,2015,UA,261169265
5,2015,UA,281041608
6,2015,UA,290796314
7,2015,UA,303569764
8,2015,UA,296817950
9,2015,UA,262169347
10,2015,UA,271744160
11,2015,UA,247844737
12,2015,UA,263947107
1,2016,UA,240229795
2,2016,UA,228642695
3,2016,UA,265337819
4,2016,UA,257893397
5,2016,UA,281394904
6,2016,UA,294023498
7,2016,UA,309948402
8,2016,UA,304556396
9,2016,UA,274673984
10,2016,UA,278907982
11,2016,UA,252339393
12,2016,UA,273280870
1,2017,UA,255048319
2,2017,UA,230552207
3,2017,UA,274711210
4,2017,UA,269247055
5,2017,UA,291602347
6,2017,UA,306364200
7,2017,UA,321423462
8,2017,UA,311521193
9,2017,UA,276441283
10,2017,UA,283413257
11,2017,UA,261366894
12,2017,UA,274749231
1,2018,UA,255982076
2,2018,UA,235462750
3,2018,UA,279322735
4,2018,UA,278073721
5,2018,UA,296411789
6,2018,UA,311227302
7,2018,UA,326481257
8,2018,UA,319004221
9,2018,UA,285283544
10,2018,UA,295868516
11,2018,UA,273800459
12,2018,UA,288756890
1,2019,UA,270112946
2,2019,UA,244752372
3,2019,UA,297848082
4,2019,UA,289084422
5,2019,UA,309415363
6,2019,UA,320238151
7,2019,UA,328989147
8,2019,UA,324688428
9,2019,UA,292912423
1,2015,US,88316163
2,2015,US,78300195
3,2015,US,95131575
4,2015,US,94767804
5,2015,US,102807684
6,2015,US,107949448
1,2015,VX,12594236
2,2015,VX,11028103
3,2015,VX,13403533
4,2015,VX,13807964
5,2015,VX,14411264
6,2015,VX,14695842
7,2015,VX,15236737
8,2015,VX,15272587
9,2015,VX,13855940
10,2015,VX,14718602
11,2015,VX,14631922
12,2015,VX,15352757
1,2016,VX,14194685
2,2016,VX,13417145
3,2016,VX,15460169
4,2016,VX,15640812
5,2016,VX,16414177
6,2016,VX,17077810
7,2016,VX,17894585
8,2016,VX,17859802
9,2016,VX,16138177
10,2016,VX,16286913
11,2016,VX,16587348
12,2016,VX,17051098
1,2017,VX,16104407
2,2017,VX,13977260
3,2017,VX,15989796
4,2017,VX,15959372
5,2017,VX,17226228
6,2017,VX,17917675
7,2017,VX,18541792
8,2017,VX,18440655
9,2017,VX,16946394
10,2017,VX,18531212
11,2017,VX,18285074
12,2017,VX,18871240
1,2015,WE,354916
2,2015,WE,416683
3,2015,WE,827829
4,2015,WE,1108458
5,2015,WE,884689
6,2015,WE,705238
7,2015,WE,1457996
8,2015,WE,763058
9,2015,WE,694383
10,2015,WE,393727
11,2015,WE,751511
12,2015,WE,550767
1,2016,WE,449711
2,2016,WE,119072
3,2016,WE,0
4,2016,WE,0
5,2016,WE,329399
6,2016,WE,498352
7,2016,WE,426941
8,2016,WE,585272
9,2016,WE,525640
10,2016,WE,457498
11,2016,WE,357767
12,2016,WE,357767
1,2015,WI,0
2,2015,WI,0
3,2015,WI,0
4,2015,WI,0
5,2015,WI,0
6,2015,WI,0
7,2015,WI,0
8,2015,WI,0
9,2015,WI,0
10,2015,WI,0
11,2015,WI,0
12,2015,WI,0
1,2016,WI,0
2,2016,WI,0
3,2016,WI,0
4,2016,WI,0
5,2016,WI,0
6,2016,WI,0
7,2016,WI,0
8,2016,WI,0
9,2016,WI,0
10,2016,WI,0
11,2016,WI,0
12,2016,WI,0
1,2017,WI,0
2,2017,WI,0
3,2017,WI,0
4,2017,WI,0
5,2017,WI,1657934
6,2017,WI,1689270
7,2017,WI,1447168
8,2017,WI,1480026
9,2017,WI,1236048
10,2017,WI,2044190
11,2017,WI,2122549
12,2017,WI,1921519
1,2018,WI,2131746
2,2018,WI,1690406
3,2018,WI,2109389
4,2018,WI,1738290
5,2018,WI,2604629
6,2018,WI,1193725
7,2018,WI,1795795
8,2018,WI,2635949
9,2018,WI,2487343
10,2018,WI,854555
11,2018,WI,681000
12,2018,WI,788547
1,2019,WI,1329432
2,2019,WI,982250
3,2019,WI,1343397
4,2019,WI,1803776
5,2019,WI,1223432
6,2019,WI,566138
7,2019,WI,727737
8,2019,WI,908243
9,2019,WI,1083142
7,2017,WL,312284
9,2017,WL,312284
10,2017,WL,263000
11,2017,WL,100314
1,2018,WL,82388
2,2018,WL,61164
3,2018,WL,46314
4,2018,WL,52463
5,2018,WL,78656
6,2018,WL,201955
7,2018,WL,286478
8,2018,WL,83462
9,2018,WL,286478
10,2018,WL,35612
11,2018,WL,50239
12,2018,WL,64970
1,2019,WL,47941
2,2019,WL,26298
3,2019,WL,59090
4,2019,WL,79328
5,2019,WL,294940
6,2019,WL,293553
7,2019,WL,132582
8,2019,WL,107448
9,2019,WL,54268
1,2015,WN,143446711
2,2015,WN,128520220
3,2015,WN,163113579
4,2015,WN,160521743
5,2015,WN,163746302
6,2015,WN,169218120
7,2015,WN,177917461
8,2015,WN,165183120
9,2015,WN,151147735
10,2015,WN,158326581
11,2015,WN,159018770
12,2015,WN,163986221
1,2016,WN,154506208
2,2016,WN,145687543
3,2016,WN,172667623
4,2016,WN,166117580
5,2016,WN,170290207
6,2016,WN,177255565
7,2016,WN,181536858
8,2016,WN,171922013
9,2016,WN,159763907
10,2016,WN,164479409
11,2016,WN,163961084
12,2016,WN,170448086
1,2017,WN,163668244
2,2017,WN,146176836
3,2017,WN,178011428
4,2017,WN,176661619
5,2017,WN,176809930
6,2017,WN,183004072
7,2017,WN,189005940
8,2017,WN,178563862
9,2017,WN,154648357
10,2017,WN,166045635
11,2017,WN,165736626
12,2017,WN,169715224
1,2018,WN,163167179
2,2018,WN,147043749
3,2018,WN,179607460
4,2018,WN,176668524
5,2018,WN,181840135
6,2018,WN,185129904
7,2018,WN,192090791
8,2018,WN,179609720
9,2018,WN,164189029
10,2018,WN,176928962
11,2018,WN,175169115
12,2018,WN,175889193
1,2019,WN,164881708
2,2019,WN,148670558
3,2019,WN,180277656
4,2019,WN,173423712
5,2019,WN,179914831
6,2019,WN,179131347
7,2019,WN,185099344
8,2019,WN,176971032
9,2019,WN,162505172
1,2015,WP,150568
2,2015,WP,142475
3,2015,WP,155602
4,2015,WP,139183
5,2015,WP,153319
6,2015,WP,80875
7,2015,WP,96694
8,2015,WP,97531
9,2015,WP,95750
10,2015,WP,104172
11,2015,WP,94766
12,2015,WP,101145
1,2016,WP,97142
2,2016,WP,92320
3,2016,WP,121341
4,2016,WP,126195
5,2016,WP,128211
6,2016,WP,166912
7,2016,WP,176438
8,2016,WP,174085
9,2016,WP,161426
10,2016,WP,162251
11,2016,WP,160589
12,2016,WP,165446
1,2017,WP,195365
2,2017,WP,207976
3,2017,WP,254069
4,2017,WP,264308
5,2017,WP,246723
6,2017,WP,352203
7,2017,WP,418321
8,2017,WP,353451
9,2017,WP,251788
1,2015,X9,2796447
2,2015,X9,2644887
3,2015,X9,2026283
4,2015,X9,2890980
5,2015,X9,2693590
6,2015,X9,2782806
7,2015,X9,2915170
8,2015,X9,2678992
9,2015,X9,2981545
10,2015,X9,3359809
11,2015,X9,1693476
12,2015,X9,1766526
1,2016,X9,2761585
2,2016,X9,3021324
3,2016,X9,2295678
4,2016,X9,2878007
5,2016,X9,2129372
6,2016,X9,2604815
7,2016,X9,2872106
8,2016,X9,2930967
9,2016,X9,2166954
10,2016,X9,3274672
11,2016,X9,2153350
12,2016,X9,2174816
1,2017,X9,3338563
2,2017,X9,3189352
3,2017,X9,3096905
4,2017,X9,3119665
5,2017,X9,2772831
6,2017,X9,3157092
7,2017,X9,3627226
8,2017,X9,2627254
9,2017,X9,2944213
10,2017,X9,4107690
11,2017,X9,2805784
12,2017,X9,1949379
1,2018,X9,3067287
2,2018,X9,3435632
3,2018,X9,3659123
4,2018,X9,3762178
5,2018,X9,3682270
6,2018,X9,3994567
7,2018,X9,3895754
8,2018,X9,3633958
9,2018,X9,3417228
10,2018,X9,5036755
11,2018,X9,3646422
12,2018,X9,2531738
1,2019,X9,4086224
2,2019,X9,3605900
3,2019,X9,3930718
4,2019,X9,4018053
5,2019,X9,3304549
6,2019,X9,3496231
7,2019,X9,4137049
8,2019,X9,3363696
9,2019,X9,3943414
1,2015,XP,272179
2,2015,XP,305476
3,2015,XP,382536
4,2015,XP,271504
5,2015,XP,318707
6,2015,XP,509318
7,2015,XP,490417
8,2015,XP,280951
9,2015,XP,225339
10,2015,XP,513070
11,2015,XP,598136
12,2015,XP,489624
1,2016,XP,759821
2,2016,XP,672345
3,2016,XP,850482
4,2016,XP,577352
5,2016,XP,556146
6,2016,XP,739590
7,2016,XP,780957
8,2016,XP,407018
9,2016,XP,405758
10,2016,XP,499363
11,2016,XP,539809
12,2016,XP,568491
1,2017,XP,699293
2,2017,XP,462446
3,2017,XP,607683
4,2017,XP,424248
5,2017,XP,429178
6,2017,XP,259711
7,2017,XP,626693
8,2017,XP,282469
9,2017,XP,330096
11,2017,XP,509360
12,2017,XP,466805
1,2018,XP,550328
2,2018,XP,449567
3,2018,XP,502741
4,2018,XP,263082
5,2018,XP,128273
6,2018,XP,0
7,2018,XP,0
8,2018,XP,0
9,2018,XP,0
11,2018,XP,1581
12,2018,XP,0
1,2019,XP,2501
2,2019,XP,2851
3,2019,XP,0
4,2019,XP,0
5,2019,XP,0
6,2019,XP,0
7,2019,XP,0
8,2019,XP,0
9,2019,XP,0
1,2015,YV,0
2,2015,YV,0
3,2015,YV,0
4,2015,YV,0
5,2015,YV,0
6,2015,YV,0
7,2015,YV,0
8,2015,YV,0
9,2015,YV,0
10,2015,YV,0
11,2015,YV,0
12,2015,YV,0
1,2016,YV,0
2,2016,YV,0
3,2016,YV,0
4,2016,YV,0
5,2016,YV,0
6,2016,YV,0
7,2016,YV,0
8,2016,YV,0
9,2016,YV,0
10,2016,YV,0
11,2016,YV,0
12,2016,YV,0
1,2017,YV,0
2,2017,YV,0
3,2017,YV,0
4,2017,YV,0
5,2017,YV,0
6,2017,YV,0
7,2017,YV,0
8,2017,YV,0
9,2017,YV,0
10,2017,YV,0
11,2017,YV,0
12,2017,YV,0
1,2018,YV,0
2,2018,YV,0
3,2018,YV,0
4,2018,YV,0
5,2018,YV,0
6,2018,YV,0
7,2018,YV,0
8,2018,YV,0
9,2018,YV,0
10,2018,YV,0
11,2018,YV,0
12,2018,YV,0
1,2019,YV,0
2,2019,YV,0
3,2019,YV,0
4,2019,YV,0
5,2019,YV,0
6,2019,YV,0
7,2019,YV,0
8,2019,YV,0
9,2019,YV,0
1,2015,YX,13863113
2,2015,YX,12748014
3,2015,YX,14890099
4,2015,YX,14753451
5,2015,YX,14720553
6,2015,YX,14666877
7,2015,YX,15430476
8,2015,YX,14684188
9,2015,YX,13330049
10,2015,YX,13190456
11,2015,YX,12031506
12,2015,YX,12998931
1,2016,YX,12732476
2,2016,YX,11730250
3,2016,YX,13995700
4,2016,YX,12792878
5,2016,YX,11820783
6,2016,YX,11611850
7,2016,YX,11951675
8,2016,YX,12008810
9,2016,YX,10210565
10,2016,YX,10410132
11,2016,YX,0
12,2016,YX,0
1,2017,YX,0
2,2017,YX,0
3,2017,YX,0
4,2017,YX,0
5,2017,YX,0
6,2017,YX,0
7,2017,YX,0
8,2017,YX,0
9,2017,YX,0
10,2017,YX,0
11,2017,YX,0
12,2017,YX,0
1,2018,YX,22451
2,2018,YX,22181
3,2018,YX,21202
4,2018,YX,33454
5,2018,YX,30609
6,2018,YX,15754
7,2018,YX,28582
8,2018,YX,32883
9,2018,YX,31165
10,2018,YX,27692
11,2018,YX,39717
12,2018,YX,21048
1,2019,YX,20121
2,2019,YX,41318
3,2019,YX,13935
4,2019,YX,13919
5,2019,YX,18888
6,2019,YX,18137
7,2019,YX,27361
8,2019,YX,22245
9,2019,YX,22895
1,2015,ZW,6472639
2,2015,ZW,5878909
3,2015,ZW,6624096
4,2015,ZW,6694082
5,2015,ZW,6847837
6,2015,ZW,6925613
7,2015,ZW,7237519
8,2015,ZW,7127324
9,2015,ZW,6636047
10,2015,ZW,6797089
11,2015,ZW,6380123
12,2015,ZW,6573348
1,2016,ZW,6016332
2,2016,ZW,5867191
3,2016,ZW,6588736
4,2016,ZW,6281133
5,2016,ZW,6510272
6,2016,ZW,6353609
7,2016,ZW,6345731
8,2016,ZW,6353980
9,2016,ZW,10633
10,2016,ZW,14322
11,2016,ZW,4611
12,2016,ZW,7716
1,2017,ZW,3636
2,2017,ZW,4302
3,2017,ZW,3417
4,2017,ZW,6569
5,2017,ZW,9096
6,2017,ZW,5082
7,2017,ZW,7268
8,2017,ZW,11462
9,2017,ZW,14821
10,2017,ZW,12882
11,2017,ZW,12089
12,2017,ZW,43910
