wheels_off,frequency,relative_frequency
609.0,27050,0.001727968450170724
610.0,26988,0.0017240078570501848
611.0,26721,0.0017069517544181854
608.0,26520,0.001694111767043534
612.0,25885,0.0016535476278251087
607.0,25065,0.0016011655897792678
613.0,25034,0.0015991852932189983
614.0,24093,0.0015390737105346857
615.0,23150,0.001478834366781969
606.0,23132,0.0014776845171663286
709.0,21974,0.0014037108585601289
710.0,21958,0.001402688770012893
616.0,21956,0.0014025610089444885
617.0,21806,0.0013929789288141517
711.0,21506,0.0013738147685534783
708.0,21430,0.0013689598479541076
605.0,21200,0.0013542673250875913
712.0,21124,0.0013494124044882208
713.0,21124,0.0013494124044882208
618.0,21007,0.001341938381986558
707.0,20740,0.0013248822793545587
714.0,20279,0.0012954333530873238
715.0,20111,0.0012847014233413466
619.0,20095,0.0012836793347941109
620.0,19777,0.001263365324917797
706.0,19613,0.0012528889173086288
716.0,19478,0.0012442650451913258
621.0,19053,0.0012171158181553717
717.0,18987,0.0012128997028980236
718.0,18873,0.0012056173219989676
622.0,18769,0.0011989737464419342
705.0,18754,0.0011980155384289004
719.0,18455,0.0011789152587024293
604.0,18381,0.001174188099171463
720.0,18172,0.001160837067523194
623.0,18143,0.0011589845320313288
721.0,17784,0.001136051420252723
704.0,17768,0.001135029331705487
624.0,17683,0.0011295994862982961
1010.0,17530,0.0011198257645653527
1014.0,17347,0.001108135626806342
1013.0,17343,0.001107880104669533
1012.0,17328,0.0011069218966564991
723.0,17255,0.0011022586176597353
722.0,17247,0.0011017475733861174
1009.0,17218,0.0010998950378942522
1015.0,17156,0.001095934444773713
625.0,17151,0.0010956150421027018
1017.0,17146,0.0010952956394316906
1020.0,17090,0.001091718329516365
1011.0,17078,0.001090951763105938
724.0,17041,0.001088588183340455
1016.0,17016,0.0010869911699853988
1021.0,17003,0.0010861607230407697
1018.0,17002,0.0010860968425065675
809.0,16996,0.001085713559301354
840.0,16970,0.0010840526654120955
1808.0,16964,0.001083669382206882
1023.0,16960,0.0010834138600700732
837.0,16954,0.0010830305768648597
1007.0,16944,0.0010823917715228372
839.0,16936,0.0010818807272492193
1008.0,16931,0.001081561324578208
810.0,16904,0.0010798365501547473
1809.0,16886,0.001078686700539107
838.0,16856,0.0010767702845130395
1019.0,16817,0.001074278943679152
808.0,16798,0.0010730652135293095
1208.0,16791,0.0010726180497898938
1801.0,16788,0.001072426408187287
1213.0,16784,0.001072170886050478
1807.0,16783,0.0010721070055162757
1800.0,16775,0.0010715959612426578
1805.0,16763,0.0010708293948322309
836.0,16762,0.0010707655142980286
1308.0,16747,0.0010698073062849949
835.0,16747,0.0010698073062849949
1215.0,16745,0.0010696795452165904
1207.0,16744,0.0010696156646823882
841.0,16739,0.001069296262011377
1209.0,16724,0.0010683380539983434
1022.0,16718,0.00106795477079313
1802.0,16713,0.0010676353681221187
1811.0,16701,0.0010668688017116917
1804.0,16700,0.0010668049211774895
1806.0,16695,0.0010664855185064783
1210.0,16679,0.0010654634299592423
1219.0,16679,0.0010654634299592423
1025.0,16672,0.0010650162662198266
1758.0,16652,0.0010637386555357817
1211.0,16645,0.001063291491796366
1214.0,16644,0.0010632276112621636
1024.0,16636,0.0010627165669885457
1813.0,16633,0.0010625249253859391
1217.0,16613,0.001061247314701894
811.0,16601,0.0010604807482914671
1221.0,16596,0.001060161345620456
1212.0,16594,0.0010600335845520515
843.0,16594,0.0010600335845520515
1005.0,16583,0.0010593308986758267
1310.0,16582,0.0010592670181416245
1030.0,16576,0.001058883734936411
1803.0,16571,0.0010585643322653998
1238.0,16570,0.0010585004517311976
1309.0,16567,0.001058308810128591
1032.0,16566,0.0010582449295943887
1814.0,16545,0.0010569034383761415
703.0,16540,0.0010565840357051302
1026.0,16536,0.0010563285135683214
1759.0,16536,0.0010563285135683214
842.0,16536,0.0010563285135683214
1028.0,16534,0.0010562007524999167
807.0,16534,0.0010562007524999167
1115.0,16526,0.0010556897082262989
1034.0,16519,0.0010552425444868832
626.0,16515,0.0010549870223500741
1205.0,16511,0.001054731500213265
1113.0,16511,0.001054731500213265
1029.0,16495,0.0010537094116660293
1027.0,16493,0.0010535816505976247
1810.0,16492,0.0010535177700634224
812.0,16481,0.0010528150841871977
1228.0,16478,0.001052623442584591
1757.0,16475,0.0010524318009819845
1006.0,16468,0.0010519846372425686
1815.0,16464,0.0010517291151057597
1239.0,16454,0.0010510903097637372
910.0,16445,0.001050515384955917
1224.0,16444,0.0010504515044217147
1220.0,16443,0.0010503876238875125
1031.0,16443,0.0010503876238875125
834.0,16442,0.0010503237433533103
1035.0,16440,0.0010501959822849058
1307.0,16438,0.0010500682212165012
1237.0,16438,0.0010500682212165012
1305.0,16433,0.0010497488185454902
1218.0,16430,0.0010495571769428833
1812.0,16424,0.0010491738937376698
1216.0,16423,0.0010491100132034676
1222.0,16404,0.001047896283053625
1139.0,16386,0.0010467464334379846
1223.0,16386,0.0010467464334379846
1206.0,16378,0.0010462353891643665
1004.0,16378,0.0010462353891643665
1229.0,16377,0.0010461715086301643
1710.0,16377,0.0010461715086301643
1709.0,16374,0.0010459798670275577
1109.0,16362,0.0010452133006171307
1033.0,16352,0.0010445744952751082
1233.0,16349,0.0010443828536725016
1110.0,16347,0.001044255092604097
1235.0,16347,0.001044255092604097
1136.0,16320,0.0010425303181806364
1714.0,16311,0.001041955393372816
1114.0,16308,0.0010417637517702095
1135.0,16307,0.0010416998712360073
813.0,16306,0.001041635990701805
814.0,16302,0.001041380468564996
1130.0,16301,0.0010413165880307938
1108.0,16297,0.0010410610658939847
1242.0,16296,0.0010409971853597825
1128.0,16295,0.0010409333048255803
1304.0,16291,0.0010406777826887713
844.0,16288,0.0010404861410861646
1038.0,16284,0.0010402306189493556
909.0,16282,0.0010401028578809512
806.0,16267,0.0010391446498679174
1311.0,16265,0.001039016888799513
1037.0,16264,0.0010389530082653108
1138.0,16260,0.0010386974861285017
1112.0,16258,0.0010385697250600973
627.0,16257,0.0010385058445258949
1306.0,16255,0.0010383780834574904
1132.0,16249,0.001037994800252277
725.0,16247,0.0010378670391838726
1241.0,16244,0.0010376753975812657
1036.0,16243,0.0010376115170470635
1232.0,16242,0.0010375476365128613
833.0,16241,0.001037483755978659
635.0,16239,0.0010373559949102547
1236.0,16235,0.0010371004727734456
1713.0,16234,0.0010370365922392434
845.0,16232,0.0010369088311708388
908.0,16231,0.0010368449506366366
1711.0,16230,0.0010367810701024343
1133.0,16218,0.0010360145036920074
1712.0,16217,0.0010359506231578052
1312.0,16209,0.0010354395788841873
907.0,16207,0.0010353118178157827
1142.0,16198,0.0010347368930079626
1227.0,16197,0.0010346730124737604
1756.0,16193,0.0010344174903369513
1240.0,16190,0.0010342258487343445
1230.0,16189,0.0010341619682001423
1116.0,16188,0.00103409808766594
1140.0,16180,0.0010335870433923222
632.0,16178,0.0010334592823239175
849.0,16177,0.0010333954017897153
1204.0,16168,0.0010328204769818952
1225.0,16165,0.0010326288353792884
1234.0,16163,0.001032501074310884
1816.0,16161,0.0010323733132424795
1141.0,16160,0.0010323094327082771
628.0,16157,0.0010321177911056705
1134.0,16157,0.0010321177911056705
1818.0,16152,0.0010317983884346592
854.0,16148,0.0010315428662978502
1039.0,16145,0.0010313512246952435
850.0,16134,0.0010306485388190188
1755.0,16133,0.0010305846582848166
852.0,16132,0.0010305207777506144
1137.0,16130,0.0010303930166822098
1129.0,16126,0.001030137494545401
738.0,16125,0.0010300736140111987
853.0,16123,0.001029945852942794
735.0,16115,0.0010294348086691762
1313.0,16114,0.001029370928134974
1040.0,16103,0.0010286682422587492
847.0,16098,0.001028348839587738
1708.0,16097,0.0010282849590535358
1111.0,16094,0.0010280933174509291
1226.0,16089,0.0010277739147799179
634.0,16084,0.0010274545121089066
1253.0,16080,0.0010271989899720976
815.0,16076,0.0010269434678352887
1259.0,16075,0.0010268795873010863
818.0,16074,0.001026815706766884
846.0,16063,0.0010261130208906594
832.0,16063,0.0010261130208906594
737.0,16060,0.0010259213792880527
1118.0,16058,0.0010257936182196483
736.0,16055,0.0010256019766170415
726.0,16050,0.0010252825739460302
1707.0,16048,0.0010251548128776258
1120.0,16048,0.0010251548128776258
1231.0,16047,0.0010250909323434236
1203.0,16046,0.0010250270518092214
1715.0,16043,0.0010248354102066145
1124.0,16040,0.001024643768604008
1107.0,16036,0.0010243882464671989
1119.0,16036,0.0010243882464671989
1754.0,16035,0.0010243243659329966
1003.0,16030,0.0010240049632619854
1243.0,16026,0.0010237494411251763
1753.0,16024,0.001023621680056772
631.0,16020,0.0010233661579199629
906.0,16020,0.0010233661579199629
851.0,16020,0.0010233661579199629
1244.0,16017,0.0010231745163173562
1817.0,16012,0.001022855113646345
1117.0,16002,0.0010222163083043224
636.0,15991,0.001021513622428098
1123.0,15990,0.0010214497418938955
1717.0,15987,0.0010212581002912889
855.0,15987,0.0010212581002912889
1121.0,15978,0.0010206831754834686
820.0,15976,0.0010205554144150641
1254.0,15972,0.001020299892278255
912.0,15967,0.001019980489607244
1125.0,15966,0.0010199166090730416
1819.0,15964,0.0010197888480046372
857.0,15963,0.001019724967470435
816.0,15961,0.0010195972064020306
1126.0,15960,0.0010195333258678281
1303.0,15958,0.0010194055647994237
1143.0,15956,0.0010192778037310193
1248.0,15956,0.0010192778037310193
848.0,15956,0.0010192778037310193
1131.0,15950,0.0010188945205258058
1042.0,15943,0.0010184473567863902
1247.0,15942,0.0010183834762521877
1122.0,15942,0.0010183834762521877
1302.0,15927,0.0010174252682391542
1719.0,15925,0.0010172975071707497
1716.0,15923,0.0010171697461023451
637.0,15921,0.0010170419850339407
1300.0,15920,0.0010169781044997385
911.0,15917,0.0010167864628971316
1127.0,15912,0.0010164670602261204
904.0,15909,0.0010162754186235138
819.0,15908,0.0010162115380893115
1258.0,15899,0.0010156366132814912
1257.0,15897,0.0010155088522130868
1246.0,15897,0.0010155088522130868
603.0,15897,0.0010155088522130868
734.0,15896,0.0010154449716788846
1041.0,15895,0.0010153810911446824
914.0,15893,0.0010152533300762778
905.0,15887,0.0010148700468710643
1144.0,15878,0.0010142951220632442
630.0,15875,0.0010141034804606373
1314.0,15863,0.0010133369140502104
1752.0,15857,0.001012953630844997
1250.0,15851,0.0010125703476397835
1245.0,15850,0.0010125064671055813
1256.0,15847,0.0010123148255029746
1315.0,15846,0.0010122509449687724
1301.0,15843,0.0010120593033661656
913.0,15836,0.0010116121396267499
1820.0,15834,0.0010114843785583455
1249.0,15830,0.0010112288564215364
728.0,15826,0.0010109733342847274
1255.0,15823,0.0010107816926821207
831.0,15819,0.0010105261705453117
1609.0,15817,0.0010103984094769073
1105.0,15816,0.001010334528942705
739.0,15815,0.0010102706484085026
727.0,15815,0.0010102706484085026
858.0,15809,0.0010098873652032892
823.0,15793,0.0010088652766560534
817.0,15785,0.0010083542323824353
821.0,15780,0.0010080348297114242
633.0,15778,0.0010079070686430196
1200.0,15777,0.0010078431881088174
822.0,15772,0.0010075237854378061
828.0,15765,0.0010070766216983904
1539.0,15761,0.0010068210995615816
856.0,15760,0.0010067572190273792
830.0,15759,0.001006693338493177
829.0,15751,0.001006182294219559
1159.0,15747,0.00100592677208275
729.0,15746,0.0010058628915485478
1002.0,15737,0.0010052879667407277
1252.0,15732,0.0010049685640697165
1106.0,15730,0.0010048408030013118
638.0,15723,0.0010043936392618961
1720.0,15721,0.0010042658781934917
1145.0,15721,0.0010042658781934917
903.0,15715,0.0010038825949882783
1251.0,15713,0.0010037548339198738
1718.0,15709,0.0010034993117830648
1202.0,15708,0.0010034354312488626
805.0,15698,0.00100279662590684
827.0,15694,0.001002541103770031
1148.0,15694,0.001002541103770031
1821.0,15684,0.0010019022984280087
733.0,15679,0.0010015828957569974
859.0,15674,0.0010012634930859862
1201.0,15673,0.001001199612551784
1750.0,15645,0.000999410957594121
1519.0,15641,0.0009991554354573122
825.0,15641,0.0009991554354573122
1149.0,15639,0.0009990276743889076
1439.0,15638,0.0009989637938547053
1558.0,15636,0.000998836032786301
740.0,15632,0.0009985805106494919
1706.0,15628,0.000998324988512683
1705.0,15624,0.000998069466375874
1749.0,15620,0.000997813944239065
1146.0,15619,0.0009977500637048627
1044.0,15619,0.0009977500637048627
639.0,15616,0.000997558422102256
1522.0,15611,0.0009972390194312448
1000.0,15608,0.000997047377828638
1104.0,15604,0.0009967918556918292
1152.0,15601,0.0009966002140892223
1530.0,15599,0.0009964724530208179
1525.0,15596,0.000996280811418211
901.0,15589,0.0009958336476787954
1724.0,15587,0.000995705886610391
1150.0,15587,0.000995705886610391
1443.0,15585,0.0009955781255419863
1608.0,15584,0.000995514245007784
1515.0,15583,0.000995450364473582
1441.0,15583,0.000995450364473582
1740.0,15583,0.000995450364473582
1722.0,15580,0.0009952587228709753
1721.0,15572,0.0009947476785973572
1748.0,15570,0.0009946199175289527
731.0,15559,0.000993917231652728
1523.0,15559,0.000993917231652728
824.0,15552,0.0009934700679133123
1158.0,15546,0.0009930867847080989
1612.0,15546,0.0009930867847080989
1524.0,15546,0.0009930867847080989
1440.0,15541,0.0009927673820370876
1751.0,15541,0.0009927673820370876
1610.0,15540,0.0009927035015028854
1533.0,15537,0.0009925118599002788
1723.0,15537,0.0009925118599002788
1043.0,15530,0.0009920646961608629
730.0,15528,0.0009919369350924584
1611.0,15527,0.0009918730545582562
1100.0,15522,0.000991553651887245
1512.0,15515,0.0009911064881478293
1822.0,15515,0.0009911064881478293
1410.0,15514,0.000991042607613627
629.0,15508,0.0009906593244084136
1508.0,15508,0.0009906593244084136
732.0,15505,0.0009904676828058068
1529.0,15504,0.0009904038022716046
1747.0,15499,0.0009900843996005933
1600.0,15498,0.000990020519066391
1823.0,15497,0.0009899566385321889
1744.0,15492,0.0009896372358611776
702.0,15490,0.0009895094747927732
1527.0,15486,0.0009892539526559641
1521.0,15486,0.0009892539526559641
1553.0,15483,0.0009890623110533575
1742.0,15482,0.000988998430519155
915.0,15481,0.0009889345499849529
900.0,15477,0.000988679027848144
1552.0,15471,0.0009882957446429306
1409.0,15463,0.0009877847003693125
1438.0,15462,0.0009877208198351103
1147.0,15461,0.000987656939300908
1151.0,15459,0.0009875291782325036
1059.0,15459,0.0009875291782325036
1520.0,15455,0.0009872736560956946
1531.0,15453,0.0009871458950272902
1001.0,15453,0.0009871458950272902
1613.0,15451,0.0009870181339588855
1538.0,15444,0.0009865709702194699
1445.0,15442,0.0009864432091510654
1746.0,15440,0.0009863154480826608
1542.0,15437,0.0009861238064800542
1607.0,15436,0.000986059925945852
1436.0,15434,0.0009859321648774473
1102.0,15433,0.0009858682843432451
1743.0,15428,0.0009855488816722339
902.0,15420,0.000985037837398616
1153.0,15417,0.0009848461957960093
1614.0,15417,0.0009848461957960093
1534.0,15413,0.0009845906736592003
1528.0,15413,0.0009845906736592003
1739.0,15411,0.0009844629125907959
826.0,15409,0.0009843351515223912
1513.0,15409,0.0009843351515223912
1526.0,15409,0.0009843351515223912
1154.0,15408,0.000984271270988189
1536.0,15405,0.0009840796293855824
1535.0,15403,0.0009839518683171778
1444.0,15400,0.0009837602267145711
1446.0,15394,0.0009833769435093577
1518.0,15393,0.0009833130629751555
1556.0,15386,0.0009828658992357398
1606.0,15379,0.0009824187354963239
1510.0,15378,0.0009823548549621217
1103.0,15376,0.0009822270938937173
1437.0,15364,0.0009814605274832903
1511.0,15362,0.0009813327664148859
1555.0,15353,0.0009807578416070656
1408.0,15352,0.0009806939610728634
1316.0,15351,0.0009806300805386612
1605.0,15350,0.000980566200004459
1738.0,15341,0.0009799912751966386
1540.0,15338,0.000979799633594032
959.0,15336,0.0009796718725256274
1509.0,15334,0.000979544111457223
1517.0,15332,0.0009794163503888185
1516.0,15325,0.0009789691866494026
1725.0,15319,0.0009785859034441892
1726.0,15317,0.0009784581423757847
1741.0,15313,0.0009782026202389757
1551.0,15312,0.0009781387397047735
1603.0,15309,0.0009779470981021669
1155.0,15308,0.0009778832175679647
1704.0,15307,0.0009778193370337622
1604.0,15306,0.00097775545649956
1728.0,15305,0.0009776915759653578
1824.0,15303,0.0009775638148969534
917.0,15301,0.000977436053828549
1554.0,15301,0.000977436053828549
1537.0,15297,0.00097718053169174
1557.0,15293,0.0009769250095549309
1156.0,15293,0.0009769250095549309
1514.0,15293,0.0009769250095549309
1548.0,15286,0.0009764778458155152
1543.0,15286,0.0009764778458155152
1319.0,15285,0.000976413965281313
1559.0,15281,0.0009761584431445039
1434.0,15278,0.0009759668015418972
1745.0,15277,0.000975902921007695
1729.0,15275,0.0009757751599392905
1412.0,15267,0.0009752641156656726
1157.0,15265,0.000975136354597268
1045.0,15261,0.0009748808324604591
1737.0,15259,0.0009747530713920546
958.0,15258,0.0009746891908578524
1414.0,15258,0.0009746891908578524
1442.0,15257,0.00097462531032365
1047.0,15254,0.0009744336687210433
1730.0,15253,0.0009743697881868411
741.0,15252,0.0009743059076526389
1046.0,15250,0.0009741781465842344
1532.0,15247,0.0009739865049816276
1506.0,15246,0.0009739226244474254
804.0,15246,0.0009739226244474254
1448.0,15243,0.0009737309828448187
1449.0,15239,0.0009734754607080097
952.0,15238,0.0009734115801738074
1615.0,15234,0.0009731560580369985
1545.0,15234,0.0009731560580369985
1101.0,15233,0.0009730921775027963
957.0,15225,0.0009725811332291783
1547.0,15219,0.0009721978500239648
955.0,15217,0.0009720700889555603
1407.0,15217,0.0009720700889555603
1546.0,15215,0.0009719423278871558
1544.0,15210,0.0009716229252161446
1549.0,15209,0.0009715590446819424
640.0,15209,0.0009715590446819424
1734.0,15201,0.0009710480004083244
956.0,15199,0.0009709202393399199
1736.0,15197,0.0009707924782715154
954.0,15192,0.0009704730756005042
1727.0,15191,0.000970409195066302
1541.0,15187,0.0009701536729294929
1703.0,15187,0.0009701536729294929
1601.0,15183,0.000969898150792684
918.0,15180,0.0009697065091900772
1507.0,15178,0.0009695787481216727
1550.0,15174,0.0009693232259848638
1049.0,15172,0.0009691954649164592
1433.0,15169,0.0009690038233138525
953.0,15165,0.0009687483011770436
1827.0,15157,0.0009682372569034256
1825.0,15154,0.0009680456153008188
1405.0,15146,0.0009675345710272009
1602.0,15145,0.0009674706904929986
1435.0,15142,0.0009672790488903919
1837.0,15140,0.0009671512878219875
1411.0,15136,0.0009668957656851784
1317.0,15135,0.0009668318851509762
916.0,15132,0.0009666402435483695
1318.0,15130,0.0009665124824799649
1447.0,15127,0.0009663208408773583
1733.0,15125,0.0009661930798089538
1057.0,15123,0.0009660653187405493
1058.0,15114,0.000965490393932729
1431.0,15099,0.0009645321859196954
1413.0,15096,0.0009643405443170886
1828.0,15096,0.0009643405443170886
1616.0,15092,0.0009640850221802797
1505.0,15090,0.0009639572611118752
1838.0,15089,0.000963893380577673
1432.0,15081,0.000963382336304055
1839.0,15073,0.0009628712920304371
1406.0,15072,0.0009628074114962348
1415.0,15070,0.0009626796504278303
1735.0,15067,0.0009624880088252236
919.0,15064,0.0009622963672226169
1050.0,15060,0.0009620408450858078
1844.0,15059,0.0009619769645516056
1054.0,15058,0.0009619130840174034
1048.0,15052,0.0009615298008121899
1453.0,15049,0.0009613381592095832
1430.0,15042,0.0009608909954701674
1450.0,15041,0.0009608271149359652
1418.0,15041,0.0009608271149359652
1849.0,15033,0.0009603160706623472
1417.0,15033,0.0009603160706623472
1731.0,15024,0.000959741145854527
1732.0,15024,0.000959741145854527
1659.0,15010,0.0009588468183756956
1847.0,15009,0.0009587829378414934
1428.0,15004,0.0009584635351704822
1404.0,14997,0.0009580163714310665
1834.0,14996,0.0009579524908968642
950.0,14989,0.0009575053271574485
1701.0,14989,0.0009575053271574485
1843.0,14978,0.0009568026412812237
1617.0,14976,0.0009566748802128193
1848.0,14975,0.000956610999678617
1840.0,14960,0.0009556527916655833
1835.0,14958,0.0009555250305971789
1832.0,14954,0.0009552695084603699
1429.0,14954,0.0009552695084603699
1702.0,14952,0.0009551417473919654
1055.0,14949,0.0009549501057893587
1845.0,14940,0.0009543751809815385
1052.0,14940,0.0009543751809815385
1358.0,14933,0.0009539280172421227
1451.0,14932,0.0009538641367079205
1829.0,14930,0.000953736375639516
1053.0,14929,0.0009536724951053138
1320.0,14916,0.0009528420481606846
1850.0,14911,0.0009525226454896733
1452.0,14906,0.0009522032428186621
1357.0,14903,0.0009520116012160554
1416.0,14901,0.0009518838401476509
1841.0,14898,0.0009516921985450442
742.0,14892,0.0009513089153398307
1842.0,14892,0.0009513089153398307
1826.0,14891,0.0009512450348056285
1658.0,14889,0.000951117273737224
1400.0,14879,0.0009504784683952016
1419.0,14877,0.000950350707326797
1830.0,14876,0.0009502868267925948
940.0,14876,0.0009502868267925948
1833.0,14870,0.0009499035435873814
1458.0,14859,0.0009492008577111566
1355.0,14858,0.0009491369771769544
951.0,14851,0.0009486898134375386
949.0,14851,0.0009486898134375386
1618.0,14848,0.0009484981718349319
1500.0,14822,0.0009468372779456736
920.0,14820,0.0009467095168772691
1051.0,14810,0.0009460707115352467
1454.0,14797,0.0009452402645906174
1502.0,14795,0.000945112503522213
1427.0,14793,0.0009449847424538085
1359.0,14790,0.0009447931008512017
1056.0,14788,0.0009446653397827972
948.0,14785,0.0009444736981801905
1423.0,14782,0.0009442820565775837
1402.0,14772,0.0009436432512355613
2008.0,14771,0.0009435793707013591
803.0,14764,0.0009431322069619434
1640.0,14762,0.0009430044458935389
1836.0,14759,0.0009428128042909322
1851.0,14758,0.0009427489237567299
1421.0,14758,0.0009427489237567299
1657.0,14756,0.0009426211626883254
1321.0,14755,0.0009425572821541232
1641.0,14747,0.0009420462378805052
1637.0,14746,0.000941982357346303
1909.0,14742,0.000941726835209494
1401.0,14740,0.0009415990741410895
1349.0,14729,0.0009408963882648648
2010.0,14723,0.0009405131050596513
1503.0,14723,0.0009405131050596513
1653.0,14722,0.0009404492245254491
1639.0,14716,0.0009400659413202356
1403.0,14714,0.0009399381802518311
939.0,14713,0.0009398742997176289
743.0,14713,0.0009398742997176289
928.0,14711,0.0009397465386492244
1455.0,14711,0.0009397465386492244
1846.0,14706,0.0009394271359782131
1351.0,14704,0.0009392993749098087
943.0,14702,0.0009391716138414042
1857.0,14702,0.0009391716138414042
1831.0,14702,0.0009391716138414042
1636.0,14700,0.0009390438527729997
1638.0,14695,0.0009387244501019885
1504.0,14694,0.0009386605695677862
1425.0,14693,0.000938596689033584
1647.0,14693,0.000938596689033584
1700.0,14692,0.0009385328084993818
1853.0,14691,0.0009384689279651794
1354.0,14689,0.000938341166896775
937.0,14685,0.000938085644759966
1655.0,14681,0.000937830122623157
1643.0,14678,0.0009376384810205503
1908.0,14675,0.0009374468394179436
1619.0,14668,0.0009369996756785279
1852.0,14667,0.0009369357951443256
923.0,14655,0.0009361692287338987
1900.0,14654,0.0009361053481996964
1350.0,14654,0.0009361053481996964
1420.0,14652,0.000935977587131292
1858.0,14651,0.0009359137065970897
1654.0,14649,0.0009357859455286853
926.0,14648,0.0009357220649944829
1650.0,14648,0.0009357220649944829
641.0,14645,0.0009355304233918762
1634.0,14644,0.000935466542857674
1644.0,14641,0.0009352749012550673
931.0,14641,0.0009352749012550673
1649.0,14636,0.000934955498584056
1633.0,14636,0.000934955498584056
1459.0,14634,0.0009348277375156516
921.0,14630,0.0009345722153788425
1905.0,14629,0.0009345083348446403
1855.0,14624,0.000934188932173629
1457.0,14620,0.0009339334100368201
941.0,14620,0.0009339334100368201
946.0,14620,0.0009339334100368201
2007.0,14617,0.0009337417684342134
1353.0,14614,0.0009335501268316066
942.0,14612,0.0009334223657632021
925.0,14608,0.0009331668436263932
935.0,14601,0.0009327196798869775
1635.0,14599,0.000932591918818573
929.0,14597,0.0009324641577501684
1422.0,14586,0.0009317614718739438
1352.0,14585,0.0009316975913397415
1642.0,14583,0.0009315698302713371
1914.0,14580,0.0009313781886687303
1912.0,14569,0.0009306755027925056
2003.0,14567,0.0009305477417241011
1910.0,14554,0.0009297172947794719
1630.0,14554,0.0009297172947794719
701.0,14553,0.0009296534142452697
944.0,14552,0.0009295895337110674
930.0,14552,0.0009295895337110674
1628.0,14548,0.0009293340115742585
1907.0,14547,0.0009292701310400562
922.0,14546,0.0009292062505058539
1645.0,14544,0.0009290784894374495
927.0,14538,0.000928695206232236
2005.0,14538,0.000928695206232236
1356.0,14536,0.0009285674451638315
1901.0,14532,0.0009283119230270226
1652.0,14528,0.0009280564008902136
945.0,14526,0.0009279286398218091
2009.0,14519,0.0009274814760823934
947.0,14514,0.0009271620734113822
2006.0,14512,0.0009270343123429776
1911.0,14503,0.0009264593875351574
1903.0,14496,0.0009260122237957417
1323.0,14496,0.0009260122237957417
1656.0,14494,0.0009258844627273372
1915.0,14492,0.0009257567016589328
1913.0,14488,0.0009255011795221237
2012.0,14486,0.0009253734184537193
1620.0,14482,0.0009251178963169103
938.0,14481,0.0009250540157827081
2004.0,14475,0.0009246707325774946
2011.0,14472,0.0009244790909748879
933.0,14469,0.0009242874493722811
924.0,14469,0.0009242874493722811
1648.0,14468,0.0009242235688380789
1501.0,14457,0.0009235208829618542
1902.0,14448,0.000922945958154034
1426.0,14445,0.0009227543165514272
1859.0,14439,0.0009223710333462138
1343.0,14430,0.0009217961085383936
1456.0,14428,0.000921668347469989
1651.0,14427,0.0009216044669357868
1904.0,14416,0.0009209017810595622
1854.0,14414,0.0009207740199911577
1632.0,14403,0.0009200713341149329
936.0,14399,0.000919815811978124
802.0,14394,0.0009194964093071127
1424.0,14386,0.0009189853650334948
1918.0,14384,0.0009188576039650903
1348.0,14384,0.0009188576039650903
1621.0,14381,0.0009186659623624836
1345.0,14378,0.0009184743207598768
2013.0,14370,0.0009179632764862588
1906.0,14358,0.0009171967100758319
1627.0,14337,0.0009158552188575848
1344.0,14333,0.0009155996967207758
1322.0,14328,0.0009152802940497646
1856.0,14323,0.0009149608913787534
1958.0,14318,0.0009146414887077421
744.0,14317,0.0009145776081735399
1631.0,14307,0.0009139388028315174
2024.0,14296,0.0009132361169552928
2002.0,14296,0.0009132361169552928
642.0,14292,0.0009129805948184838
2030.0,14287,0.0009126611921474726
932.0,14284,0.0009124695505448658
1957.0,14280,0.0009122140284080569
1346.0,14273,0.0009117668646686411
1338.0,14272,0.0009117029841344389
745.0,14272,0.0009117029841344389
1622.0,14259,0.0009108725371898097
934.0,14259,0.0009108725371898097
748.0,14258,0.0009108086566556074
1347.0,14242,0.0009097865681083715
1646.0,14235,0.0009093394043689559
1959.0,14233,0.0009092116433005513
2014.0,14231,0.0009090838822321468
1624.0,14227,0.0009088283600953379
1341.0,14227,0.0009088283600953379
2035.0,14224,0.0009086367184927311
1337.0,14210,0.0009077423910138997
1340.0,14199,0.000907039705137675
1342.0,14197,0.0009069119440692705
1623.0,14180,0.0009058259749878324
2029.0,14179,0.0009057620944536301
2027.0,14177,0.0009056343333852257
2028.0,14173,0.0009053788112484166
2031.0,14168,0.0009050594085774055
2033.0,14165,0.0009048677669747987
2025.0,14162,0.000904676125372192
1629.0,14152,0.0009040373200301695
2020.0,14151,0.0009039734394959673
1955.0,14151,0.0009039734394959673
1339.0,14149,0.0009038456784275627
2001.0,14141,0.0009033346341539448
2022.0,14136,0.0009030152314829336
2026.0,14134,0.0009028874704145291
2036.0,14131,0.0009026958288119223
1952.0,14131,0.0009026958288119223
2037.0,14121,0.0009020570234698999
2016.0,14121,0.0009020570234698999
2015.0,14116,0.0009017376207988886
2019.0,14113,0.0009015459791962819
1324.0,14099,0.0009006516517174505
1325.0,14094,0.0009003322490464393
2000.0,14092,0.0009002044879780348
2017.0,14091,0.0009001406074438326
1626.0,14087,0.0008998850853070236
746.0,14084,0.0008996934437044169
2032.0,14083,0.0008996295631702146
2034.0,14063,0.0008983519524861697
1956.0,14049,0.0008974576250073383
2018.0,14047,0.0008973298639389338
1920.0,14036,0.0008966271780627091
1954.0,14030,0.0008962438948574956
1919.0,14024,0.0008958606116522822
2038.0,14022,0.0008957328505838776
1917.0,14007,0.000894774642570844
2040.0,13995,0.000894008076160417
1328.0,13993,0.0008938803150920126
747.0,13990,0.0008936886734894059
1336.0,13985,0.0008933692708183946
1334.0,13985,0.0008933692708183946
1625.0,13983,0.0008932415097499901
1916.0,13980,0.0008930498681473833
1330.0,13970,0.0008924110628053609
1922.0,13955,0.0008914528547923272
750.0,13947,0.0008909418105187094
801.0,13947,0.0008909418105187094
643.0,13945,0.0008908140494503048
1950.0,13944,0.0008907501689161026
2023.0,13941,0.0008905585273134959
1335.0,13929,0.0008897919609030689
1329.0,13903,0.0008881310670138105
751.0,13903,0.0008881310670138105
1953.0,13902,0.0008880671864796083
1948.0,13901,0.000888003305945406
749.0,13888,0.0008871728590007769
1333.0,13883,0.0008868534563297656
754.0,13876,0.0008864062925903499
2039.0,13833,0.0008836594296196534
2041.0,13819,0.0008827651021408219
700.0,13806,0.0008819346551961928
1326.0,13805,0.0008818707746619906
800.0,13797,0.0008813597303883726
2021.0,13795,0.000881231969319968
1921.0,13779,0.0008802098807727322
1327.0,13778,0.00088014600023853
753.0,13760,0.0008789961506228895
758.0,13749,0.0008782934647466648
2043.0,13723,0.0008766325708574064
1946.0,13717,0.0008762492876521929
1923.0,13709,0.000875738243378575
1332.0,13697,0.0008749716769681481
755.0,13695,0.0008748439158997436
1951.0,13694,0.0008747800353655414
2044.0,13656,0.000872352575065856
752.0,13656,0.000872352575065856
1924.0,13613,0.0008696057120951595
1949.0,13610,0.0008694140704925528
759.0,13607,0.000869222428889946
644.0,13587,0.0008679448182059012
1331.0,13566,0.000866603326987654
1943.0,13564,0.0008664755659192495
2042.0,13556,0.0008659645216456315
1925.0,13540,0.0008649424330983956
1947.0,13527,0.0008641119861537665
1939.0,13526,0.0008640481056195642
1945.0,13512,0.0008631537781407328
645.0,13503,0.0008625788533329126
2046.0,13485,0.0008614290037172722
757.0,13477,0.0008609179594436542
756.0,13460,0.0008598319903622161
1940.0,13452,0.0008593209460885981
1929.0,13422,0.0008574045300625307
1927.0,13418,0.0008571490079257218
2045.0,13415,0.0008569573663231151
1930.0,13379,0.0008546576670918342
1938.0,13354,0.0008530606537367781
1926.0,13351,0.0008528690121341714
2047.0,13342,0.0008522940873263512
1944.0,13340,0.0008521663262579467
1937.0,13316,0.0008506331934370928
2048.0,13278,0.0008482057331374074
1928.0,13269,0.0008476308083295872
1933.0,13267,0.0008475030472611828
1942.0,13248,0.0008462893171113401
1934.0,13246,0.0008461615560429357
2049.0,13225,0.0008448200648246885
1931.0,13190,0.0008425842461276099
2053.0,13127,0.0008385597724728684
1936.0,13117,0.000837920967130846
646.0,13080,0.000835557387365363
1941.0,13077,0.0008353657457627563
2051.0,13072,0.000835046343091745
2050.0,13071,0.0008349824625575428
1935.0,13036,0.0008327466438604642
1932.0,13033,0.0008325550022578574
2052.0,13018,0.0008315967942448238
602.0,12910,0.0008246976965509814
647.0,12882,0.0008229090415933186
2055.0,12770,0.0008157544217626671
2056.0,12651,0.0008081526381925999
2054.0,12644,0.0008077054744531842
648.0,12615,0.0008058529389613191
649.0,12485,0.0007975484695150273
2057.0,12415,0.0007930768321208701
659.0,12377,0.0007906493718211849
2058.0,12354,0.0007891801195345332
650.0,12319,0.0007869443008374546
651.0,12308,0.00078624161496123
658.0,12258,0.0007830475882511177
655.0,12193,0.0007788953535279718
652.0,12145,0.000775829087886264
656.0,12096,0.0007726989417103541
653.0,12085,0.0007719962558341293
654.0,12054,0.0007700159592738598
2059.0,11979,0.0007652249192086914
2100.0,11969,0.000764586113866669
657.0,11774,0.0007521294096972311
2101.0,11589,0.0007403115108698159
2102.0,11568,0.0007389700196515687
2104.0,11394,0.0007278548067003782
2103.0,11378,0.0007268327181531422
2105.0,11362,0.0007258106296059063
2106.0,11081,0.0007078601994950755
2107.0,10780,0.0006886321587001998
2108.0,10735,0.0006857575346610988
2109.0,10639,0.0006796250033776832
2110.0,10592,0.0006766226182701778
2112.0,10338,0.0006603969625828076
2111.0,10325,0.0006595665156381783
2113.0,10195,0.0006512620461918865
601.0,10157,0.0006488345858922012
2114.0,10050,0.0006419993687325611
2115.0,9819,0.0006272429653318424
2116.0,9764,0.000623729535950719
2117.0,9753,0.0006230268500744942
2119.0,9665,0.0006174053630646967
2118.0,9624,0.0006147862611624047
2120.0,9573,0.0006115283539180902
2121.0,9541,0.0006094841768236183
2122.0,9520,0.0006081426856053712
2123.0,9444,0.0006032877650060006
2142.0,9432,0.0006025211985955736
2140.0,9397,0.0006002853798984951
2138.0,9391,0.0005999020966932817
2139.0,9390,0.0005998382161590793
2144.0,9383,0.0005993910524196637
2141.0,9353,0.0005974746363935963
2124.0,9347,0.0005970913531883828
2147.0,9294,0.0005937056848756639
2209.0,9288,0.0005933224016704504
2150.0,9279,0.0005927474768626302
2125.0,9275,0.0005924919547258212
2143.0,9274,0.000592428074191619
2145.0,9272,0.0005923003131232145
2156.0,9256,0.0005912782245759786
2136.0,9252,0.0005910227024391696
2153.0,9248,0.0005907671803023606
2208.0,9237,0.0005900644944261359
2207.0,9227,0.0005894256890841135
2152.0,9217,0.000588786883742091
2149.0,9199,0.0005876370341264506
2137.0,9196,0.0005874453925238439
2151.0,9186,0.0005868065871818214
2134.0,9176,0.000586167781839799
2157.0,9168,0.000585656737566181
2148.0,9165,0.0005854650959635743
2127.0,9161,0.0005852095738267653
2206.0,9160,0.000585145693292563
2154.0,9144,0.0005841236047453271
2210.0,9129,0.0005831653967322935
2128.0,9128,0.0005831015161980913
2133.0,9124,0.0005828459940612822
2135.0,9111,0.000582015547116653
2129.0,9110,0.0005819516665824508
2155.0,9110,0.0005819516665824508
2146.0,9102,0.0005814406223088328
2130.0,9101,0.0005813767417746306
2131.0,9098,0.0005811851001720239
2200.0,9085,0.0005803546532273947
2132.0,9082,0.000580163011624788
2212.0,9076,0.0005797797284195745
2204.0,9065,0.0005790770425433498
2205.0,9063,0.0005789492814749453
2126.0,9055,0.0005784382372013274
2211.0,9043,0.0005776716707909005
2203.0,9018,0.0005760746574358442
600.0,9009,0.000575499732628024
2233.0,8996,0.0005746692856833949
2159.0,8995,0.0005746054051491927
2215.0,8994,0.0005745415246149905
2236.0,8976,0.0005733916749993501
2158.0,8957,0.0005721779448495073
2213.0,8933,0.0005706448120286534
2214.0,8932,0.0005705809314944512
2237.0,8925,0.0005701337677550356
2229.0,8900,0.0005685367543999794
2202.0,8882,0.000567386904784339
2230.0,8881,0.0005673230242501367
2231.0,8879,0.0005671952631817323
2235.0,8861,0.0005660454135660919
2201.0,8858,0.0005658537719634852
2216.0,8850,0.0005653427276898672
2232.0,8818,0.0005632985505953953
2234.0,8809,0.0005627236257875751
2238.0,8792,0.000561637656706137
2239.0,8783,0.0005610627318983168
2228.0,8773,0.0005604239265562943
2227.0,8769,0.0005601684044194853
2220.0,8745,0.0005586352715986314
2240.0,8732,0.0005578048246540023
2219.0,8722,0.0005571660193119799
2224.0,8720,0.0005570382582435753
2226.0,8710,0.0005563994529015529
2222.0,8684,0.0005547385590122945
2223.0,8680,0.0005544830368754856
2225.0,8676,0.0005542275147386765
2218.0,8655,0.0005528860235204294
2217.0,8633,0.00055148065176798
559.0,8614,0.0005502669216181374
2221.0,8560,0.0005468173727712161
2241.0,8542,0.0005456675231555757
2242.0,8519,0.0005441982708689242
2243.0,8406,0.0005369797705040704
2244.0,8329,0.0005320609693704976
558.0,8242,0.0005265033628949023
2245.0,8164,0.0005215206812271272
2246.0,8132,0.0005194765041326554
2247.0,7983,0.0005099583045365208
2248.0,7954,0.0005081057690446558
557.0,7764,0.0004959684675462292
556.0,7722,0.0004932854851097349
2250.0,7709,0.0004924550381651058
555.0,7697,0.0004916884717546788
2249.0,7633,0.0004876001175657351
2252.0,7595,0.0004851726572660498
2251.0,7554,0.0004825535553637578
554.0,7484,0.00047808191796960066
553.0,7415,0.00047367416110964574
552.0,7377,0.00047124670080996045
550.0,7335,0.00046856371837346615
2253.0,7250,0.00046313387296627534
2254.0,7234,0.00046211178441903946
551.0,7164,0.0004576401470248823
2255.0,6928,0.0004425643409531525
549.0,6872,0.00043898703103782677
2256.0,6840,0.00043694285394335494
548.0,6747,0.0004310019642625462
2257.0,6643,0.0004243583887055127
539.0,6638,0.0004240389860345015
547.0,6580,0.00042033391505077127
2258.0,6560,0.0004190563043667264
540.0,6510,0.00041586227765661414
538.0,6434,0.00041100735705724354
537.0,6403,0.0004090270604969739
541.0,6311,0.00040315005135036744
2300.0,6280,0.0004011697547900978
2259.0,6253,0.0003994449803666372
545.0,6233,0.0003981673696825923
536.0,6219,0.0003972730422037609
546.0,6186,0.0003951649845750868
542.0,6160,0.00039350409068582845
544.0,6125,0.0003912682719887499
543.0,6090,0.00038903245329167133
2301.0,6030,0.0003851996212395366
535.0,5939,0.00037938649262713234
2302.0,5810,0.0003711459037150427
2303.0,5619,0.00035894472168241395
2304.0,5557,0.00035498412856187477
534.0,5496,0.00035108741597553785
2305.0,5403,0.00034514652629472905
2306.0,5314,0.0003394611587507293
533.0,5115,0.00032674893244448254
2307.0,5085,0.0003248325164184152
2308.0,4988,0.00031863610460079744
2309.0,4894,0.00031263133438578643
2310.0,4793,0.0003061794004313597
2311.0,4680,0.000298960900066506
532.0,4667,0.00029813045312187685
2312.0,4595,0.0002935310546593152
2313.0,4454,0.0002845238993367987
531.0,4399,0.0002810104699556752
2314.0,4336,0.0002769859963009338
2315.0,4247,0.000271300628756934
2316.0,4132,0.0002639543673236758
530.0,4066,0.0002597382520663277
2319.0,3961,0.00025303079597509194
2317.0,3945,0.00025200870742785606
2318.0,3911,0.0002498367692649797
2320.0,3832,0.00024479020706300237
527.0,3709,0.00023693290135612624
528.0,3700,0.00023635797654830603
529.0,3696,0.00023610245441149706
2321.0,3690,0.0002357191712062836
2322.0,3645,0.00023284454716718258
510.0,3593,0.00022952275938866584
2323.0,3546,0.00022652037428116034
525.0,3544,0.00022639261321275584
522.0,3539,0.00022607321054174463
526.0,3517,0.00022466783878929522
524.0,3509,0.00022415679451567728
2324.0,3504,0.00022383739184466604
512.0,3486,0.00022268754222902565
523.0,3473,0.00022185709528439645
509.0,3467,0.00022147381207918298
2325.0,3448,0.00022026008192934033
508.0,3435,0.00021942963498471115
511.0,3400,0.00021719381628763259
2326.0,3395,0.00021687441361662135
2328.0,3362,0.0002147663559879473
521.0,3355,0.00021431919224853155
2327.0,3351,0.00021406367011172258
520.0,3271,0.00020895322737554298
507.0,3268,0.00020876158577293625
519.0,3264,0.00020850606363612728
2329.0,3241,0.00020703681134947566
515.0,3239,0.00020690905028107116
513.0,3220,0.0002056953201312285
514.0,3187,0.00020358726250255442
2330.0,3162,0.0002019902491474983
2331.0,3153,0.0002014153243396781
517.0,3139,0.00020052099686084667
2332.0,3117,0.0001991156251083973
518.0,3095,0.0001977102533559479
2333.0,3076,0.00019649652320610523
2334.0,3067,0.00019592159839828505
2341.0,3053,0.0001950272709194536
2337.0,3045,0.00019451622664583566
2336.0,3036,0.00019394130183801546
2339.0,3034,0.00019381354076961096
2335.0,3034,0.00019381354076961096
506.0,3027,0.00019336637703019525
2343.0,3026,0.000193302496495993
516.0,2991,0.00019106667779891442
2338.0,2951,0.00018851145643082463
2340.0,2932,0.00018729772628098198
2342.0,2919,0.0001864672793363528
2344.0,2820,0.00018014310645033055
2345.0,2812,0.00017963206217671258
2346.0,2752,0.0001757992301245779
505.0,2744,0.00017528818585095995
1.0,2742,0.00017516042478255545
2347.0,2728,0.000174266097303724
2348.0,2676,0.0001709443095252073
2350.0,2554,0.0001631508843525334
2349.0,2545,0.00016257595954471323
2352.0,2528,0.00016148999046327505
2351.0,2510,0.00016034014084763463
2353.0,2486,0.00015880700802678078
2359.0,2460,0.0001571461141375224
2357.0,2414,0.00015420760956421912
2355.0,2414,0.00015420760956421912
2354.0,2411,0.0001540159679616124
2356.0,2384,0.0001522911935381518
5.0,2358,0.0001506302996488934
2358.0,2332,0.00014896940575963506
3.0,2322,0.0001483306004176126
2.0,2314,0.00014781955614399464
6.0,2306,0.0001473085118703767
7.0,2298,0.00014679746759675873
504.0,2292,0.00014641418439154526
4.0,2276,0.00014539209584430934
9.0,2264,0.0001446255294338824
8.0,2201,0.00014060105577914098
10.0,2188,0.0001397706088345118
11.0,2082,0.00013299927220907382
12.0,2064,0.00013184942259343344
13.0,1967,0.00012565301077581566
2400.0,1917,0.00012245898406570342
14.0,1882,0.00012022316536862486
503.0,1828,0.00011677361652170363
15.0,1792,0.00011447391729042282
16.0,1757,0.00011223809859334426
17.0,1663,0.00010623332837833323
18.0,1637,0.00010457243448907486
19.0,1598,0.00010208109365518731
20.0,1533,9.792885893204139e-05
21.0,1449,9.256289405905282e-05
502.0,1414,9.032707536197426e-05
23.0,1408,8.994379215676079e-05
24.0,1396,8.917722574633385e-05
22.0,1343,8.579155743361487e-05
25.0,1318,8.419454407855875e-05
26.0,1300,8.304469446291834e-05
28.0,1283,8.195872538148017e-05
27.0,1263,8.068111469743527e-05
30.0,1239,7.91479818765814e-05
29.0,1199,7.65927605084916e-05
31.0,1194,7.627335783748038e-05
45.0,1192,7.61455967690759e-05
48.0,1190,7.60178357006714e-05
32.0,1187,7.582619409806466e-05
37.0,1170,7.47402250166265e-05
52.0,1161,7.41653002088063e-05
40.0,1158,7.397365860619957e-05
38.0,1156,7.384589753779507e-05
34.0,1156,7.384589753779507e-05
42.0,1156,7.384589753779507e-05
50.0,1147,7.327097272997488e-05
47.0,1146,7.320709219577263e-05
44.0,1145,7.314321166157038e-05
33.0,1132,7.23127647169412e-05
39.0,1127,7.199336204592998e-05
46.0,1120,7.154619830651426e-05
36.0,1115,7.122679563550304e-05
53.0,1110,7.090739296449182e-05
100.0,1105,7.05879902934806e-05
41.0,1103,7.04602292250761e-05
54.0,1096,7.001306548566039e-05
501.0,1094,6.98853044172559e-05
56.0,1091,6.969366281464917e-05
35.0,1088,6.950202121204243e-05
49.0,1085,6.93103796094357e-05
104.0,1082,6.911873800682896e-05
103.0,1082,6.911873800682896e-05
55.0,1074,6.8607693733211e-05
57.0,1073,6.854381319900875e-05
43.0,1070,6.835217159640202e-05
58.0,1062,6.784112732278406e-05
59.0,1059,6.764948572017732e-05
51.0,1057,6.752172465177284e-05
102.0,1057,6.752172465177284e-05
106.0,1056,6.745784411757059e-05
101.0,1055,6.739396358336834e-05
107.0,1044,6.669127770714365e-05
108.0,1008,6.439157847586283e-05
105.0,1005,6.41999368732561e-05
109.0,969,6.190023764197529e-05
111.0,946,6.043098535532365e-05
110.0,911,5.819516665824508e-05
112.0,907,5.79396445214361e-05
113.0,868,5.544830368754855e-05
114.0,831,5.308472392206549e-05
115.0,823,5.2573679648447533e-05
116.0,785,5.014621934876223e-05
117.0,779,4.976293614354876e-05
500.0,771,4.92518918699308e-05
120.0,747,4.771875904907692e-05
119.0,728,4.650502889923427e-05
118.0,720,4.599398462561631e-05
123.0,695,4.439697127056019e-05
122.0,693,4.42692102021557e-05
121.0,661,4.222503310768386e-05
126.0,636,4.062801975262774e-05
125.0,625,3.992533387640305e-05
124.0,625,3.992533387640305e-05
459.0,590,3.768951517932448e-05
131.0,567,3.622026289267284e-05
128.0,566,3.61563823584706e-05
127.0,561,3.583697968745938e-05
130.0,559,3.5709218619054886e-05
129.0,552,3.526205487963917e-05
132.0,535,3.417608579820101e-05
133.0,528,3.3728922058785294e-05
134.0,497,3.17486254985157e-05
135.0,477,3.0471014814470807e-05
139.0,474,3.027937321186407e-05
136.0,474,3.027937321186407e-05
138.0,461,2.944892626723489e-05
137.0,461,2.944892626723489e-05
458.0,445,2.842683771999897e-05
140.0,433,2.766027130957203e-05
142.0,390,2.4913408338875503e-05
147.0,390,2.4913408338875503e-05
141.0,389,2.4849527804673257e-05
149.0,368,2.3508036586426115e-05
145.0,361,2.30608728470104e-05
144.0,360,2.2996992312808154e-05
143.0,353,2.254982857339244e-05
148.0,348,2.2230425902381216e-05
151.0,345,2.2038784299774483e-05
156.0,343,2.1911023231369994e-05
150.0,343,2.1911023231369994e-05
157.0,338,2.159162056035877e-05
146.0,337,2.1527740026156523e-05
155.0,332,2.1208337355145298e-05
159.0,332,2.1208337355145298e-05
152.0,325,2.0761173615729584e-05
202.0,324,2.069729308152734e-05
201.0,323,2.0633412547325095e-05
158.0,316,2.018624880790938e-05
457.0,313,1.9994607205302645e-05
203.0,310,1.9802965602695913e-05
153.0,309,1.9739085068493667e-05
154.0,308,1.967520453429142e-05
205.0,298,1.9036399192268974e-05
200.0,286,1.8269832781842036e-05
210.0,280,1.7886549576628565e-05
204.0,279,1.782266904242632e-05
207.0,271,1.731162476880836e-05
208.0,270,1.724774423460612e-05
206.0,263,1.6800580495190404e-05
209.0,250,1.597013355056122e-05
211.0,240,1.533132820853877e-05
212.0,226,1.4437000729707342e-05
456.0,201,1.2839987374651221e-05
214.0,201,1.2839987374651221e-05
216.0,197,1.258446523784224e-05
213.0,195,1.2456704169437752e-05
218.0,185,1.1817898827415302e-05
215.0,178,1.1370735087999588e-05
222.0,177,1.1306854553797343e-05
217.0,174,1.1115212951190608e-05
250.0,169,1.0795810280179385e-05
228.0,167,1.0668049211774894e-05
225.0,165,1.0540288143370405e-05
224.0,164,1.047640760916816e-05
219.0,161,1.0284766006561424e-05
221.0,160,1.022088547235918e-05
233.0,158,1.009312440395469e-05
226.0,155,9.901482801347957e-06
455.0,154,9.83760226714571e-06
235.0,154,9.83760226714571e-06
245.0,154,9.83760226714571e-06
227.0,153,9.773721732943466e-06
231.0,152,9.709841198741221e-06
229.0,151,9.645960664538976e-06
236.0,151,9.645960664538976e-06
240.0,151,9.645960664538976e-06
220.0,150,9.582080130336732e-06
234.0,148,9.454319061932243e-06
255.0,148,9.454319061932243e-06
230.0,147,9.390438527729996e-06
243.0,142,9.071035856718773e-06
238.0,140,8.943274788314282e-06
237.0,140,8.943274788314282e-06
241.0,138,8.815513719909793e-06
252.0,138,8.815513719909793e-06
239.0,137,8.751633185707548e-06
232.0,136,8.687752651505304e-06
251.0,134,8.559991583100813e-06
247.0,132,8.432230514696324e-06
223.0,132,8.432230514696324e-06
249.0,131,8.368349980494079e-06
254.0,130,8.304469446291834e-06
248.0,126,8.048947309482854e-06
244.0,125,7.98506677528061e-06
309.0,122,7.793425172673876e-06
306.0,122,7.793425172673876e-06
310.0,120,7.665664104269385e-06
253.0,120,7.665664104269385e-06
242.0,120,7.665664104269385e-06
258.0,119,7.60178357006714e-06
246.0,119,7.60178357006714e-06
318.0,117,7.474022501662651e-06
300.0,112,7.154619830651426e-06
256.0,111,7.0907392964491815e-06
454.0,110,7.026858762246936e-06
317.0,109,6.9629782280446915e-06
312.0,109,6.9629782280446915e-06
257.0,107,6.835217159640202e-06
301.0,107,6.835217159640202e-06
259.0,106,6.771336625437957e-06
305.0,106,6.771336625437957e-06
302.0,104,6.6435755570334675e-06
315.0,103,6.579695022831222e-06
307.0,102,6.515814488628977e-06
322.0,101,6.451933954426733e-06
308.0,100,6.388053420224487e-06
304.0,100,6.388053420224487e-06
320.0,99,6.324172886022243e-06
323.0,99,6.324172886022243e-06
328.0,97,6.1964118176177535e-06
313.0,97,6.1964118176177535e-06
324.0,93,5.940889680808773e-06
346.0,93,5.940889680808773e-06
311.0,93,5.940889680808773e-06
321.0,92,5.877009146606529e-06
330.0,92,5.877009146606529e-06
314.0,90,5.749248078202039e-06
336.0,89,5.685367543999794e-06
345.0,88,5.621487009797549e-06
340.0,87,5.557606475595304e-06
316.0,86,5.493725941393059e-06
303.0,86,5.493725941393059e-06
325.0,85,5.429845407190815e-06
342.0,85,5.429845407190815e-06
347.0,84,5.36596487298857e-06
326.0,82,5.23820380458408e-06
334.0,82,5.23820380458408e-06
405.0,81,5.174323270381835e-06
319.0,79,5.046562201977345e-06
400.0,79,5.046562201977345e-06
333.0,79,5.046562201977345e-06
410.0,79,5.046562201977345e-06
344.0,79,5.046562201977345e-06
353.0,78,4.982681667775101e-06
453.0,78,4.982681667775101e-06
332.0,78,4.982681667775101e-06
359.0,77,4.918801133572855e-06
402.0,77,4.918801133572855e-06
352.0,77,4.918801133572855e-06
335.0,76,4.8549205993706105e-06
338.0,76,4.8549205993706105e-06
348.0,76,4.8549205993706105e-06
354.0,75,4.791040065168366e-06
355.0,75,4.791040065168366e-06
331.0,75,4.791040065168366e-06
329.0,75,4.791040065168366e-06
349.0,75,4.791040065168366e-06
327.0,74,4.727159530966121e-06
351.0,73,4.663278996763876e-06
404.0,70,4.471637394157141e-06
357.0,70,4.471637394157141e-06
339.0,70,4.471637394157141e-06
425.0,69,4.4077568599548965e-06
411.0,69,4.4077568599548965e-06
420.0,69,4.4077568599548965e-06
403.0,69,4.4077568599548965e-06
406.0,68,4.343876325752652e-06
350.0,66,4.216115257348162e-06
337.0,66,4.216115257348162e-06
356.0,65,4.152234723145917e-06
341.0,65,4.152234723145917e-06
415.0,63,4.024473654741427e-06
409.0,62,3.9605931205391825e-06
421.0,62,3.9605931205391825e-06
413.0,61,3.896712586336938e-06
358.0,61,3.896712586336938e-06
408.0,61,3.896712586336938e-06
418.0,60,3.832832052134692e-06
343.0,59,3.7689515179324478e-06
423.0,59,3.7689515179324478e-06
412.0,58,3.7050709837302027e-06
429.0,57,3.641190449527958e-06
417.0,56,3.577309915325713e-06
438.0,56,3.577309915325713e-06
430.0,56,3.577309915325713e-06
407.0,55,3.513429381123468e-06
440.0,54,3.4495488469212234e-06
414.0,54,3.4495488469212234e-06
436.0,53,3.3856683127189784e-06
441.0,52,3.3217877785167338e-06
434.0,52,3.3217877785167338e-06
442.0,51,3.2579072443144887e-06
422.0,51,3.2579072443144887e-06
416.0,51,3.2579072443144887e-06
401.0,51,3.2579072443144887e-06
452.0,49,3.130146175909999e-06
428.0,49,3.130146175909999e-06
437.0,48,3.066265641707754e-06
424.0,48,3.066265641707754e-06
419.0,46,2.9385045733032643e-06
439.0,45,2.8746240391010193e-06
427.0,45,2.8746240391010193e-06
451.0,44,2.8107435048987747e-06
449.0,44,2.8107435048987747e-06
431.0,44,2.8107435048987747e-06
446.0,43,2.7468629706965296e-06
445.0,43,2.7468629706965296e-06
435.0,43,2.7468629706965296e-06
432.0,42,2.682982436494285e-06
444.0,41,2.61910190229204e-06
426.0,41,2.61910190229204e-06
450.0,41,2.61910190229204e-06
443.0,39,2.4913408338875503e-06
447.0,37,2.3635797654830607e-06
433.0,37,2.3635797654830607e-06
448.0,27,1.7247744234606117e-06
,0,0.0
