dest_city_market_id,frequency,relative_frequency
31703,109966,0.04678414820355014
30977,90482,0.038494837474797886
32575,72221,0.0307258422367695
32467,67553,0.028739879268086705
30397,66225,0.02817489237382562
30852,66010,0.028083422357058956
30325,57334,0.02439228809907011
30194,56584,0.0240732066452329
31453,55466,0.023597562558046233
32457,55222,0.023493754725064528
31295,47371,0.020153610066296616
31650,43568,0.01853565437437274
30559,36454,0.015509060424242192
31057,35523,0.015112973979545603
30466,35327,0.015029587359609478
30721,33566,0.01428038410599971
34100,31958,0.013596273468972733
31454,30311,0.01289557059634622
32211,29497,0.012549260858448234
33244,28563,0.012151898087936297
30299,26021,0.01107042468039738
34614,25426,0.01081728672701986
33195,22488,0.009567338311854898
30113,22041,0.00937716576536792
33044,20140,0.008568400640375206
33105,19247,0.008188480989339702
32337,19055,0.008106796137157375
34057,17392,0.007399286193515669
30693,15805,0.006724109837196133
31123,15691,0.006675609456212877
30423,15621,0.006645828520521405
36106,15132,0.006437787412619544
33570,15078,0.006414813547943265
30647,14728,0.0062659088694859005
34492,14617,0.006218684814317993
33198,13916,0.005920450015464814
30198,13581,0.0057779269660841945
33495,13265,0.005643487313534116
33214,12138,0.005164014248901403
31066,12049,0.005126149916379387
31517,11817,0.005027447386659077
32134,10726,0.004563290231810549
33342,10420,0.004433104998644967
34819,9604,0.004085944376870083
31714,9415,0.0040055358505031065
33873,9177,0.0039042806691520983
33192,8844,0.0037626085036483775
30529,8227,0.0035001108276249662
30730,7989,0.003398855646273958
33970,7759,0.0033010040004305473
34761,7581,0.003225275335386516
33316,7551,0.0032125120772330275
31136,7479,0.0031818802576646554
31032,7441,0.0031657134640035705
33252,7189,0.0030585020955142678
30792,7118,0.003028295717884345
33851,6960,0.0029610758916093064
33667,6813,0.0028985359266572135
31215,6791,0.002889176204011322
30140,6694,0.0028479083359817096
34027,6549,0.0027862192549065155
34524,6289,0.0026756043509096163
32523,6143,0.002613489827895973
31986,5800,0.0024675632430077553
36083,5785,0.0024611816139310113
30994,5759,0.002450120123531321
34653,5655,0.0024058741619325617
30304,5297,0.0022535659479676
31423,5292,0.002251438738275352
32169,5169,0.0021991093798460495
35096,5144,0.002188473331384809
30615,5125,0.0021803899345542665
31884,4925,0.002095301546864344
30863,4922,0.0020940252210489953
33485,4914,0.0020906216855413984
30713,4900,0.002084665498403104
31995,4848,0.002062542517603724
31871,4839,0.0020587135401576775
35478,4801,0.002042546746496592
34570,4736,0.002014893020497367
30920,4714,0.0020055332978514756
35412,4696,0.0019978753429593828
31945,4688,0.001994471807451786
31874,4667,0.0019855375267443438
30599,4502,0.0019153396069001578
30257,4444,0.0018906639744700803
32807,4440,0.0018889622067162818
35167,4343,0.0018476943386866692
31401,4338,0.0018455671289944213
30590,4327,0.0018408872676714755
34576,4316,0.0018362074063485298
34832,4285,0.0018230187062565917
30436,4154,0.0017672858123196924
34685,4005,0.0017038949634907
31550,3997,0.001700491427983103
31760,3926,0.0016702850503531807
33038,3898,0.0016583726760765914
30292,3774,0.0016056178757088394
34293,3756,0.0015979599208167463
31267,3713,0.001579665917463413
30928,3701,0.0015745606142020176
34262,3676,0.0015639245657407773
33830,3652,0.0015537139592179867
32070,3613,0.0015371217236184519
30189,3557,0.0015132969750652734
31135,3530,0.0015018100427271338
32600,3488,0.0014839414813122502
34312,3464,0.0014737308747894593
31336,3372,0.001434590216452095
32016,3361,0.0014299103551291493
33605,3357,0.0014282085873753509
31973,3350,0.0014252304938062036
30070,3308,0.0014073619323913197
31003,3305,0.001406085606575971
32945,3301,0.0014043838388221725
30245,3237,0.0013771555547613973
30868,3230,0.00137417746119225
31775,3201,0.0013618396449772113
34321,3133,0.0013329095931626375
34512,3078,0.0013095102865479087
31834,3062,0.001302703215532715
30476,2977,0.0012665406507644979
33180,2763,0.0011754960759362808
30255,2746,0.0011682635629826372
30711,2742,0.001166561795228839
34677,2741,0.0011661363532903893
32758,2714,0.0011546494209522496
30849,2663,0.0011329518820913194
31637,2620,0.001114657878737986
30785,2549,0.0010844515011080636
34286,2466,0.0010491398202167456
30135,2426,0.001032122142678761
32896,2419,0.0010291440491096138
30107,2402,0.0010219115361559704
35862,2346,0.000998086787602792
31844,2336,0.000993832368218296
34696,2327,0.0009900033907722493
30416,2317,0.0009857489713877533
32769,2317,0.0009857489713877533
30073,2310,0.000982770877818606
31638,2303,0.0009797927842494587
34082,2301,0.0009789419003725596
30620,2288,0.0009734111551727145
32321,2275,0.0009678804099728695
33728,2272,0.0009666040841575207
33894,2271,0.0009661786422190712
31823,2197,0.0009346959387737997
30158,2191,0.0009321432871431021
32853,2171,0.0009236344483741099
34783,2153,0.0009159764934820167
32010,2108,0.0008968316062517842
30966,2087,0.0008878973255443424
30980,2079,0.0008844937900367454
34986,2072,0.0008815156964675981
32779,2060,0.0008764103932062027
31603,2050,0.0008721559738217067
33434,2011,0.0008555637382221717
32126,2009,0.0008547128543452725
34309,2004,0.0008525856446530244
33514,1994,0.0008483312252685284
34945,1976,0.0008406732703764353
31227,1963,0.0008351425251765903
30185,1903,0.0008096160088696136
32105,1891,0.0008045107056082182
31977,1874,0.0007972781926545748
31492,1860,0.0007913220055162802
32709,1859,0.0007908965635778306
32831,1857,0.0007900456797009314
32855,1851,0.0007874930280702336
33710,1848,0.0007862167022548848
34828,1833,0.0007798350731781406
32708,1832,0.0007794096312396911
35085,1825,0.0007764315376705437
33158,1816,0.0007726025602244972
34838,1807,0.0007687735827784507
30581,1802,0.0007666463730862026
30431,1796,0.0007640937214555049
30411,1794,0.0007632428375786057
33770,1790,0.0007615410698248073
34689,1781,0.0007577120923787608
35721,1778,0.0007564357665634119
36039,1777,0.0007560103246249623
35282,1772,0.0007538831149327143
32851,1767,0.0007517559052404661
36149,1762,0.0007496286955482181
34108,1755,0.0007466506019790708
34627,1749,0.0007440979503483731
33367,1737,0.0007389926470869778
30408,1723,0.0007330364599486832
31584,1722,0.0007326110180102336
32448,1717,0.0007304838083179855
34234,1715,0.0007296329244410863
34895,1708,0.000726654830871939
32704,1703,0.0007245276211796909
33942,1698,0.0007224004114874429
35887,1683,0.0007160187824106986
34856,1672,0.0007113389210877529
33264,1666,0.0007087862694570553
31868,1663,0.0007075099436417064
30241,1662,0.0007070845017032568
34574,1652,0.0007028300823187606
35257,1648,0.0007011283145649623
31535,1645,0.0006998519887496134
35249,1620,0.0006892159402883731
30405,1591,0.0006768781240733343
32651,1590,0.0006764526821348846
34066,1588,0.0006756017982579854
36232,1563,0.0006649657497967451
31941,1546,0.0006577332368431017
30020,1542,0.0006560314690893033
30139,1541,0.0006556060271508536
33369,1539,0.0006547551432739544
32982,1535,0.000653053375520156
34252,1532,0.0006517770497048071
32719,1521,0.0006470971883818613
32195,1516,0.0006449699786896133
30747,1514,0.0006441190948127141
34457,1506,0.0006407155593051171
34718,1506,0.0006407155593051171
34681,1503,0.0006394392334897683
33486,1499,0.0006377374657359698
32268,1490,0.0006339084882899233
34804,1488,0.0006330576044130241
31504,1479,0.0006292286269669776
31464,1474,0.0006271014172747296
33256,1466,0.0006236978817671326
35798,1464,0.0006228469978902335
30627,1463,0.0006224215559517838
31921,1463,0.0006224215559517838
34130,1450,0.0006168908107519388
34485,1441,0.0006130618333058923
32986,1435,0.0006105091816751946
32884,1435,0.0006105091816751946
30666,1426,0.0006066802042291481
30640,1424,0.0006058293203522489
30781,1415,0.0006020003429062023
34275,1414,0.0006015749009677528
30732,1408,0.0005990222493370551
32087,1395,0.0005934915041372101
32323,1387,0.0005900879686296132
33518,1386,0.0005896625266911636
30154,1386,0.0005896625266911636
31435,1385,0.000589237084752714
35306,1379,0.0005866844331220163
35084,1373,0.0005841317814913186
31895,1371,0.0005832808976144195
32990,1371,0.0005832808976144195
32844,1365,0.0005807282459837218
34805,1363,0.0005798773621068225
31721,1354,0.000576048384660776
34955,1348,0.0005734957330300783
34153,1338,0.0005692413136455822
31445,1326,0.0005641360103841868
35794,1326,0.0005641360103841868
35356,1326,0.0005641360103841868
30990,1326,0.0005641360103841868
32206,1318,0.00056073247487659
30540,1317,0.0005603070329381403
32822,1317,0.0005603070329381403
35380,1315,0.0005594561490612411
35554,1304,0.0005547762877382953
35709,1298,0.0005522236361075977
30434,1289,0.0005483946586615512
36321,1286,0.0005471183328462023
31563,1267,0.0005390349360156597
34102,1239,0.0005271225617390705
32676,1229,0.0005228681423545744
33196,1223,0.0005203154907238767
32951,1214,0.0005164865132778302
30562,1201,0.0005109557680779852
32441,1198,0.0005096794422626364
30279,1196,0.0005088285583857372
30082,1189,0.0005058504648165898
32073,1188,0.0005054250228781402
31146,1184,0.0005037232551243418
31648,1177,0.0005007451615551945
36078,1166,0.0004960653002322487
31481,1145,0.00048713101952480687
34489,1144,0.00048670557758635725
31140,1144,0.00048670557758635725
30313,1137,0.00048372748401721
32400,1135,0.00048287660014031074
35165,1130,0.0004807493904480627
31833,1122,0.00047734585494046576
35092,1111,0.00047266599361752006
34012,1108,0.0004713896678021712
33165,1105,0.00047011334198682235
31000,1104,0.00046968790004837274
30638,1100,0.0004679861322945743
33806,1098,0.0004671352484176751
34816,1096,0.00046628436454077584
32693,1095,0.0004658589226023262
31455,1091,0.00046415715484852775
30208,1091,0.00046415715484852775
33029,1087,0.00046245538709472933
34717,1068,0.0004543719902641867
31612,1067,0.0004539465483257371
33461,1056,0.00044926668700279133
31997,1038,0.0004416087321106983
34992,1035,0.00044033240629534945
31624,1031,0.000438630638541551
30846,1026,0.00043650342884930294
35323,1017,0.00043267445140325643
33768,1012,0.00043054724171100834
31118,1008,0.0004288454739572099
30009,1000,0.000425441938449613
30247,994,0.0004228892868189153
30685,993,0.0004224638448804657
35245,988,0.00042033663518821767
32395,976,0.0004152313319268223
32171,950,0.00040416984152713233
34210,950,0.00040416984152713233
30752,948,0.0004033189576502331
31411,945,0.0004020426318348843
30181,942,0.00040076630601953544
35049,940,0.0003999154221426362
34474,939,0.0003994899802041866
31122,938,0.00039906453826573697
32631,934,0.00039736277051193855
30521,931,0.0003960864446965897
31845,928,0.00039481011888124084
32547,924,0.0003931083511274424
35013,923,0.0003926829091889928
33269,917,0.0003901302575582951
31952,916,0.00038970481561984553
33304,913,0.0003884284898044967
33502,913,0.0003884284898044967
31898,913,0.0003884284898044967
34922,913,0.0003884284898044967
32615,908,0.0003863012801122486
31565,902,0.0003837486284815509
32214,898,0.00038204686072775245
31049,896,0.00038119597685085327
35455,887,0.0003773669994048067
32815,884,0.0003760906735894579
32544,871,0.0003705599283896129
33113,842,0.00035822211217457415
34711,836,0.00035566946054387644
31555,835,0.0003552440186054268
35258,835,0.0003552440186054268
36233,835,0.0003552440186054268
30970,833,0.00035439313472852764
32280,827,0.00035184048309782993
33277,826,0.0003514150411593803
35293,823,0.0003501387153440315
36085,822,0.0003497132734055819
30372,821,0.0003492878314671323
33541,818,0.0003480115056517834
30285,809,0.0003441825282057369
30517,809,0.0003441825282057369
31028,805,0.00034248076045193844
31982,799,0.0003399281088212408
31244,796,0.00033865178300589193
30575,787,0.0003348228055598454
33360,779,0.00033141927005224853
30056,778,0.0003309938281137989
31641,777,0.0003305683861753493
34081,771,0.00032801573454465164
32721,768,0.0003267394087293028
31953,763,0.00032461219903705474
34738,754,0.0003207832215910082
31337,752,0.000319932337714109
34880,749,0.00031865601189876014
32868,745,0.00031695424414496167
34236,742,0.00031567791832961287
30357,740,0.00031482703445271363
30469,738,0.0003139761505758144
30775,733,0.0003118489408835663
30961,728,0.00030972173119131827
34440,724,0.0003080199634375198
35124,717,0.0003050418698683725
30136,716,0.0003046164279299229
30312,713,0.00030334010211457405
31406,712,0.00030291466017612443
34699,712,0.00030291466017612443
30244,708,0.000301212892422326
30424,707,0.0003007874504838764
34884,703,0.0002990856827300779
32253,697,0.00029653303109938026
30661,693,0.0002948312633455818
32755,692,0.00029440582140713217
35581,688,0.00029270405365333375
32987,688,0.00029270405365333375
31503,687,0.00029227861171488413
30913,684,0.0002910022858995353
31369,680,0.00028930051814573686
31402,678,0.0002884496342688376
34025,674,0.00028674786651503915
35626,671,0.0002854715406996903
30184,667,0.0002837697729458919
31647,665,0.00028291888906899264
32223,663,0.0002820680051920934
31027,661,0.00028121712131519417
30349,660,0.0002807916793767446
32748,656,0.00027908991162294613
30225,648,0.00027568637611534924
31345,647,0.0002752609341768996
32402,644,0.00027398460836155076
31731,638,0.0002714319567308531
31126,637,0.0002710065147924035
33184,632,0.0002688793051001554
31252,631,0.0002684538631617058
34886,626,0.00026632665346945774
33289,625,0.0002659012115310081
34849,625,0.0002659012115310081
34797,624,0.0002654757695925585
32610,620,0.00026377400183876003
32265,619,0.00026334855990031047
30463,617,0.00026249767602341123
33594,617,0.00026249767602341123
32474,615,0.000261646792146512
30996,608,0.0002586686985773647
31646,607,0.0002582432566389151
33408,607,0.0002582432566389151
30783,605,0.00025739237276201587
30911,600,0.0002552651630697678
31537,598,0.0002544142791928686
33370,598,0.0002544142791928686
33863,590,0.00025101074368527165
31915,587,0.00024973441786992285
35991,587,0.00024973441786992285
34493,583,0.00024803265011612437
32294,577,0.0002454799984854267
34433,576,0.0002450545565469771
33664,575,0.0002446291146085275
33715,574,0.00024420367267007786
32991,574,0.00024420367267007786
34582,571,0.00024292734685472903
30561,569,0.0002420764629778298
34273,568,0.00024165102103938018
36304,563,0.00023952381134713212
31164,562,0.0002390983694086825
33347,559,0.00023782204359333367
31150,558,0.00023739660165488405
30243,555,0.00023612027583953522
33934,551,0.00023441850808573675
34919,545,0.0002318658564550391
34918,543,0.00023101497257813986
32235,542,0.00023058953063969024
33377,542,0.00023058953063969024
34588,540,0.00022973864676279103
34125,540,0.00022973864676279103
32671,540,0.00022973864676279103
31511,537,0.00022846232094744218
34256,537,0.00022846232094744218
31588,528,0.00022463334350139566
33767,526,0.00022378245962449643
35041,526,0.00022378245962449643
31067,523,0.0002225061338091476
31980,519,0.00022080436605534915
30396,513,0.00021825171442465147
31764,509,0.00021654994667085303
32772,508,0.0002161245047324034
33795,505,0.00021484817891705455
30155,503,0.00021399729504015534
30157,503,0.00021399729504015534
32720,501,0.0002131464111632561
36101,492,0.0002093174337172096
33076,492,0.0002093174337172096
34952,490,0.00020846654984031036
30011,486,0.00020676478208651191
32051,485,0.0002063393401480623
30676,482,0.00020506301433271347
30007,480,0.00020421213045581423
34119,478,0.00020336124657891502
31928,476,0.00020251036270201578
31214,471,0.00020038315300976772
34716,470,0.0001999577110713181
33127,468,0.0001991068271944189
32737,467,0.00019868138525596927
34004,466,0.00019825594331751966
31205,465,0.00019783050137907004
32653,464,0.00019740505944062042
32324,460,0.00019570329168682197
32250,457,0.00019442696587147315
32898,455,0.0001935760819945739
31617,454,0.0001931506400561243
34559,451,0.00019187431424077546
32957,449,0.00019102343036387623
30621,448,0.00019059798842542664
34448,447,0.00019017254648697702
31233,447,0.00019017254648697702
33306,445,0.00018932166261007778
32156,445,0.00018932166261007778
35725,444,0.00018889622067162816
32866,444,0.00018889622067162816
33579,436,0.00018549268516403127
32492,435,0.00018506724322558165
35841,433,0.00018421635934868242
32633,432,0.00018379091741023282
31577,429,0.00018251459159488397
36390,426,0.00018123826577953514
30204,424,0.0001803873819026359
32389,422,0.0001795364980257367
34314,421,0.00017911105608728708
36131,420,0.00017868561414883746
31888,419,0.00017826017221038784
31484,418,0.00017783473027193822
34207,416,0.000176983846395039
34259,414,0.00017613296251813978
35215,413,0.00017570752057969016
32397,412,0.00017528207864124057
33290,410,0.00017443119476434133
31778,408,0.0001735803108874421
31187,407,0.0001731548689489925
30631,407,0.0001731548689489925
31185,402,0.00017102765925674444
33166,402,0.00017102765925674444
34637,401,0.00017060221731829482
34222,400,0.0001701767753798452
31053,400,0.0001701767753798452
33034,398,0.00016932589150294596
33964,398,0.00016932589150294596
30558,397,0.00016890044956449635
34794,392,0.00016677323987224828
35389,389,0.00016549691405689945
34960,388,0.00016507147211844984
30415,384,0.0001633697043646514
34987,384,0.0001633697043646514
35595,381,0.00016209337854930256
31711,377,0.0001603916107955041
30877,374,0.00015911528498015526
35231,372,0.00015826440110325602
32026,371,0.00015783895916480643
36133,371,0.00015783895916480643
33785,370,0.00015741351722635682
34842,365,0.00015528630753410875
36293,359,0.00015273365590341107
35853,357,0.00015188277202651183
34924,355,0.00015103188814961262
31728,354,0.000150606446211163
34278,352,0.00014975556233426377
32938,350,0.00014890467845736456
34268,346,0.00014720291070356608
33398,345,0.0001467774687651165
31621,343,0.00014592658488821726
31695,338,0.0001437993751959692
34288,338,0.0001437993751959692
34674,337,0.00014337393325751957
31007,334,0.00014209760744217075
30210,334,0.00014209760744217075
30146,334,0.00014209760744217075
32784,333,0.00014167216550372113
32119,330,0.0001403958396883723
35718,326,0.00013869407193457383
31463,324,0.00013784318805767462
34131,324,0.00013784318805767462
30739,323,0.000137417746119225
33693,323,0.000137417746119225
32899,322,0.00013699230418077538
34905,321,0.00013656686224232576
35406,320,0.00013614142030387617
33155,320,0.00013614142030387617
34054,320,0.00013614142030387617
34229,318,0.00013529053642697694
31545,318,0.00013529053642697694
33459,317,0.00013486509448852732
33238,316,0.0001344396525500777
32878,315,0.00013401421061162808
31950,314,0.0001335887686731785
30717,313,0.00013316332673472887
35236,312,0.00013273788479627925
34046,311,0.00013231244285782963
33016,311,0.00013231244285782963
33743,309,0.00013146155898093043
36252,308,0.0001310361170424808
32180,307,0.0001306106751040312
34879,302,0.00012848346541178312
32773,300,0.0001276325815348839
31619,297,0.00012635625571953506
34062,296,0.00012593081378108544
31488,294,0.00012507992990418623
31075,294,0.00012507992990418623
35885,293,0.00012465448796573661
33504,292,0.000124229046027287
36016,289,0.00012295272021193817
35153,288,0.00012252727827348855
31534,287,0.00012210183633503893
31290,286,0.00012167639439658931
33792,285,0.00012125095245813971
34299,284,0.00012082551051969009
33676,283,0.00012040006858124047
31052,281,0.00011954918470434125
36242,281,0.00011954918470434125
30486,280,0.00011912374276589164
33381,279,0.00011869830082744203
33139,276,0.00011742197501209318
35385,276,0.00011742197501209318
33111,271,0.00011529476531984512
34704,270,0.00011486932338139552
31399,270,0.00011486932338139552
34467,270,0.00011486932338139552
32891,269,0.0001144438814429459
32621,267,0.00011359299756604667
33109,266,0.00011316755562759706
35012,262,0.00011146578787379861
32370,261,0.00011104034593534899
35061,261,0.00011104034593534899
36306,261,0.00011104034593534899
34228,260,0.00011061490399689937
34092,256,0.00010891313624310093
33933,253,0.00010763681042775209
31654,253,0.00010763681042775209
35628,252,0.00010721136848930248
35048,252,0.00010721136848930248
31905,250,0.00010636048461240324
32932,249,0.00010593504267395364
31097,249,0.00010593504267395364
34113,248,0.00010550960073550402
36173,245,0.00010423327492015518
33704,244,0.00010380783298170558
30549,244,0.00010380783298170558
34150,244,0.00010380783298170558
36345,243,0.00010338239104325596
34120,241,0.00010253150716635673
34942,241,0.00010253150716635673
33602,241,0.00010253150716635673
34167,241,0.00010253150716635673
32335,240,0.00010210606522790712
31076,240,0.00010210606522790712
35411,237,0.00010082973941255827
33415,236,0.00010040429747410867
32125,236,0.00010040429747410867
34464,235,9.997885553565905e-05
33625,235,9.997885553565905e-05
36268,235,9.997885553565905e-05
33532,234,9.955341359720945e-05
30696,233,9.912797165875983e-05
35278,231,9.82770877818606e-05
35091,231,9.82770877818606e-05
34863,230,9.785164584341099e-05
31924,230,9.785164584341099e-05
32222,229,9.742620390496138e-05
35160,229,9.742620390496138e-05
31867,228,9.700076196651176e-05
33024,228,9.700076196651176e-05
30209,226,9.614987808961254e-05
30444,224,9.529899421271332e-05
31548,224,9.529899421271332e-05
30329,223,9.48735522742637e-05
35502,222,9.444811033581408e-05
34877,221,9.402266839736448e-05
34088,221,9.402266839736448e-05
32857,220,9.359722645891486e-05
31726,220,9.359722645891486e-05
30918,220,9.359722645891486e-05
34022,219,9.317178452046524e-05
31301,219,9.317178452046524e-05
31587,218,9.274634258201564e-05
32649,217,9.232090064356602e-05
32472,217,9.232090064356602e-05
36553,217,9.232090064356602e-05
32956,216,9.189545870511641e-05
30164,214,9.104457482821718e-05
32841,213,9.061913288976757e-05
31315,213,9.061913288976757e-05
32244,212,9.019369095131795e-05
31335,211,8.976824901286835e-05
34520,211,8.976824901286835e-05
30894,211,8.976824901286835e-05
34691,210,8.934280707441873e-05
32012,210,8.934280707441873e-05
30819,208,8.84919231975195e-05
30268,207,8.806648125906989e-05
34109,207,8.806648125906989e-05
30758,207,8.806648125906989e-05
35401,206,8.764103932062028e-05
30577,205,8.721559738217067e-05
30278,204,8.679015544372105e-05
35793,204,8.679015544372105e-05
31628,203,8.636471350527144e-05
30386,203,8.636471350527144e-05
32164,203,8.636471350527144e-05
31013,203,8.636471350527144e-05
31470,203,8.636471350527144e-05
34254,202,8.593927156682182e-05
33211,201,8.551382962837222e-05
34871,201,8.551382962837222e-05
30338,198,8.423750381302338e-05
32252,197,8.381206187457376e-05
30394,197,8.381206187457376e-05
34692,195,8.296117799767454e-05
31471,195,8.296117799767454e-05
31699,194,8.253573605922492e-05
30327,193,8.211029412077531e-05
31468,191,8.125941024387608e-05
35192,191,8.125941024387608e-05
35374,190,8.083396830542647e-05
35934,189,8.040852636697685e-05
30333,188,7.998308442852725e-05
36115,188,7.998308442852725e-05
35338,188,7.998308442852725e-05
32101,186,7.913220055162801e-05
31172,185,7.870675861317841e-05
31615,183,7.785587473627918e-05
35113,183,7.785587473627918e-05
31793,182,7.743043279782957e-05
34477,182,7.743043279782957e-05
30141,182,7.743043279782957e-05
33095,182,7.743043279782957e-05
33241,182,7.743043279782957e-05
33162,181,7.700499085937995e-05
35446,180,7.657954892093034e-05
32511,180,7.657954892093034e-05
32131,179,7.615410698248073e-05
34496,178,7.572866504403111e-05
31725,177,7.53032231055815e-05
33344,177,7.53032231055815e-05
30165,176,7.487778116713188e-05
34802,175,7.445233922868228e-05
30950,175,7.445233922868228e-05
33983,174,7.402689729023266e-05
30930,174,7.402689729023266e-05
33003,173,7.360145535178304e-05
34454,173,7.360145535178304e-05
32705,172,7.317601341333344e-05
32598,171,7.275057147488382e-05
31274,171,7.275057147488382e-05
32888,171,7.275057147488382e-05
33121,170,7.232512953643421e-05
32556,170,7.232512953643421e-05
31375,170,7.232512953643421e-05
31512,170,7.232512953643421e-05
35074,169,7.18996875979846e-05
32124,169,7.18996875979846e-05
32854,168,7.147424565953498e-05
30971,167,7.104880372108537e-05
34583,166,7.062336178263576e-05
33032,166,7.062336178263576e-05
30683,166,7.062336178263576e-05
34543,166,7.062336178263576e-05
35237,164,6.977247790573653e-05
35569,164,6.977247790573653e-05
34468,164,6.977247790573653e-05
34231,163,6.934703596728691e-05
32018,162,6.892159402883731e-05
33832,161,6.849615209038769e-05
33282,161,6.849615209038769e-05
30610,161,6.849615209038769e-05
35317,160,6.807071015193809e-05
30744,160,6.807071015193809e-05
36166,160,6.807071015193809e-05
32785,159,6.764526821348847e-05
33540,159,6.764526821348847e-05
34645,158,6.721982627503885e-05
35447,158,6.721982627503885e-05
31719,158,6.721982627503885e-05
30162,157,6.679438433658924e-05
33043,156,6.636894239813963e-05
32239,156,6.636894239813963e-05
31241,156,6.636894239813963e-05
35842,155,6.594350045969001e-05
31279,155,6.594350045969001e-05
30613,155,6.594350045969001e-05
30654,154,6.55180585212404e-05
35504,153,6.509261658279079e-05
32365,151,6.424173270589156e-05
32902,150,6.381629076744194e-05
32663,150,6.381629076744194e-05
32559,150,6.381629076744194e-05
30728,150,6.381629076744194e-05
33587,150,6.381629076744194e-05
32315,149,6.339084882899234e-05
31198,148,6.296540689054272e-05
35022,148,6.296540689054272e-05
30658,147,6.253996495209312e-05
32782,147,6.253996495209312e-05
31865,147,6.253996495209312e-05
35171,147,6.253996495209312e-05
34648,147,6.253996495209312e-05
30731,146,6.21145230136435e-05
35147,146,6.21145230136435e-05
31367,146,6.21145230136435e-05
34722,145,6.168908107519388e-05
30482,145,6.168908107519388e-05
31170,145,6.168908107519388e-05
33388,145,6.168908107519388e-05
33068,144,6.126363913674427e-05
31931,144,6.126363913674427e-05
34218,144,6.126363913674427e-05
32743,144,6.126363913674427e-05
31308,144,6.126363913674427e-05
31288,144,6.126363913674427e-05
30005,144,6.126363913674427e-05
33572,143,6.0838197198294656e-05
32343,143,6.0838197198294656e-05
32363,143,6.0838197198294656e-05
34306,143,6.0838197198294656e-05
31050,143,6.0838197198294656e-05
34408,143,6.0838197198294656e-05
33194,143,6.0838197198294656e-05
30643,142,6.0412755259845045e-05
32519,142,6.0412755259845045e-05
30519,142,6.0412755259845045e-05
35045,142,6.0412755259845045e-05
32174,141,5.998731332139543e-05
32132,141,5.998731332139543e-05
31280,140,5.956187138294582e-05
35497,140,5.956187138294582e-05
30298,140,5.956187138294582e-05
34237,140,5.956187138294582e-05
35579,139,5.9136429444496204e-05
33418,139,5.9136429444496204e-05
33890,139,5.9136429444496204e-05
32520,139,5.9136429444496204e-05
35601,138,5.871098750604659e-05
30938,138,5.871098750604659e-05
32129,138,5.871098750604659e-05
30535,137,5.828554556759698e-05
35458,136,5.786010362914737e-05
35855,136,5.786010362914737e-05
33484,136,5.786010362914737e-05
36178,136,5.786010362914737e-05
33987,136,5.786010362914737e-05
30589,135,5.743466169069776e-05
34303,134,5.700921975224814e-05
34897,134,5.700921975224814e-05
33520,134,5.700921975224814e-05
34530,134,5.700921975224814e-05
35250,134,5.700921975224814e-05
33169,134,5.700921975224814e-05
30221,133,5.658377781379853e-05
30608,133,5.658377781379853e-05
31085,133,5.658377781379853e-05
30925,132,5.6158335875348916e-05
32771,132,5.6158335875348916e-05
30322,132,5.6158335875348916e-05
34534,131,5.5732893936899305e-05
30272,131,5.5732893936899305e-05
31441,130,5.5307451998449686e-05
33436,130,5.5307451998449686e-05
32115,130,5.5307451998449686e-05
32549,129,5.4882010060000075e-05
30148,127,5.403112618310085e-05
30150,127,5.403112618310085e-05
33654,126,5.360568424465124e-05
32436,126,5.360568424465124e-05
36097,125,5.318024230620162e-05
30716,125,5.318024230620162e-05
31332,125,5.318024230620162e-05
35582,125,5.318024230620162e-05
35051,124,5.275480036775201e-05
34013,124,5.275480036775201e-05
35381,122,5.190391649085279e-05
33862,121,5.147847455240317e-05
32177,121,5.147847455240317e-05
30480,121,5.147847455240317e-05
34051,118,5.0202148737054335e-05
36311,118,5.0202148737054335e-05
30779,118,5.0202148737054335e-05
30880,117,4.977670679860472e-05
31421,115,4.8925822921705493e-05
31204,115,4.8925822921705493e-05
32348,115,4.8925822921705493e-05
32847,114,4.850038098325588e-05
35754,114,4.850038098325588e-05
34006,114,4.850038098325588e-05
34028,114,4.850038098325588e-05
33348,113,4.807493904480627e-05
35994,113,4.807493904480627e-05
31041,113,4.807493904480627e-05
30568,112,4.764949710635666e-05
31859,112,4.764949710635666e-05
30967,112,4.764949710635666e-05
34553,112,4.764949710635666e-05
30545,110,4.679861322945743e-05
31447,110,4.679861322945743e-05
35570,110,4.679861322945743e-05
32207,110,4.679861322945743e-05
30216,110,4.679861322945743e-05
34539,108,4.5947729352558206e-05
33501,107,4.552228741410859e-05
31531,107,4.552228741410859e-05
32946,106,4.5096845475658976e-05
34875,106,4.5096845475658976e-05
31283,106,4.5096845475658976e-05
31092,106,4.5096845475658976e-05
33543,106,4.5096845475658976e-05
35210,105,4.4671403537209365e-05
32869,104,4.424596159875975e-05
32412,103,4.382051966031014e-05
32320,102,4.3395077721860523e-05
35472,102,4.3395077721860523e-05
31245,102,4.3395077721860523e-05
31847,102,4.3395077721860523e-05
32255,101,4.296963578341091e-05
30878,100,4.25441938449613e-05
33546,100,4.25441938449613e-05
31197,100,4.25441938449613e-05
32494,100,4.25441938449613e-05
31216,99,4.211875190651169e-05
30414,98,4.169330996806207e-05
30409,97,4.126786802961246e-05
36346,97,4.126786802961246e-05
30361,96,4.084242609116285e-05
35550,96,4.084242609116285e-05
34991,96,4.084242609116285e-05
35627,95,4.0416984152713236e-05
35598,95,4.0416984152713236e-05
30033,95,4.0416984152713236e-05
32190,93,3.9566100275814006e-05
36171,93,3.9566100275814006e-05
30237,92,3.9140658337364395e-05
30557,91,3.871521639891478e-05
34745,90,3.828977446046517e-05
31720,90,3.828977446046517e-05
33490,90,3.828977446046517e-05
36267,90,3.828977446046517e-05
35454,90,3.828977446046517e-05
33771,90,3.828977446046517e-05
35483,89,3.7864332522015553e-05
31525,89,3.7864332522015553e-05
30815,88,3.743889058356594e-05
31160,88,3.743889058356594e-05
31730,88,3.743889058356594e-05
31086,88,3.743889058356594e-05
30817,88,3.743889058356594e-05
34990,88,3.743889058356594e-05
31684,88,3.743889058356594e-05
32849,87,3.701344864511633e-05
33535,87,3.701344864511633e-05
30042,86,3.658800670666672e-05
30448,86,3.658800670666672e-05
31879,86,3.658800670666672e-05
33900,86,3.658800670666672e-05
35127,85,3.616256476821711e-05
33731,85,3.616256476821711e-05
33200,85,3.616256476821711e-05
30954,84,3.573712282976749e-05
32287,84,3.573712282976749e-05
35584,83,3.531168089131788e-05
35177,83,3.531168089131788e-05
34733,82,3.4886238952868266e-05
35053,82,3.4886238952868266e-05
33182,82,3.4886238952868266e-05
35232,81,3.4460797014418655e-05
34656,80,3.403535507596904e-05
30630,80,3.403535507596904e-05
35868,79,3.3609913137519425e-05
32141,79,3.3609913137519425e-05
33714,79,3.3609913137519425e-05
36583,79,3.3609913137519425e-05
31672,78,3.318447119906981e-05
31908,77,3.27590292606202e-05
35532,76,3.233358732217059e-05
31036,76,3.233358732217059e-05
30872,76,3.233358732217059e-05
34270,75,3.190814538372097e-05
35138,75,3.190814538372097e-05
33809,75,3.190814538372097e-05
35125,74,3.148270344527136e-05
30790,74,3.148270344527136e-05
31501,74,3.148270344527136e-05
32455,74,3.148270344527136e-05
32745,74,3.148270344527136e-05
34535,74,3.148270344527136e-05
34239,73,3.105726150682175e-05
35731,70,2.978093569147291e-05
33692,70,2.978093569147291e-05
32149,70,2.978093569147291e-05
30275,70,2.978093569147291e-05
30503,70,2.978093569147291e-05
34551,70,2.978093569147291e-05
31813,69,2.9355493753023296e-05
31299,69,2.9355493753023296e-05
36340,69,2.9355493753023296e-05
35906,68,2.8930051814573685e-05
34855,68,2.8930051814573685e-05
30617,68,2.8930051814573685e-05
31479,68,2.8930051814573685e-05
35599,68,2.8930051814573685e-05
35256,67,2.850460987612407e-05
33619,67,2.850460987612407e-05
34943,67,2.850460987612407e-05
30933,67,2.850460987612407e-05
34458,67,2.850460987612407e-05
31030,66,2.8079167937674458e-05
33564,66,2.8079167937674458e-05
35163,65,2.7653725999224843e-05
31225,65,2.7653725999224843e-05
33176,64,2.7228284060775232e-05
30923,64,2.7228284060775232e-05
34967,63,2.680284212232562e-05
35603,63,2.680284212232562e-05
34451,63,2.680284212232562e-05
33628,63,2.680284212232562e-05
32786,63,2.680284212232562e-05
35030,63,2.680284212232562e-05
36651,62,2.6377400183876005e-05
35129,62,2.6377400183876005e-05
32375,62,2.6377400183876005e-05
35115,62,2.6377400183876005e-05
36756,62,2.6377400183876005e-05
31430,62,2.6377400183876005e-05
31180,61,2.5951958245426394e-05
30778,61,2.5951958245426394e-05
33574,60,2.552651630697678e-05
30982,60,2.552651630697678e-05
32245,60,2.552651630697678e-05
33932,60,2.552651630697678e-05
36631,60,2.552651630697678e-05
34470,59,2.5101074368527167e-05
30040,59,2.5101074368527167e-05
36322,59,2.5101074368527167e-05
31058,58,2.4675632430077552e-05
35052,58,2.4675632430077552e-05
34812,58,2.4675632430077552e-05
31364,57,2.425019049162794e-05
31098,57,2.425019049162794e-05
32066,57,2.425019049162794e-05
34561,57,2.425019049162794e-05
33464,56,2.382474855317833e-05
31911,56,2.382474855317833e-05
35774,56,2.382474855317833e-05
32390,56,2.382474855317833e-05
32021,55,2.3399306614728715e-05
33246,55,2.3399306614728715e-05
32297,54,2.2973864676279103e-05
33604,54,2.2973864676279103e-05
31910,53,2.2548422737829488e-05
34488,53,2.2548422737829488e-05
30205,53,2.2548422737829488e-05
30857,52,2.2122980799379877e-05
33826,52,2.2122980799379877e-05
33507,52,2.2122980799379877e-05
34196,52,2.2122980799379877e-05
36353,52,2.2122980799379877e-05
33984,52,2.2122980799379877e-05
30478,52,2.2122980799379877e-05
31391,51,2.1697538860930262e-05
30952,50,2.127209692248065e-05
35632,50,2.127209692248065e-05
32185,50,2.127209692248065e-05
31816,50,2.127209692248065e-05
36818,50,2.127209692248065e-05
32965,49,2.0846654984031035e-05
34295,49,2.0846654984031035e-05
34628,49,2.0846654984031035e-05
30324,49,2.0846654984031035e-05
34792,48,2.0421213045581424e-05
33947,48,2.0421213045581424e-05
31230,47,1.9995771107131812e-05
30380,47,1.9995771107131812e-05
34682,47,1.9995771107131812e-05
32916,47,1.9995771107131812e-05
30670,46,1.9570329168682197e-05
30542,46,1.9570329168682197e-05
32155,46,1.9570329168682197e-05
33672,45,1.9144887230232586e-05
31961,45,1.9144887230232586e-05
32876,44,1.871944529178297e-05
31732,44,1.871944529178297e-05
33048,44,1.871944529178297e-05
34186,43,1.829400335333336e-05
34577,43,1.829400335333336e-05
32228,43,1.829400335333336e-05
33151,42,1.7868561414883745e-05
30556,41,1.7443119476434133e-05
30371,41,1.7443119476434133e-05
31842,41,1.7443119476434133e-05
32789,41,1.7443119476434133e-05
31223,41,1.7443119476434133e-05
31108,40,1.701767753798452e-05
31938,40,1.701767753798452e-05
30114,40,1.701767753798452e-05
31317,40,1.701767753798452e-05
33072,39,1.6592235599534907e-05
34572,39,1.6592235599534907e-05
33297,39,1.6592235599534907e-05
35277,39,1.6592235599534907e-05
35917,38,1.6166793661085295e-05
30016,38,1.6166793661085295e-05
33935,38,1.6166793661085295e-05
35700,37,1.574135172263568e-05
31351,37,1.574135172263568e-05
31724,36,1.531590978418607e-05
36254,36,1.531590978418607e-05
34255,36,1.531590978418607e-05
36515,36,1.531590978418607e-05
35086,35,1.4890467845736455e-05
31063,35,1.4890467845736455e-05
35656,35,1.4890467845736455e-05
30579,34,1.4465025907286842e-05
36488,34,1.4465025907286842e-05
31559,34,1.4465025907286842e-05
34250,34,1.4465025907286842e-05
35843,34,1.4465025907286842e-05
32969,34,1.4465025907286842e-05
31138,33,1.4039583968837229e-05
35610,33,1.4039583968837229e-05
35427,33,1.4039583968837229e-05
36253,33,1.4039583968837229e-05
31282,33,1.4039583968837229e-05
30172,32,1.3614142030387616e-05
36007,32,1.3614142030387616e-05
30039,32,1.3614142030387616e-05
33115,32,1.3614142030387616e-05
36526,32,1.3614142030387616e-05
36162,31,1.3188700091938003e-05
35897,31,1.3188700091938003e-05
32944,31,1.3188700091938003e-05
31493,30,1.276325815348839e-05
31418,29,1.2337816215038776e-05
30884,29,1.2337816215038776e-05
35144,29,1.2337816215038776e-05
33757,29,1.2337816215038776e-05
35054,29,1.2337816215038776e-05
35856,29,1.2337816215038776e-05
32983,29,1.2337816215038776e-05
31825,28,1.1912374276589165e-05
31885,28,1.1912374276589165e-05
30929,28,1.1912374276589165e-05
31431,28,1.1912374276589165e-05
35846,27,1.1486932338139552e-05
33081,27,1.1486932338139552e-05
32886,27,1.1486932338139552e-05
35339,27,1.1486932338139552e-05
31756,27,1.1486932338139552e-05
36286,27,1.1486932338139552e-05
36787,26,1.1061490399689938e-05
35534,26,1.1061490399689938e-05
31592,26,1.1061490399689938e-05
31979,26,1.1061490399689938e-05
32136,26,1.1061490399689938e-05
35063,26,1.1061490399689938e-05
30347,25,1.0636048461240325e-05
33536,25,1.0636048461240325e-05
32001,25,1.0636048461240325e-05
30504,25,1.0636048461240325e-05
30302,25,1.0636048461240325e-05
33255,25,1.0636048461240325e-05
34664,24,1.0210606522790712e-05
30916,24,1.0210606522790712e-05
33765,24,1.0210606522790712e-05
32591,24,1.0210606522790712e-05
32933,24,1.0210606522790712e-05
34168,24,1.0210606522790712e-05
30006,24,1.0210606522790712e-05
35650,23,9.785164584341099e-06
35383,23,9.785164584341099e-06
30085,23,9.785164584341099e-06
34332,23,9.785164584341099e-06
30750,23,9.785164584341099e-06
33055,23,9.785164584341099e-06
33674,23,9.785164584341099e-06
34412,23,9.785164584341099e-06
36261,23,9.785164584341099e-06
35849,23,9.785164584341099e-06
31165,23,9.785164584341099e-06
31899,23,9.785164584341099e-06
34817,23,9.785164584341099e-06
31510,22,9.359722645891485e-06
34037,22,9.359722645891485e-06
33681,22,9.359722645891485e-06
30015,22,9.359722645891485e-06
30697,22,9.359722645891485e-06
31458,21,8.934280707441872e-06
33860,21,8.934280707441872e-06
33008,21,8.934280707441872e-06
35351,21,8.934280707441872e-06
36339,21,8.934280707441872e-06
34721,21,8.934280707441872e-06
31025,21,8.934280707441872e-06
35973,21,8.934280707441872e-06
30470,21,8.934280707441872e-06
30927,21,8.934280707441872e-06
30715,20,8.50883876899226e-06
31681,20,8.50883876899226e-06
34258,20,8.50883876899226e-06
36334,20,8.50883876899226e-06
36587,20,8.50883876899226e-06
36698,20,8.50883876899226e-06
33493,19,8.083396830542648e-06
32895,19,8.083396830542648e-06
30280,19,8.083396830542648e-06
33472,19,8.083396830542648e-06
31966,19,8.083396830542648e-06
36452,19,8.083396830542648e-06
31106,19,8.083396830542648e-06
31564,19,8.083396830542648e-06
30032,19,8.083396830542648e-06
30310,19,8.083396830542648e-06
35090,19,8.083396830542648e-06
34132,19,8.083396830542648e-06
34435,18,7.657954892093034e-06
33307,18,7.657954892093034e-06
32587,18,7.657954892093034e-06
32247,18,7.657954892093034e-06
33599,18,7.657954892093034e-06
35508,18,7.657954892093034e-06
31089,18,7.657954892093034e-06
36469,18,7.657954892093034e-06
34818,18,7.657954892093034e-06
30511,18,7.657954892093034e-06
33772,18,7.657954892093034e-06
33988,18,7.657954892093034e-06
33616,17,7.232512953643421e-06
33125,17,7.232512953643421e-06
36546,17,7.232512953643421e-06
36528,17,7.232512953643421e-06
36618,17,7.232512953643421e-06
31702,17,7.232512953643421e-06
31015,17,7.232512953643421e-06
33954,17,7.232512953643421e-06
31513,17,7.232512953643421e-06
34695,16,6.807071015193808e-06
34313,16,6.807071015193808e-06
34938,16,6.807071015193808e-06
30762,16,6.807071015193808e-06
35707,16,6.807071015193808e-06
34089,16,6.807071015193808e-06
36336,16,6.807071015193808e-06
35069,16,6.807071015193808e-06
34803,16,6.807071015193808e-06
34044,15,6.381629076744195e-06
35130,15,6.381629076744195e-06
34751,15,6.381629076744195e-06
34769,15,6.381629076744195e-06
31636,15,6.381629076744195e-06
35228,15,6.381629076744195e-06
32046,15,6.381629076744195e-06
30770,15,6.381629076744195e-06
33841,15,6.381629076744195e-06
30569,15,6.381629076744195e-06
33240,15,6.381629076744195e-06
36186,15,6.381629076744195e-06
35221,15,6.381629076744195e-06
36573,15,6.381629076744195e-06
33853,14,5.956187138294582e-06
31327,14,5.956187138294582e-06
35363,14,5.956187138294582e-06
31218,14,5.956187138294582e-06
35343,14,5.956187138294582e-06
30017,14,5.956187138294582e-06
30300,14,5.956187138294582e-06
32710,14,5.956187138294582e-06
36273,14,5.956187138294582e-06
36156,14,5.956187138294582e-06
36431,13,5.530745199844969e-06
31856,13,5.530745199844969e-06
35273,13,5.530745199844969e-06
30317,13,5.530745199844969e-06
34601,13,5.530745199844969e-06
34972,13,5.530745199844969e-06
34034,13,5.530745199844969e-06
31002,13,5.530745199844969e-06
30063,13,5.530745199844969e-06
32109,13,5.530745199844969e-06
31627,13,5.530745199844969e-06
34766,13,5.530745199844969e-06
30659,13,5.530745199844969e-06
35978,13,5.530745199844969e-06
33359,13,5.530745199844969e-06
34065,13,5.530745199844969e-06
31348,13,5.530745199844969e-06
30076,13,5.530745199844969e-06
33658,13,5.530745199844969e-06
36630,13,5.530745199844969e-06
35481,13,5.530745199844969e-06
30419,13,5.530745199844969e-06
30065,13,5.530745199844969e-06
30224,12,5.105303261395356e-06
35417,12,5.105303261395356e-06
31208,12,5.105303261395356e-06
36022,12,5.105303261395356e-06
36745,12,5.105303261395356e-06
32122,12,5.105303261395356e-06
33685,12,5.105303261395356e-06
36051,12,5.105303261395356e-06
31387,12,5.105303261395356e-06
34639,12,5.105303261395356e-06
30669,12,5.105303261395356e-06
31994,12,5.105303261395356e-06
30746,12,5.105303261395356e-06
32274,12,5.105303261395356e-06
30993,12,5.105303261395356e-06
31954,12,5.105303261395356e-06
36468,12,5.105303261395356e-06
36704,12,5.105303261395356e-06
32187,12,5.105303261395356e-06
33051,12,5.105303261395356e-06
35248,12,5.105303261395356e-06
30886,12,5.105303261395356e-06
36208,11,4.679861322945743e-06
34166,11,4.679861322945743e-06
32509,11,4.679861322945743e-06
33221,11,4.679861322945743e-06
35498,11,4.679861322945743e-06
31538,11,4.679861322945743e-06
34630,11,4.679861322945743e-06
30856,11,4.679861322945743e-06
36699,11,4.679861322945743e-06
35882,11,4.679861322945743e-06
32133,11,4.679861322945743e-06
33957,11,4.679861322945743e-06
35606,11,4.679861322945743e-06
33888,11,4.679861322945743e-06
36516,11,4.679861322945743e-06
30710,11,4.679861322945743e-06
34889,11,4.679861322945743e-06
32039,11,4.679861322945743e-06
36157,11,4.679861322945743e-06
33145,11,4.679861322945743e-06
36191,11,4.679861322945743e-06
36513,11,4.679861322945743e-06
31410,11,4.679861322945743e-06
30945,11,4.679861322945743e-06
33140,10,4.25441938449613e-06
34424,10,4.25441938449613e-06
36635,10,4.25441938449613e-06
36095,10,4.25441938449613e-06
31883,10,4.25441938449613e-06
33756,10,4.25441938449613e-06
36801,10,4.25441938449613e-06
31700,10,4.25441938449613e-06
30838,10,4.25441938449613e-06
35530,10,4.25441938449613e-06
34807,10,4.25441938449613e-06
35254,10,4.25441938449613e-06
33525,10,4.25441938449613e-06
33940,10,4.25441938449613e-06
32726,10,4.25441938449613e-06
33047,10,4.25441938449613e-06
34965,10,4.25441938449613e-06
30555,10,4.25441938449613e-06
33261,10,4.25441938449613e-06
33998,10,4.25441938449613e-06
32712,9,3.828977446046517e-06
31219,9,3.828977446046517e-06
31253,9,3.828977446046517e-06
35620,9,3.828977446046517e-06
32911,9,3.828977446046517e-06
32922,9,3.828977446046517e-06
33537,9,3.828977446046517e-06
32845,9,3.828977446046517e-06
34785,9,3.828977446046517e-06
34778,9,3.828977446046517e-06
34744,9,3.828977446046517e-06
32955,9,3.828977446046517e-06
34713,9,3.828977446046517e-06
34670,9,3.828977446046517e-06
31659,9,3.828977446046517e-06
33015,9,3.828977446046517e-06
32774,9,3.828977446046517e-06
33483,9,3.828977446046517e-06
31862,9,3.828977446046517e-06
32690,9,3.828977446046517e-06
33783,9,3.828977446046517e-06
32661,9,3.828977446046517e-06
33235,9,3.828977446046517e-06
33865,9,3.828977446046517e-06
34212,9,3.828977446046517e-06
32883,8,3.403535507596904e-06
32067,8,3.403535507596904e-06
30641,8,3.403535507596904e-06
36566,8,3.403535507596904e-06
32571,8,3.403535507596904e-06
32079,8,3.403535507596904e-06
31099,8,3.403535507596904e-06
36141,8,3.403535507596904e-06
32684,8,3.403535507596904e-06
32697,8,3.403535507596904e-06
34431,8,3.403535507596904e-06
31820,8,3.403535507596904e-06
34101,8,3.403535507596904e-06
33046,8,3.403535507596904e-06
34206,8,3.403535507596904e-06
33226,8,3.403535507596904e-06
35271,8,3.403535507596904e-06
34750,8,3.403535507596904e-06
35152,8,3.403535507596904e-06
35649,8,3.403535507596904e-06
30047,8,3.403535507596904e-06
30999,8,3.403535507596904e-06
35108,8,3.403535507596904e-06
31276,8,3.403535507596904e-06
33432,8,3.403535507596904e-06
33424,8,3.403535507596904e-06
32599,8,3.403535507596904e-06
36174,8,3.403535507596904e-06
33949,7,2.978093569147291e-06
34993,7,2.978093569147291e-06
35440,7,2.978093569147291e-06
35060,7,2.978093569147291e-06
31035,7,2.978093569147291e-06
31024,7,2.978093569147291e-06
35372,7,2.978093569147291e-06
30844,7,2.978093569147291e-06
36646,7,2.978093569147291e-06
33680,7,2.978093569147291e-06
36568,7,2.978093569147291e-06
36567,7,2.978093569147291e-06
36789,7,2.978093569147291e-06
32642,7,2.978093569147291e-06
36529,7,2.978093569147291e-06
30043,7,2.978093569147291e-06
32576,7,2.978093569147291e-06
33870,7,2.978093569147291e-06
33899,7,2.978093569147291e-06
33103,7,2.978093569147291e-06
36443,7,2.978093569147291e-06
32307,7,2.978093569147291e-06
36278,7,2.978093569147291e-06
33450,7,2.978093569147291e-06
32028,7,2.978093569147291e-06
36096,7,2.978093569147291e-06
30261,7,2.978093569147291e-06
34447,7,2.978093569147291e-06
31773,7,2.978093569147291e-06
30266,7,2.978093569147291e-06
35982,7,2.978093569147291e-06
34618,7,2.978093569147291e-06
35860,7,2.978093569147291e-06
30385,7,2.978093569147291e-06
30439,7,2.978093569147291e-06
34781,7,2.978093569147291e-06
31417,7,2.978093569147291e-06
35625,7,2.978093569147291e-06
33559,7,2.978093569147291e-06
36664,7,2.978093569147291e-06
34646,6,2.552651630697678e-06
33763,6,2.552651630697678e-06
34660,6,2.552651630697678e-06
30374,6,2.552651630697678e-06
32476,6,2.552651630697678e-06
35847,6,2.552651630697678e-06
32538,6,2.552651630697678e-06
30900,6,2.552651630697678e-06
30427,6,2.552651630697678e-06
30432,6,2.552651630697678e-06
34754,6,2.552651630697678e-06
36677,6,2.552651630697678e-06
33926,6,2.552651630697678e-06
34767,6,2.552651630697678e-06
31434,6,2.552651630697678e-06
35714,6,2.552651630697678e-06
35011,6,2.552651630697678e-06
30958,6,2.552651630697678e-06
36581,6,2.552651630697678e-06
33338,6,2.552651630697678e-06
35676,6,2.552651630697678e-06
32716,6,2.552651630697678e-06
33152,6,2.552651630697678e-06
30673,6,2.552651630697678e-06
36510,6,2.552651630697678e-06
32080,6,2.552651630697678e-06
35106,6,2.552651630697678e-06
33049,6,2.552651630697678e-06
33691,6,2.552651630697678e-06
36050,6,2.552651630697678e-06
32863,6,2.552651630697678e-06
30050,6,2.552651630697678e-06
33854,6,2.552651630697678e-06
36031,6,2.552651630697678e-06
32394,6,2.552651630697678e-06
32516,6,2.552651630697678e-06
35992,6,2.552651630697678e-06
36648,6,2.552651630697678e-06
30633,6,2.552651630697678e-06
35310,6,2.552651630697678e-06
31992,6,2.552651630697678e-06
33009,6,2.552651630697678e-06
31656,6,2.552651630697678e-06
35923,6,2.552651630697678e-06
36158,6,2.552651630697678e-06
32832,6,2.552651630697678e-06
33506,6,2.552651630697678e-06
36256,6,2.552651630697678e-06
30808,6,2.552651630697678e-06
30144,6,2.552651630697678e-06
35344,6,2.552651630697678e-06
34185,6,2.552651630697678e-06
30348,6,2.552651630697678e-06
31582,6,2.552651630697678e-06
31016,5,2.127209692248065e-06
35972,5,2.127209692248065e-06
33287,5,2.127209692248065e-06
33592,5,2.127209692248065e-06
34430,5,2.127209692248065e-06
35971,5,2.127209692248065e-06
31347,5,2.127209692248065e-06
36793,5,2.127209692248065e-06
33280,5,2.127209692248065e-06
34845,5,2.127209692248065e-06
34453,5,2.127209692248065e-06
35505,5,2.127209692248065e-06
36662,5,2.127209692248065e-06
36170,5,2.127209692248065e-06
30708,5,2.127209692248065e-06
31234,5,2.127209692248065e-06
34900,5,2.127209692248065e-06
33547,5,2.127209692248065e-06
30811,5,2.127209692248065e-06
33868,5,2.127209692248065e-06
32064,5,2.127209692248065e-06
36422,5,2.127209692248065e-06
34623,5,2.127209692248065e-06
32350,5,2.127209692248065e-06
34954,5,2.127209692248065e-06
34631,5,2.127209692248065e-06
34071,5,2.127209692248065e-06
32595,5,2.127209692248065e-06
35326,5,2.127209692248065e-06
32739,5,2.127209692248065e-06
30088,5,2.127209692248065e-06
35877,5,2.127209692248065e-06
34003,5,2.127209692248065e-06
33117,5,2.127209692248065e-06
34095,5,2.127209692248065e-06
30646,5,2.127209692248065e-06
30782,5,2.127209692248065e-06
30400,5,2.127209692248065e-06
31904,5,2.127209692248065e-06
31526,5,2.127209692248065e-06
36638,5,2.127209692248065e-06
30572,5,2.127209692248065e-06
35235,5,2.127209692248065e-06
30897,5,2.127209692248065e-06
36495,5,2.127209692248065e-06
32836,5,2.127209692248065e-06
30010,5,2.127209692248065e-06
30435,5,2.127209692248065e-06
32934,5,2.127209692248065e-06
35208,5,2.127209692248065e-06
34364,5,2.127209692248065e-06
35778,5,2.127209692248065e-06
30078,5,2.127209692248065e-06
32824,5,2.127209692248065e-06
30947,5,2.127209692248065e-06
30008,5,2.127209692248065e-06
35688,5,2.127209692248065e-06
32029,4,1.701767753798452e-06
32236,4,1.701767753798452e-06
35836,4,1.701767753798452e-06
31396,4,1.701767753798452e-06
35203,4,1.701767753798452e-06
36282,4,1.701767753798452e-06
30112,4,1.701767753798452e-06
35195,4,1.701767753798452e-06
36700,4,1.701767753798452e-06
31576,4,1.701767753798452e-06
33239,4,1.701767753798452e-06
34735,4,1.701767753798452e-06
35956,4,1.701767753798452e-06
32993,4,1.701767753798452e-06
36539,4,1.701767753798452e-06
33802,4,1.701767753798452e-06
32763,4,1.701767753798452e-06
35118,4,1.701767753798452e-06
32603,4,1.701767753798452e-06
34564,4,1.701767753798452e-06
32496,4,1.701767753798452e-06
32414,4,1.701767753798452e-06
33754,4,1.701767753798452e-06
31105,4,1.701767753798452e-06
31987,4,1.701767753798452e-06
35523,4,1.701767753798452e-06
34673,4,1.701767753798452e-06
31004,4,1.701767753798452e-06
30100,4,1.701767753798452e-06
30031,4,1.701767753798452e-06
30305,4,1.701767753798452e-06
36061,4,1.701767753798452e-06
35850,4,1.701767753798452e-06
33273,4,1.701767753798452e-06
30714,4,1.701767753798452e-06
31685,4,1.701767753798452e-06
32068,4,1.701767753798452e-06
36652,4,1.701767753798452e-06
34283,4,1.701767753798452e-06
30780,4,1.701767753798452e-06
31781,4,1.701767753798452e-06
31064,4,1.701767753798452e-06
30942,4,1.701767753798452e-06
34921,4,1.701767753798452e-06
36532,4,1.701767753798452e-06
31971,4,1.701767753798452e-06
30294,4,1.701767753798452e-06
30890,4,1.701767753798452e-06
36525,4,1.701767753798452e-06
32344,4,1.701767753798452e-06
33968,4,1.701767753798452e-06
36690,4,1.701767753798452e-06
36442,4,1.701767753798452e-06
32154,4,1.701767753798452e-06
30053,4,1.701767753798452e-06
31496,4,1.701767753798452e-06
34537,4,1.701767753798452e-06
34068,4,1.701767753798452e-06
30160,4,1.701767753798452e-06
36757,3,1.276325815348839e-06
33410,3,1.276325815348839e-06
36480,3,1.276325815348839e-06
32216,3,1.276325815348839e-06
36751,3,1.276325815348839e-06
32200,3,1.276325815348839e-06
32168,3,1.276325815348839e-06
33443,3,1.276325815348839e-06
32142,3,1.276325815348839e-06
33446,3,1.276325815348839e-06
34194,3,1.276325815348839e-06
36762,3,1.276325815348839e-06
30147,3,1.276325815348839e-06
36506,3,1.276325815348839e-06
36750,3,1.276325815348839e-06
36746,3,1.276325815348839e-06
36188,3,1.276325815348839e-06
33881,3,1.276325815348839e-06
33389,3,1.276325815348839e-06
33845,3,1.276325815348839e-06
36179,3,1.276325815348839e-06
33827,3,1.276325815348839e-06
33818,3,1.276325815348839e-06
30167,3,1.276325815348839e-06
33469,3,1.276325815348839e-06
36549,3,1.276325815348839e-06
33781,3,1.276325815348839e-06
36570,3,1.276325815348839e-06
32680,3,1.276325815348839e-06
36140,3,1.276325815348839e-06
32694,3,1.276325815348839e-06
36726,3,1.276325815348839e-06
31893,3,1.276325815348839e-06
34323,3,1.276325815348839e-06
30240,3,1.276325815348839e-06
35003,3,1.276325815348839e-06
34400,3,1.276325815348839e-06
33726,3,1.276325815348839e-06
33702,3,1.276325815348839e-06
31174,3,1.276325815348839e-06
35463,3,1.276325815348839e-06
31854,3,1.276325815348839e-06
31840,3,1.276325815348839e-06
33697,3,1.276325815348839e-06
31811,3,1.276325815348839e-06
36049,3,1.276325815348839e-06
36045,3,1.276325815348839e-06
32735,3,1.276325815348839e-06
36711,3,1.276325815348839e-06
31746,3,1.276325815348839e-06
31161,3,1.276325815348839e-06
34510,3,1.276325815348839e-06
36018,3,1.276325815348839e-06
36642,3,1.276325815348839e-06
33660,3,1.276325815348839e-06
36809,3,1.276325815348839e-06
30301,3,1.276325815348839e-06
30663,3,1.276325815348839e-06
34554,3,1.276325815348839e-06
36707,3,1.276325815348839e-06
31663,3,1.276325815348839e-06
35308,3,1.276325815348839e-06
34575,3,1.276325815348839e-06
30309,3,1.276325815348839e-06
35918,3,1.276325815348839e-06
30836,3,1.276325815348839e-06
35276,3,1.276325815348839e-06
33249,3,1.276325815348839e-06
34610,3,1.276325815348839e-06
30344,3,1.276325815348839e-06
35342,3,1.276325815348839e-06
31589,3,1.276325815348839e-06
35252,3,1.276325815348839e-06
35872,3,1.276325815348839e-06
36649,3,1.276325815348839e-06
33573,3,1.276325815348839e-06
31527,3,1.276325815348839e-06
36694,3,1.276325815348839e-06
30888,3,1.276325815348839e-06
35845,3,1.276325815348839e-06
31469,3,1.276325815348839e-06
36656,3,1.276325815348839e-06
34753,3,1.276325815348839e-06
35511,3,1.276325815348839e-06
33596,3,1.276325815348839e-06
35693,3,1.276325815348839e-06
31394,3,1.276325815348839e-06
30964,3,1.276325815348839e-06
35680,3,1.276325815348839e-06
30973,3,1.276325815348839e-06
30975,3,1.276325815348839e-06
36661,3,1.276325815348839e-06
30748,3,1.276325815348839e-06
35640,3,1.276325815348839e-06
35634,3,1.276325815348839e-06
31342,3,1.276325815348839e-06
30536,3,1.276325815348839e-06
34854,3,1.276325815348839e-06
31334,3,1.276325815348839e-06
30538,3,1.276325815348839e-06
32914,3,1.276325815348839e-06
30742,3,1.276325815348839e-06
35622,3,1.276325815348839e-06
35615,3,1.276325815348839e-06
30543,3,1.276325815348839e-06
36674,3,1.276325815348839e-06
31048,3,1.276325815348839e-06
30687,3,1.276325815348839e-06
31194,3,1.276325815348839e-06
35042,3,1.276325815348839e-06
33236,3,1.276325815348839e-06
36363,3,1.276325815348839e-06
32369,3,1.276325815348839e-06
32314,3,1.276325815348839e-06
34929,3,1.276325815348839e-06
32283,3,1.276325815348839e-06
36460,3,1.276325815348839e-06
30064,3,1.276325815348839e-06
33741,2,8.50883876899226e-07
33314,2,8.50883876899226e-07
33350,2,8.50883876899226e-07
33122,2,8.50883876899226e-07
33392,2,8.50883876899226e-07
33429,2,8.50883876899226e-07
33447,2,8.50883876899226e-07
33058,2,8.50883876899226e-07
33463,2,8.50883876899226e-07
33470,2,8.50883876899226e-07
33480,2,8.50883876899226e-07
33491,2,8.50883876899226e-07
33575,2,8.50883876899226e-07
32859,2,8.50883876899226e-07
33595,2,8.50883876899226e-07
33611,2,8.50883876899226e-07
32829,2,8.50883876899226e-07
33652,2,8.50883876899226e-07
32798,2,8.50883876899226e-07
33703,2,8.50883876899226e-07
32725,2,8.50883876899226e-07
33729,2,8.50883876899226e-07
32702,2,8.50883876899226e-07
33782,2,8.50883876899226e-07
33803,2,8.50883876899226e-07
32622,2,8.50883876899226e-07
33861,2,8.50883876899226e-07
32563,2,8.50883876899226e-07
33928,2,8.50883876899226e-07
32518,2,8.50883876899226e-07
33971,2,8.50883876899226e-07
32438,2,8.50883876899226e-07
34001,2,8.50883876899226e-07
32396,2,8.50883876899226e-07
32353,2,8.50883876899226e-07
32347,2,8.50883876899226e-07
32332,2,8.50883876899226e-07
32317,2,8.50883876899226e-07
32212,2,8.50883876899226e-07
34162,2,8.50883876899226e-07
34174,2,8.50883876899226e-07
32130,2,8.50883876899226e-07
32128,2,8.50883876899226e-07
34216,2,8.50883876899226e-07
32104,2,8.50883876899226e-07
34223,2,8.50883876899226e-07
34243,2,8.50883876899226e-07
32042,2,8.50883876899226e-07
32031,2,8.50883876899226e-07
34289,2,8.50883876899226e-07
31958,2,8.50883876899226e-07
31936,2,8.50883876899226e-07
34316,2,8.50883876899226e-07
31870,2,8.50883876899226e-07
34441,2,8.50883876899226e-07
31837,2,8.50883876899226e-07
31828,2,8.50883876899226e-07
31776,2,8.50883876899226e-07
31774,2,8.50883876899226e-07
31716,2,8.50883876899226e-07
31712,2,8.50883876899226e-07
34548,2,8.50883876899226e-07
34555,2,8.50883876899226e-07
31665,2,8.50883876899226e-07
34584,2,8.50883876899226e-07
31620,2,8.50883876899226e-07
31616,2,8.50883876899226e-07
31599,2,8.50883876899226e-07
34655,2,8.50883876899226e-07
31523,2,8.50883876899226e-07
31497,2,8.50883876899226e-07
31490,2,8.50883876899226e-07
31473,2,8.50883876899226e-07
31452,2,8.50883876899226e-07
31449,2,8.50883876899226e-07
31359,2,8.50883876899226e-07
31331,2,8.50883876899226e-07
34865,2,8.50883876899226e-07
31314,2,8.50883876899226e-07
34890,2,8.50883876899226e-07
31207,2,8.50883876899226e-07
31188,2,8.50883876899226e-07
34966,2,8.50883876899226e-07
31141,2,8.50883876899226e-07
31107,2,8.50883876899226e-07
35017,2,8.50883876899226e-07
31080,2,8.50883876899226e-07
35079,2,8.50883876899226e-07
35093,2,8.50883876899226e-07
30991,2,8.50883876899226e-07
30981,2,8.50883876899226e-07
30968,2,8.50883876899226e-07
35142,2,8.50883876899226e-07
30949,2,8.50883876899226e-07
30939,2,8.50883876899226e-07
30936,2,8.50883876899226e-07
30909,2,8.50883876899226e-07
35219,2,8.50883876899226e-07
35242,2,8.50883876899226e-07
30879,2,8.50883876899226e-07
35275,2,8.50883876899226e-07
35280,2,8.50883876899226e-07
30834,2,8.50883876899226e-07
30818,2,8.50883876899226e-07
35337,2,8.50883876899226e-07
35393,2,8.50883876899226e-07
35396,2,8.50883876899226e-07
35433,2,8.50883876899226e-07
30680,2,8.50883876899226e-07
30642,2,8.50883876899226e-07
35548,2,8.50883876899226e-07
30637,2,8.50883876899226e-07
30623,2,8.50883876899226e-07
35602,2,8.50883876899226e-07
30550,2,8.50883876899226e-07
35608,2,8.50883876899226e-07
35639,2,8.50883876899226e-07
30494,2,8.50883876899226e-07
35659,2,8.50883876899226e-07
35671,2,8.50883876899226e-07
35706,2,8.50883876899226e-07
30472,2,8.50883876899226e-07
30440,2,8.50883876899226e-07
30404,2,8.50883876899226e-07
30363,2,8.50883876899226e-07
35931,2,8.50883876899226e-07
35939,2,8.50883876899226e-07
35941,2,8.50883876899226e-07
35980,2,8.50883876899226e-07
36004,2,8.50883876899226e-07
36010,2,8.50883876899226e-07
36023,2,8.50883876899226e-07
36029,2,8.50883876899226e-07
30223,2,8.50883876899226e-07
30166,2,8.50883876899226e-07
36184,2,8.50883876899226e-07
36240,2,8.50883876899226e-07
36250,2,8.50883876899226e-07
36260,2,8.50883876899226e-07
30122,2,8.50883876899226e-07
36279,2,8.50883876899226e-07
30096,2,8.50883876899226e-07
36290,2,8.50883876899226e-07
36337,2,8.50883876899226e-07
30052,2,8.50883876899226e-07
36361,2,8.50883876899226e-07
36412,2,8.50883876899226e-07
36429,2,8.50883876899226e-07
36509,2,8.50883876899226e-07
36541,2,8.50883876899226e-07
36544,2,8.50883876899226e-07
36554,2,8.50883876899226e-07
36555,2,8.50883876899226e-07
36561,2,8.50883876899226e-07
36607,2,8.50883876899226e-07
36612,2,8.50883876899226e-07
36623,2,8.50883876899226e-07
36670,2,8.50883876899226e-07
36679,2,8.50883876899226e-07
36684,2,8.50883876899226e-07
36685,2,8.50883876899226e-07
36701,2,8.50883876899226e-07
36702,2,8.50883876899226e-07
36703,2,8.50883876899226e-07
36719,2,8.50883876899226e-07
36721,2,8.50883876899226e-07
36722,2,8.50883876899226e-07
36727,2,8.50883876899226e-07
36735,2,8.50883876899226e-07
36743,2,8.50883876899226e-07
36782,2,8.50883876899226e-07
36784,2,8.50883876899226e-07
36785,2,8.50883876899226e-07
36797,2,8.50883876899226e-07
36826,2,8.50883876899226e-07
36827,2,8.50883876899226e-07
36829,2,8.50883876899226e-07
33259,2,8.50883876899226e-07
36730,1,4.25441938449613e-07
30616,1,4.25441938449613e-07
30580,1,4.25441938449613e-07
30573,1,4.25441938449613e-07
34941,1,4.25441938449613e-07
34927,1,4.25441938449613e-07
30565,1,4.25441938449613e-07
31201,1,4.25441938449613e-07
36733,1,4.25441938449613e-07
36830,1,4.25441938449613e-07
31257,1,4.25441938449613e-07
36736,1,4.25441938449613e-07
35609,1,4.25441938449613e-07
34883,1,4.25441938449613e-07
34881,1,4.25441938449613e-07
35616,1,4.25441938449613e-07
31261,1,4.25441938449613e-07
31265,1,4.25441938449613e-07
34860,1,4.25441938449613e-07
31333,1,4.25441938449613e-07
31340,1,4.25441938449613e-07
30523,1,4.25441938449613e-07
31341,1,4.25441938449613e-07
34836,1,4.25441938449613e-07
36737,1,4.25441938449613e-07
34833,1,4.25441938449613e-07
31362,1,4.25441938449613e-07
30508,1,4.25441938449613e-07
35652,1,4.25441938449613e-07
36739,1,4.25441938449613e-07
36740,1,4.25441938449613e-07
35660,1,4.25441938449613e-07
36831,1,4.25441938449613e-07
31371,1,4.25441938449613e-07
34810,1,4.25441938449613e-07
31405,1,4.25441938449613e-07
31425,1,4.25441938449613e-07
30474,1,4.25441938449613e-07
33052,1,4.25441938449613e-07
34789,1,4.25441938449613e-07
33458,1,4.25441938449613e-07
35713,1,4.25441938449613e-07
34786,1,4.25441938449613e-07
30460,1,4.25441938449613e-07
30452,1,4.25441938449613e-07
30451,1,4.25441938449613e-07
30449,1,4.25441938449613e-07
35737,1,4.25441938449613e-07
35749,1,4.25441938449613e-07
36749,1,4.25441938449613e-07
34765,1,4.25441938449613e-07
34756,1,4.25441938449613e-07
35783,1,4.25441938449613e-07
31460,1,4.25441938449613e-07
31476,1,4.25441938449613e-07
30428,1,4.25441938449613e-07
35808,1,4.25441938449613e-07
35833,1,4.25441938449613e-07
31482,1,4.25441938449613e-07
31483,1,4.25441938449613e-07
31486,1,4.25441938449613e-07
33456,1,4.25441938449613e-07
31506,1,4.25441938449613e-07
30402,1,4.25441938449613e-07
31518,1,4.25441938449613e-07
31547,1,4.25441938449613e-07
31549,1,4.25441938449613e-07
34668,1,4.25441938449613e-07
30378,1,4.25441938449613e-07
31554,1,4.25441938449613e-07
31558,1,4.25441938449613e-07
33065,1,4.25441938449613e-07
35863,1,4.25441938449613e-07
34642,1,4.25441938449613e-07
35870,1,4.25441938449613e-07
34640,1,4.25441938449613e-07
31610,1,4.25441938449613e-07
34626,1,4.25441938449613e-07
30345,1,4.25441938449613e-07
34617,1,4.25441938449613e-07
35892,1,4.25441938449613e-07
35894,1,4.25441938449613e-07
34606,1,4.25441938449613e-07
30314,1,4.25441938449613e-07
34587,1,4.25441938449613e-07
31632,1,4.25441938449613e-07
34579,1,4.25441938449613e-07
36752,1,4.25441938449613e-07
31655,1,4.25441938449613e-07
35937,1,4.25441938449613e-07
36754,1,4.25441938449613e-07
33071,1,4.25441938449613e-07
31669,1,4.25441938449613e-07
34557,1,4.25441938449613e-07
31673,1,4.25441938449613e-07
31676,1,4.25441938449613e-07
34549,1,4.25441938449613e-07
33108,1,4.25441938449613e-07
35981,1,4.25441938449613e-07
34542,1,4.25441938449613e-07
31686,1,4.25441938449613e-07
31706,1,4.25441938449613e-07
34525,1,4.25441938449613e-07
36758,1,4.25441938449613e-07
31709,1,4.25441938449613e-07
36759,1,4.25441938449613e-07
34521,1,4.25441938449613e-07
34517,1,4.25441938449613e-07
36021,1,4.25441938449613e-07
31715,1,4.25441938449613e-07
36761,1,4.25441938449613e-07
33120,1,4.25441938449613e-07
31742,1,4.25441938449613e-07
31745,1,4.25441938449613e-07
31780,1,4.25441938449613e-07
34472,1,4.25441938449613e-07
31803,1,4.25441938449613e-07
31814,1,4.25441938449613e-07
34463,1,4.25441938449613e-07
34446,1,4.25441938449613e-07
30258,1,4.25441938449613e-07
30256,1,4.25441938449613e-07
31878,1,4.25441938449613e-07
34378,1,4.25441938449613e-07
30242,1,4.25441938449613e-07
34371,1,4.25441938449613e-07
30228,1,4.25441938449613e-07
34315,1,4.25441938449613e-07
36763,1,4.25441938449613e-07
30201,1,4.25441938449613e-07
31929,1,4.25441938449613e-07
31930,1,4.25441938449613e-07
36142,1,4.25441938449613e-07
30196,1,4.25441938449613e-07
31949,1,4.25441938449613e-07
34296,1,4.25441938449613e-07
31975,1,4.25441938449613e-07
30186,1,4.25441938449613e-07
30182,1,4.25441938449613e-07
36167,1,4.25441938449613e-07
34280,1,4.25441938449613e-07
31991,1,4.25441938449613e-07
36172,1,4.25441938449613e-07
36764,1,4.25441938449613e-07
32008,1,4.25441938449613e-07
34263,1,4.25441938449613e-07
36839,1,4.25441938449613e-07
36765,1,4.25441938449613e-07
32062,1,4.25441938449613e-07
32086,1,4.25441938449613e-07
32103,1,4.25441938449613e-07
36194,1,4.25441938449613e-07
34215,1,4.25441938449613e-07
36213,1,4.25441938449613e-07
34201,1,4.25441938449613e-07
34178,1,4.25441938449613e-07
36766,1,4.25441938449613e-07
30137,1,4.25441938449613e-07
36776,1,4.25441938449613e-07
30130,1,4.25441938449613e-07
30128,1,4.25441938449613e-07
30125,1,4.25441938449613e-07
34175,1,4.25441938449613e-07
36779,1,4.25441938449613e-07
36832,1,4.25441938449613e-07
32153,1,4.25441938449613e-07
34152,1,4.25441938449613e-07
32167,1,4.25441938449613e-07
34133,1,4.25441938449613e-07
36783,1,4.25441938449613e-07
34118,1,4.25441938449613e-07
36834,1,4.25441938449613e-07
36288,1,4.25441938449613e-07
36836,1,4.25441938449613e-07
30089,1,4.25441938449613e-07
32232,1,4.25441938449613e-07
30084,1,4.25441938449613e-07
34110,1,4.25441938449613e-07
32233,1,4.25441938449613e-07
32240,1,4.25441938449613e-07
36841,1,4.25441938449613e-07
32279,1,4.25441938449613e-07
33394,1,4.25441938449613e-07
34087,1,4.25441938449613e-07
34083,1,4.25441938449613e-07
36343,1,4.25441938449613e-07
30061,1,4.25441938449613e-07
34064,1,4.25441938449613e-07
36352,1,4.25441938449613e-07
36788,1,4.25441938449613e-07
33387,1,4.25441938449613e-07
34063,1,4.25441938449613e-07
32336,1,4.25441938449613e-07
36791,1,4.25441938449613e-07
34043,1,4.25441938449613e-07
36792,1,4.25441938449613e-07
32352,1,4.25441938449613e-07
32358,1,4.25441938449613e-07
34024,1,4.25441938449613e-07
32378,1,4.25441938449613e-07
32392,1,4.25441938449613e-07
32411,1,4.25441938449613e-07
33981,1,4.25441938449613e-07
33980,1,4.25441938449613e-07
32504,1,4.25441938449613e-07
36492,1,4.25441938449613e-07
32517,1,4.25441938449613e-07
36501,1,4.25441938449613e-07
36503,1,4.25441938449613e-07
33919,1,4.25441938449613e-07
33157,1,4.25441938449613e-07
32566,1,4.25441938449613e-07
32567,1,4.25441938449613e-07
36514,1,4.25441938449613e-07
30044,1,4.25441938449613e-07
33869,1,4.25441938449613e-07
36517,1,4.25441938449613e-07
36524,1,4.25441938449613e-07
32580,1,4.25441938449613e-07
33835,1,4.25441938449613e-07
36527,1,4.25441938449613e-07
33828,1,4.25441938449613e-07
33825,1,4.25441938449613e-07
33812,1,4.25441938449613e-07
36533,1,4.25441938449613e-07
36534,1,4.25441938449613e-07
36538,1,4.25441938449613e-07
32636,1,4.25441938449613e-07
36795,1,4.25441938449613e-07
36838,1,4.25441938449613e-07
33808,1,4.25441938449613e-07
32644,1,4.25441938449613e-07
30041,1,4.25441938449613e-07
33362,1,4.25441938449613e-07
36808,1,4.25441938449613e-07
36557,1,4.25441938449613e-07
33175,1,4.25441938449613e-07
33794,1,4.25441938449613e-07
32658,1,4.25441938449613e-07
33778,1,4.25441938449613e-07
32672,1,4.25441938449613e-07
32685,1,4.25441938449613e-07
33749,1,4.25441938449613e-07
33719,1,4.25441938449613e-07
36842,1,4.25441938449613e-07
36811,1,4.25441938449613e-07
36608,1,4.25441938449613e-07
36812,1,4.25441938449613e-07
33713,1,4.25441938449613e-07
36814,1,4.25441938449613e-07
36629,1,4.25441938449613e-07
32727,1,4.25441938449613e-07
32729,1,4.25441938449613e-07
32768,1,4.25441938449613e-07
33671,1,4.25441938449613e-07
33666,1,4.25441938449613e-07
33662,1,4.25441938449613e-07
32823,1,4.25441938449613e-07
33606,1,4.25441938449613e-07
30030,1,4.25441938449613e-07
32834,1,4.25441938449613e-07
36653,1,4.25441938449613e-07
36655,1,4.25441938449613e-07
32843,1,4.25441938449613e-07
32846,1,4.25441938449613e-07
33578,1,4.25441938449613e-07
36663,1,4.25441938449613e-07
32897,1,4.25441938449613e-07
36665,1,4.25441938449613e-07
36815,1,4.25441938449613e-07
36671,1,4.25441938449613e-07
36673,1,4.25441938449613e-07
32908,1,4.25441938449613e-07
36675,1,4.25441938449613e-07
36676,1,4.25441938449613e-07
32930,1,4.25441938449613e-07
36678,1,4.25441938449613e-07
36816,1,4.25441938449613e-07
36680,1,4.25441938449613e-07
36681,1,4.25441938449613e-07
36683,1,4.25441938449613e-07
33188,1,4.25441938449613e-07
36819,1,4.25441938449613e-07
36689,1,4.25441938449613e-07
33523,1,4.25441938449613e-07
32985,1,4.25441938449613e-07
36843,1,4.25441938449613e-07
32995,1,4.25441938449613e-07
33000,1,4.25441938449613e-07
36821,1,4.25441938449613e-07
36822,1,4.25441938449613e-07
36824,1,4.25441938449613e-07
33004,1,4.25441938449613e-07
33011,1,4.25441938449613e-07
36708,1,4.25441938449613e-07
36709,1,4.25441938449613e-07
33018,1,4.25441938449613e-07
36715,1,4.25441938449613e-07
36716,1,4.25441938449613e-07
35315,1,4.25441938449613e-07
36717,1,4.25441938449613e-07
35318,1,4.25441938449613e-07
30832,1,4.25441938449613e-07
35324,1,4.25441938449613e-07
35299,1,4.25441938449613e-07
35331,1,4.25441938449613e-07
36718,1,4.25441938449613e-07
35270,1,4.25441938449613e-07
30801,1,4.25441938449613e-07
35265,1,4.25441938449613e-07
30867,1,4.25441938449613e-07
30870,1,4.25441938449613e-07
35348,1,4.25441938449613e-07
30887,1,4.25441938449613e-07
35205,1,4.25441938449613e-07
30946,1,4.25441938449613e-07
35365,1,4.25441938449613e-07
30948,1,4.25441938449613e-07
30956,1,4.25441938449613e-07
35378,1,4.25441938449613e-07
35148,1,4.25441938449613e-07
35123,1,4.25441938449613e-07
35117,1,4.25441938449613e-07
31008,1,4.25441938449613e-07
30723,1,4.25441938449613e-07
33223,1,4.25441938449613e-07
36720,1,4.25441938449613e-07
35399,1,4.25441938449613e-07
30003,1,4.25441938449613e-07
31029,1,4.25441938449613e-07
35408,1,4.25441938449613e-07
30712,1,4.25441938449613e-07
31031,1,4.25441938449613e-07
31043,1,4.25441938449613e-07
35421,1,4.25441938449613e-07
31044,1,4.25441938449613e-07
33322,1,4.25441938449613e-07
35435,1,4.25441938449613e-07
31060,1,4.25441938449613e-07
30692,1,4.25441938449613e-07
31061,1,4.25441938449613e-07
36828,1,4.25441938449613e-07
35033,1,4.25441938449613e-07
35457,1,4.25441938449613e-07
35031,1,4.25441938449613e-07
35462,1,4.25441938449613e-07
31093,1,4.25441938449613e-07
30668,1,4.25441938449613e-07
35477,1,4.25441938449613e-07
35021,1,4.25441938449613e-07
35014,1,4.25441938449613e-07
30662,1,4.25441938449613e-07
34994,1,4.25441938449613e-07
31110,1,4.25441938449613e-07
31124,1,4.25441938449613e-07
30645,1,4.25441938449613e-07
31143,1,4.25441938449613e-07
34975,1,4.25441938449613e-07
35509,1,4.25441938449613e-07
31153,1,4.25441938449613e-07
34964,1,4.25441938449613e-07
35525,1,4.25441938449613e-07
35529,1,4.25441938449613e-07
31159,1,4.25441938449613e-07
36724,1,4.25441938449613e-07
31162,1,4.25441938449613e-07
35539,1,4.25441938449613e-07
35546,1,4.25441938449613e-07
33473,1,4.25441938449613e-07
33250,1,4.25441938449613e-07
31190,1,4.25441938449613e-07
35559,1,4.25441938449613e-07
30632,1,4.25441938449613e-07
30625,1,4.25441938449613e-07
