origin_city_name,frequency,relative_frequency
"Chicago, IL",90611,0.038549719484857886
"Atlanta, GA",65587,0.027903460417094766
"New York, NY",59240,0.025203180433755076
"Denver, CO",57334,0.02439228809907011
"Houston, TX",55224,0.023494605608941427
"Los Angeles, CA",52241,0.022225512306546232
"Detroit, MI",47909,0.02038249782918251
"Dallas/Fort Worth, TX",46178,0.01964605783372623
"Washington, DC",45941,0.01954522809431367
"Miami, FL",43543,0.0185250183259115
"Minneapolis, MN",43219,0.018387175137853824
"Newark, NJ",41148,0.017506084883324675
"Seattle, WA",36009,0.015319738761632114
"Charlotte, NC",35573,0.015134246076468082
"Phoenix, AZ",35554,0.015126162679637541
"San Francisco, CA",33314,0.014173172737510408
"Philadelphia, PA",31982,0.013606484075495523
"Orlando, FL",30339,0.01290748297062281
"Las Vegas, NV",29717,0.012642858084907149
"Memphis, TN",28455,0.012105950358583738
"Boston, MA",26489,0.0112695315075918
"Fort Lauderdale, FL",26125,0.01111467064199614
"Salt Lake City, UT",25646,0.010910883953478775
"Anchorage, AK",24866,0.010579039241488076
"Bethel, AK",21365,0.009089567014975982
"Louisville, KY",19864,0.008450978665363113
"Cincinnati, OH",19817,0.00843098289425598
"Baltimore, MD",19199,0.00816805977629412
"Indianapolis, IN",18934,0.008055317662604972
"Portland, OR",17616,0.007494585187728383
"Tampa, FL",17408,0.007406093264530863
"Nashville, TN",15845,0.006741127514734118
"St. Louis, MO",15744,0.006698157878950707
"Toronto, Canada",15418,0.006559463807016133
"San Diego, CA",15115,0.006430554899665901
"Raleigh/Durham, NC",14827,0.006308027621392412
"Austin, TX",14762,0.006280373895393187
"Kansas City, MO",13782,0.005863440795712566
"Pittsburgh, PA",13687,0.005823023811559853
"New Orleans, LA",13278,0.005649018058733962
"Cleveland, OH",12963,0.005515003848122333
"Oakland, CA",12593,0.005357590330895976
"Columbus, OH",12104,0.005149549222994116
"San Antonio, TX",11740,0.004994688357398457
"Fairbanks, AK",11296,0.004805792136726828
"Honolulu, HI",11103,0.004723681842606053
"San Juan, PR",10360,0.00440757848233799
"Milwaukee, WI",10143,0.004315257581694425
"San Jose, CA",9973,0.00424293245215799
"Dallas, TX",9840,0.004186348674344192
"Fort Myers, FL",9288,0.003951504724320006
"Sacramento, CA",9063,0.0038557802881688426
"Nome, AK",8876,0.003776222645678765
"Hartford, CT",8639,0.0036753929062662066
"Ontario, CA",8388,0.0035686069797153538
"London, United Kingdom",7941,0.003378434433228377
"Cancun, Mexico",7899,0.003360565871813493
"Omaha, NE",7734,0.003290367951969307
"Jacksonville, FL",7641,0.003250801851693493
"Kotzebue, AK",7606,0.0032359113838477563
"Sanford, FL",7519,0.00319889793520264
"Buffalo, NY",7119,0.003028721159822795
"Vancouver, Canada",6781,0.0028849217846268257
"Mexico City, Mexico",6759,0.002875562061980934
"Albuquerque, NM",6718,0.0028581189425045
"West Palm Beach/Palm Beach, FL",6598,0.0028070659098905467
"Oklahoma City, OK",6575,0.0027972807453062053
"Richmond, VA",6305,0.0026824114219248098
"Norfolk, VA",6068,0.0025815816825122515
"Montreal, Canada",5953,0.0025326558595905463
"Juneau, AK",5933,0.0025241470208215537
"Grand Rapids, MI",5685,0.0024186374200860497
"Charleston, SC",5685,0.0024186374200860497
"St. Petersburg, FL",5535,0.002354821129318608
"Tulsa, OK",5362,0.0022812196739668248
"Syracuse, NY",5355,0.0022782415803976777
"Des Moines, IA",5314,0.0022607984609212435
"El Paso, TX",5292,0.002251438738275352
"Burbank, CA",5201,0.0022127235218764372
"Aniak, AK",5059,0.002152310766616592
"Boise, ID",5049,0.002148056347232096
"Calgary, Canada",5047,0.0021472054633551968
"White Plains, NY",4996,0.0021255079244942667
"Providence, RI",4971,0.002114871876033026
"Paris, France",4819,0.002050204701388685
"Greensboro/High Point, NC",4805,0.0020442485142503903
"Santa Ana, CA",4803,0.0020433976303734914
"Spokane, WA",4799,0.0020416958626196927
"Guadalajara, Mexico",4729,0.00201191492692822
"Madison, WI",4728,0.00201148948498977
"Tokyo, Japan",4705,0.002001704320405429
"Laredo, TX",4649,0.001977879571852251
"Albany, NY",4639,0.0019736251524677547
"Reno, NV",4606,0.0019595855684989174
"Rochester, NY",4550,0.001935760819945739
"Greer, SC",4542,0.0019323572844381423
"Knoxville, TN",4486,0.001908532535884964
"Teterboro, NJ",4399,0.0018715190872398476
"Ketchikan, AK",4382,0.0018642865742862042
"Birmingham, AL",4379,0.0018630102484708552
"San Jose del Cabo, Mexico",4332,0.0018430144773637234
"Bullhead City, AZ",4310,0.001833654754717832
"Unalakleet, AK",4287,0.001823869590133491
"Tucson, AZ",4104,0.0017460137153972118
"Savannah, GA",4011,0.0017064476151213977
"Punta Cana, Dominican Republic",3908,0.0016626270954610877
"Frankfurt, Germany",3814,0.0016226355532468239
"Dayton, OH",3808,0.0016200829016161263
"Wichita, KS",3786,0.0016107231789702348
"Kahului, HI",3717,0.0015813676852172115
"St. Mary's, AK",3634,0.0015460560043258937
"Seoul, South Korea",3612,0.0015366962816800022
"Palm Springs, CA",3585,0.0015252093493418625
"Myrtle Beach, SC",3556,0.0015128715331268238
"Puerto Vallarta, Mexico",3524,0.0014992573910964362
"Nassau, The Bahamas",3489,0.0014843669232506998
"Cedar Rapids/Iowa City, IA",3478,0.001479687061927754
"Harrisburg, PA",3448,0.0014669238037742656
"Dillingham, AK",3418,0.0014541605456207772
"Guam, TT",3416,0.001453309661743878
"King Salmon, AK",3402,0.0014473534746055833
"Little Rock, AR",3400,0.0014465025907286842
"Emmonak, AK",3393,0.001443524497159537
"Portland, ME",3366,0.0014320375648213973
"Gulfport/Biloxi, MS",3364,0.0014311866809444981
"Lexington, KY",3338,0.0014201251905448082
"Amsterdam, Netherlands",3325,0.0014145944453449633
"Kodiak, AK",3265,0.0013890679290379864
"Fayetteville, AR",3123,0.0013286551737781414
"Sioux Falls, SD",3123,0.0013286551737781414
"Montego Bay, Jamaica",3009,0.0012801547927948854
"Rockford, IL",3004,0.0012780275831026375
"Columbia, SC",2967,0.0012622862313800018
"Manchester, NH",2927,0.0012452685538420173
"Colorado Springs, CO",2861,0.0012171893859043428
"Kona, HI",2797,0.0011899611018435674
"Bogota, Colombia",2782,0.0011835794727668234
"Fargo, ND",2744,0.001167412679105738
"Bozeman, MT",2731,0.0011618819339058932
"Huntsville, AL",2729,0.0011610310500289938
"Shanghai, China",2682,0.001141035278921862
"Burlington, VT",2680,0.001140184395044963
"Shreveport, LA",2668,0.0011350790917835675
"Kotlik, AK",2652,0.0011282720207683736
"Billings, MT",2561,0.0010895568043694588
"San Salvador, El Salvador",2554,0.0010865787108003116
"Barrow, AK",2536,0.0010789207559082185
"Hong Kong, Hong Kong",2504,0.001065306613877831
"Alakanuk, AK",2496,0.001061903078370234
"Tuntutuliak, AK",2438,0.0010372274459401565
"Galena, AK",2424,0.001031271258801862
"Fresno, CA",2397,0.0010197843264637223
"Toksook, AK",2366,0.0010065956263717844
"Pensacola, FL",2356,0.0010023412069872881
"Allentown/Bethlehem/Easton, PA",2331,0.0009917051585260478
"Punta Gorda, FL",2289,0.0009738365971111642
"Panama City, Panama",2275,0.0009678804099728695
"Mountain Village, AK",2267,0.0009644768744652727
"Quinhagak, AK",2219,0.0009440556614196912
"Iliamna, AK",2212,0.000941077567850544
"Atlantic City, NJ",2200,0.0009359722645891486
"South Bend, IN",2196,0.0009342704968353502
"Lubbock, TX",2191,0.0009321432871431021
"Springfield, MO",2143,0.0009117220740975207
"Sarasota/Bradenton, FL",2142,0.000911296632159071
"Akron, OH",2102,0.0008942789546210865
"Kipnuk, AK",2100,0.0008934280707441872
"Deadhorse, AK",2099,0.0008930026288057377
"Charlotte Amalie, VI",2047,0.0008708796480063579
"St. Michael, AK",2044,0.0008696033221910089
"Monterrey, Mexico",2017,0.0008581163898528694
"Chefornak, AK",2006,0.0008534365285299237
"Stebbins, AK",1998,0.0008500329930223267
"Kongiganak, AK",1991,0.0008470548994531794
"Eugene, OR",1989,0.0008462040155762802
"Fort Wayne, IN",1959,0.0008334407574227919
"Pilot Station, AK",1942,0.0008262082444691484
"San Jose, Costa Rica",1937,0.0008240810347769004
"Santo Domingo, Dominican Republic",1926,0.0008194011734539546
"Nightmute, AK",1925,0.0008189757315155051
"Brownsville, TX",1918,0.0008159976379463577
"Russian Mission, AK",1900,0.0008083396830542647
"Green Bay, WI",1895,0.0008062124733620166
"Eek, AK",1889,0.0008036598217313189
"Chattanooga, TN",1878,0.0007989799604083732
"Sheldon Point, AK",1859,0.0007908965635778306
"Kwethluk, AK",1857,0.0007900456797009314
"Akiachak, AK",1857,0.0007900456797009314
"Tununak, AK",1848,0.0007862167022548848
"Edmonton, Canada",1841,0.0007832386086857376
"Alexandria, LA",1814,0.0007717516763475979
"Kwigillingok, AK",1814,0.0007717516763475979
"Hooper Bay, AK",1812,0.0007709007924706988
"Kasigluk, AK",1812,0.0007709007924706988
"Sitka, AK",1808,0.0007691990247169003
"Bangor, ME",1799,0.0007653700472708538
"Aruba, Aruba",1794,0.0007632428375786057
"Santa Barbara, CA",1784,0.0007589884181941096
"Marshall, AK",1775,0.0007551594407480631
"Ottawa, Canada",1771,0.0007534576729942646
"Elim, AK",1760,0.0007487778116713189
"Koyuk, AK",1753,0.0007457997181021716
"Jackson/Vicksburg, MS",1751,0.0007449488342252724
"Long Beach, CA",1749,0.0007440979503483731
"Madrid, Spain",1749,0.0007440979503483731
"Shaktoolik, AK",1726,0.0007343127857640321
"Winnipeg, Canada",1724,0.0007334619018871328
"Keflavik/Reykjavik, Iceland",1723,0.0007330364599486832
"Moline, IL",1721,0.0007321855760717839
"Newtok, AK",1721,0.0007321855760717839
"Roanoke, VA",1716,0.0007300583663795359
"Guatemala City, Guatemala",1716,0.0007300583663795359
"Grand Cayman, Cayman Islands",1707,0.0007262293889334894
"Lima, Peru",1706,0.0007258039469950398
"Peoria, IL",1705,0.0007253785050565901
"Nunapitchuk, AK",1701,0.0007236767373027917
"Selawik, AK",1693,0.0007202732017951948
"Appleton, WI",1677,0.000713466130780001
"Asheville, NC",1675,0.0007126152469031018
"Akiak, AK",1668,0.0007096371533339545
"Noorvik, AK",1667,0.0007092117113955049
"Atmautluak, AK",1659,0.000705808175887908
"Sao Paulo, Brazil",1653,0.0007032555242572103
"Midland/Odessa, TX",1649,0.0007015537565034118
"Tuluksak, AK",1627,0.0006921940338575203
"Golovin, AK",1615,0.000687088730596125
"Beijing, China",1614,0.0006866632886576754
"Tallahassee, FL",1608,0.0006841106370269778
"San Pedro Sula, Honduras",1604,0.0006824088692731793
"Kalskag, AK",1596,0.0006790053337655823
"Scammon Bay, AK",1592,0.0006773035660117839
"Medford, OR",1587,0.0006751763563195358
"Mission/McAllen/Edinburg, TX",1578,0.0006713473788734893
"Lihue, HI",1573,0.0006692201691812413
"Chevak, AK",1570,0.0006679438433658924
"Buckland, AK",1550,0.0006594350045969001
"Kiana, AK",1545,0.0006573077949046521
"Holy Cross, AK",1538,0.0006543297013355048
"Missoula, MT",1535,0.000653053375520156
"Ambler, AK",1534,0.0006526279335817063
"Valparaiso, FL",1529,0.0006505007238894583
"Bismarck/Mandan, ND",1503,0.0006394392334897683
"Rapid City, SD",1499,0.0006377374657359698
"Shungnak, AK",1493,0.0006351848141052722
"Shishmaref, AK",1487,0.0006326321624745745
"Pasco/Kennewick/Richland, WA",1450,0.0006168908107519388
"Lansing, MI",1448,0.0006160399268750396
"Munich, Germany",1446,0.0006151890429981403
"Aguadilla, PR",1433,0.0006096582977982955
"White Mountain, AK",1433,0.0006096582977982955
"Great Falls, MT",1424,0.0006058293203522489
"Red Dog, AK",1401,0.0005960441557679078
"Providenciales, Turks and Caicos Islands",1394,0.0005930660621987605
"Pontiac, MI",1387,0.0005900879686296132
"Bellingham, WA",1384,0.0005888116428142643
"Nantucket, MA",1382,0.0005879607589373652
"Kivalina, AK",1381,0.0005875353169989155
"Saipan, TT",1380,0.000587109875060466
"Wilmington, NC",1377,0.0005858335492451171
"Liberia, Costa Rica",1376,0.0005854081073066675
"Noatak, AK",1375,0.0005849826653682178
"Baton Rouge, LA",1374,0.0005845572234297683
"Islip, NY",1362,0.000579451920168373
"Point Hope, AK",1360,0.0005786010362914737
"Napakiak, AK",1359,0.000578175594353024
"Brevig Mission, AK",1355,0.0005764738265992256
"Flint, MI",1353,0.0005756229427223263
"Wales, AK",1346,0.0005726448491531791
"Grand Junction, CO",1342,0.0005709430813993806
"Trenton, NJ",1338,0.0005692413136455822
"Philipsburg, Sint Maarten",1336,0.000568390429768683
"Dublin, Ireland",1334,0.0005675395458917838
"Traverse City, MI",1331,0.000566263220076435
"Newburgh/Poughkeepsie, NY",1328,0.000564986894261086
"Charlottesville, VA",1324,0.0005632851265072876
"Bedford, MA",1300,0.0005530745199844969
"Harlingen/San Benito, TX",1297,0.000551798194169148
"Wendover, UT",1296,0.0005513727522306985
"Napaskiak, AK",1295,0.0005509473102922488
"Zurich, Switzerland",1289,0.0005483946586615512
"Osaka, Japan",1263,0.0005373331682618612
"Taipei, Taiwan",1259,0.0005356314005080628
"Mobile, AL",1245,0.0005296752133697682
"Grayling, AK",1242,0.0005283988875544193
"Havana, Cuba",1228,0.0005224427004161248
"Smyrna, TN",1226,0.0005215918165392255
"Scranton/Wilkes-Barre, PA",1202,0.0005113812100164348
"Jackson, WY",1195,0.0005084031164472875
"Kalispell, MT",1187,0.0005049995809396907
"Panama City, FL",1180,0.0005020214873705433
"Kobuk, AK",1180,0.0005020214873705433
"Fort Yukon, AK",1172,0.0004986179518629465
"Anvik, AK",1164,0.0004952144163553495
"Rome, Italy",1145,0.00048713101952480687
"Lafayette, LA",1135,0.00048287660014031074
"Santiago, Chile",1133,0.0004820257162634115
"Amarillo, TX",1113,0.00047351687749441925
"Lincoln, NE",1104,0.00046968790004837274
"Port-au-Prince, Haiti",1103,0.0004692624581099231
"McGrath, AK",1100,0.0004679861322945743
"Van Nuys, CA",1099,0.0004675606903561247
"Bend/Redmond, OR",1098,0.0004671352484176751
"Unalaska, AK",1089,0.00046330627097162857
"Kingston, Jamaica",1086,0.0004620299451562797
"Shageluk, AK",1081,0.0004599027354640316
"Cold Bay, AK",1079,0.00045905185158713244
"Key West, FL",1072,0.0004560737580179851
"Charleston/Dunbar, WV",1072,0.0004560737580179851
"Quito, Ecuador",1071,0.0004556483160795355
"Huslia, AK",1059,0.0004505430128181402
"Nulato, AK",1059,0.0004505430128181402
"Manchester, United Kingdom",1034,0.00043990696435689984
"Homer, AK",1034,0.00043990696435689984
"Evansville, IN",1033,0.0004394815224184502
"Gustavus, AK",1032,0.0004390560804800006
"Toledo, OH",1031,0.000438630638541551
"Goodnews Bay, AK",1028,0.0004373543127262022
"Bloomington/Normal, IL",1024,0.0004356525449724037
"Teller, AK",1023,0.0004352271030339541
"Belize City, Belize",1015,0.0004318235675263572
"Leon/Guanajuato, Mexico",1014,0.0004313981255879076
"Copenhagen, Denmark",1014,0.0004313981255879076
"Santiago, Dominican Republic",1008,0.0004288454739572099
"Anaktuvuk Pass, AK",1006,0.0004279945900803107
"Managua, Nicaragua",1005,0.00042756914814186107
"Savoonga, AK",1002,0.0004262928223265122
"Deering, AK",985,0.0004190603093728688
"Medellin, Colombia",979,0.0004165076577421711
"Minot, ND",977,0.0004156567738652719
"Augusta, GA",974,0.00041438044804992306
"Corpus Christi, TX",971,0.0004131041222345742
"Gambell, AK",965,0.00041055147060387655
"Port of Spain, Trinidad and Tobago",964,0.00041012602866542694
"Dubai, United Arab Emirates",960,0.00040842426091162846
"Kaltag, AK",959,0.00040799881897317884
"Christiansted, VI",958,0.0004075733770347292
"Grand Forks, ND",957,0.00040714793509627966
"Hamilton, Bermuda",944,0.0004016171898964347
"Kenmore, WA",940,0.0003999154221426362
"Hoonah, AK",937,0.0003986390963272874
"Hamilton, Canada",932,0.0003965118866350393
"Istanbul, Turkey",921,0.00039183202531209357
"Montrose/Delta, CO",921,0.00039183202531209357
"Casper, WY",910,0.0003871521639891478
"Thorne Bay, AK",899,0.00038247230266620207
"Rochester, MN",888,0.0003777924413432563
"Ruby, AK",888,0.0003777924413432563
"Bristol/Johnson City/Kingsport, TN",870,0.0003701344864511633
"Concord, NC",858,0.00036502918318976794
"Barcelona, Spain",855,0.00036375285737441914
"Halifax, Canada",842,0.00035822211217457415
"Idaho Falls, ID",838,0.0003565203444207757
"Monterey, CA",834,0.00035481857666697726
"State College, PA",833,0.00035439313472852764
"Togiak, AK",830,0.0003531168089131788
"Martha's Vineyard, MA",828,0.00035226592503627955
"Tel Aviv, Israel",824,0.00035056415728248113
"Aspen, CO",823,0.0003501387153440315
"Cozumel, Mexico",814,0.000346309737897985
"Koyukuk, AK",808,0.0003437570862672873
"Gainesville, FL",803,0.00034162987657503926
"Sleetmute, AK",801,0.00034077899269814
"Newport News/Williamsburg, VA",798,0.00033950266688279117
"Montgomery, AL",798,0.00033950266688279117
"Fayetteville, NC",793,0.00033737545719054313
"Sydney, Australia",790,0.0003360991313751943
"Melbourne, FL",787,0.0003348228055598454
"Queretaro, Mexico",782,0.0003326955958675974
"Platinum, AK",778,0.0003309938281137989
"Kenai, AK",776,0.00033014294423689967
"New Stuyahok, AK",770,0.000327590292606202
"Larsen Bay, AK",759,0.00032291043128325627
"Shannon, Ireland",752,0.000319932337714109
"Boulder City, NV",748,0.0003182305699603105
"Stockholm, Sweden",746,0.0003173796860834113
"Ezeiza, Argentina",744,0.00031652880220651205
"Milan, Italy",742,0.00031567791832961287
"Victoria, Canada",741,0.00031525247639116325
"Hilo, HI",737,0.0003135507086373648
"Crooked Creek, AK",733,0.0003118489408835663
"Kodiak Island, AK",730,0.0003105726150682175
"Durango, CO",725,0.0003084454053759694
"Mosinee, WI",717,0.0003050418698683725
"St. Lucia, Saint Lucia",716,0.0003046164279299229
"Page, AZ",714,0.00030376554405302366
"Barter Island, AK",714,0.00030376554405302366
"Kalamazoo, MI",713,0.00030334010211457405
"Brussels, Belgium",713,0.00030334010211457405
"Petersburg, AK",713,0.00030334010211457405
"St. Johns, Antigua and Barbuda",707,0.0003007874504838764
"Hollis, AK",707,0.0003007874504838764
"Craig, AK",706,0.00030036200854542677
"Barbados/Bridgetown, Barbados",704,0.00029951112466852754
"Nagoya, Japan",704,0.00029951112466852754
"Tanana, AK",701,0.00029823479885317873
"Luxembourg, Luxembourg",701,0.00029823479885317873
"College Station/Bryan, TX",699,0.0002973839149762795
"Ashland, WV",698,0.0002969584730378299
"Moscow, Russia",696,0.00029610758916093064
"Venetie, AK",695,0.000295682147222481
"Vieques, PR",694,0.0002952567052840314
"Eagle, CO",693,0.0002948312633455818
"Sandpoint, AK",691,0.0002939803794686826
"Haines, AK",691,0.0002939803794686826
"Allakaket, AK",687,0.00029227861171488413
"Duluth, MN",686,0.0002918531697764345
"Clarksburg/Fairmont, WV",686,0.0002918531697764345
"Arctic Village, AK",683,0.00029057684396108566
"Cordova, AK",682,0.00029015140202263604
"St. Kitts, Saint Kitts and Nevis",682,0.00029015140202263604
"Chuathbaluk, AK",679,0.00028887507620728724
"Doha, Qatar",678,0.0002884496342688376
"Killeen, TX",672,0.0002858969826381399
"Saginaw/Bay City/Midland, MI",669,0.0002846206568227911
"Wainwright, AK",665,0.00028291888906899264
"Freeport, The Bahamas",662,0.0002816425632536438
"San Luis Obispo, CA",659,0.000280366237438295
"Daytona Beach, FL",657,0.00027951535356139575
"Hayden, CO",655,0.0002786644696844965
"Skagway, AK",654,0.0002782390277460469
"Marsh Harbour, The Bahamas",649,0.00027611181805379885
"Plattsburgh, NY",648,0.00027568637611534924
"Bakersfield, CA",644,0.00027398460836155076
"Kake, AK",637,0.0002710065147924035
"Kokhanok, AK",636,0.00027058107285395387
"Bettles, AK",632,0.0002688793051001554
"Oslo, Norway",627,0.00026675209540790736
"Columbia, MO",617,0.00026249767602341123
"Yakutat, AK",616,0.0002620722340849616
"Mazatlan, Mexico",606,0.0002578178147004655
"Niagara Falls, NY",606,0.0002578178147004655
"Morelia, Mexico",604,0.00025696693082356625
"Culebra, PR",601,0.0002556906050082174
"Old Harbor, AK",596,0.00025356339531596936
"Lisbon, Portugal",596,0.00025356339531596936
"Port Heiden, AK",594,0.0002527125114390701
"Igiugig, AK",594,0.0002527125114390701
"Elmira/Corning, NY",593,0.0002522870695006205
"Caracas, Venezuela",588,0.00025015985980837246
"Manila, Philippines",588,0.00025015985980837246
"Nondalton, AK",585,0.0002488835339930236
"Grand Canyon, AZ",579,0.0002463308823623259
"Cartagena, Colombia",576,0.0002450545565469771
"Friday Harbor, WA",576,0.0002450545565469771
"Santa Rosa, CA",573,0.00024377823073162824
"Rota, TT",572,0.00024335278879317863
"Ixtapa/Zihuatanejo, Mexico",572,0.00024335278879317863
"Hughes, AK",569,0.0002420764629778298
"Nuiqsut, AK",568,0.00024165102103938018
"Point Lay, AK",561,0.00023867292747023288
"Columbus, GA",557,0.00023697115971643443
"Port Lions, AK",553,0.000235269391962636
"Koliganek, AK",552,0.00023484395002418637
"Red Devil, AK",547,0.0002327167403319383
"Manokotak, AK",546,0.00023229129839348869
"Coffman Cove, AK",542,0.00023058953063969024
"Hoolehua, HI",539,0.0002293132048243414
"Ouzinkie, AK",532,0.0002263351112551941
"Akhiok, AK",531,0.0002259096693167445
"East Farmingdale, NY",524,0.00022293157574759722
"Atqasuk, AK",523,0.0002225061338091476
"Auckland, New Zealand",521,0.00022165524993224836
"Levelock, AK",519,0.00022080436605534915
"Jacksonville/Camp Lejeune, NC",519,0.00022080436605534915
"Grand Island, NE",518,0.00022037892411689954
"North Bend/Coos Bay, OR",508,0.0002161245047324034
"Roswell, NM",506,0.00021527362085550417
"Champaign/Urbana, IL",500,0.0002127209692248065
"Wrangell, AK",498,0.00021187008534790728
"Mekoryuk, AK",496,0.00021101920147100804
"Merida, Mexico",496,0.00021101920147100804
"Sun Valley/Hailey/Ketchum, ID",495,0.00021059375953255842
"St. Paul, AK",494,0.00021016831759410883
"Springfield, IL",494,0.00021016831759410883
"Monroe, LA",494,0.00021016831759410883
"Cologne, Germany",493,0.00020974287565565921
"Stockton, CA",493,0.00020974287565565921
"Helena, MT",491,0.00020889199177875998
"Klawock, AK",490,0.00020846654984031036
"Belleville, IL",487,0.00020719022402496153
"Abilene, TX",487,0.00020719022402496153
"Egegik, AK",484,0.00020591389820961268
"La Crosse, WI",484,0.00020591389820961268
"Lanai, HI",481,0.00020463757239426385
"Yakima, WA",481,0.00020463757239426385
"Ekwok, AK",480,0.00020421213045581423
"Farmington, NM",479,0.0002037866885173646
"Coldfoot, AK",479,0.0002037866885173646
"Pilot Point, AK",474,0.00020165947882511655
"Everett, WA",474,0.00020165947882511655
"Guayaquil, Ecuador",471,0.00020038315300976772
"Wilmington, OH",462,0.0001965541755637212
"New Bern/Morehead/Beaufort, NC",461,0.0001961287336252716
"Rio de Janeiro, Brazil",458,0.00019485240780992276
"Latrobe, PA",454,0.0001931506400561243
"Eastsound, WA",452,0.00019229975617922508
"Hyannis, MA",450,0.00019144887230232584
"Karluk, AK",449,0.00019102343036387623
"Lewiston, ID",447,0.00019017254648697702
"Williston, ND",446,0.0001897471045485274
"Beluga, AK",442,0.00018804533679472895
"Portsmouth, NH",440,0.00018719445291782972
"Beaver, AK",437,0.0001859181271024809
"Rampart, AK",433,0.00018421635934868242
"Chihuahua, Mexico",433,0.00018421635934868242
"Manhattan/Ft. Riley, KS",430,0.0001829400335333336
"Puerto Plata, Dominican Republic",428,0.00018208914965643435
"Quebec, Canada",426,0.00018123826577953514
"Bemidji, MN",421,0.00017911105608728708
"Stony River, AK",419,0.00017826017221038784
"Angoon, AK",418,0.00017783473027193822
"Peach Springs, AZ",417,0.00017740928833348863
"South Naknek, AK",413,0.00017570752057969016
"Bimini, The Bahamas",411,0.00017485663670279095
"Roatan Island, Honduras",411,0.00017485663670279095
"Provo, UT",409,0.0001740057528258917
"Ithaca/Cortland, NY",407,0.0001731548689489925
"Toluca, Mexico",405,0.00017230398507209327
"Hawthorne, CA",400,0.0001701767753798452
"Pago Pago, TT",400,0.0001701767753798452
"St. George, UT",399,0.00016975133344139558
"Dusseldorf, Germany",398,0.00016932589150294596
"Georgetown, Guyana",397,0.00016890044956449635
"Abu Dhabi, United Arab Emirates",389,0.00016549691405689945
"Saltillo, Mexico",386,0.00016422058824155063
"Edna Bay, AK",386,0.00016422058824155063
"Kapalua, HI",384,0.0001633697043646514
"Geneva, Switzerland",384,0.0001633697043646514
"Twin Falls, ID",384,0.0001633697043646514
"Guangzhou, China",380,0.00016166793661085294
"Waco, TX",380,0.00016166793661085294
"Albany, GA",379,0.00016124249467240333
"Vienna, Austria",378,0.0001608170527339537
"Erie, PA",376,0.0001599661688570545
"Tenakee, AK",376,0.0001599661688570545
"Clarks Point, AK",375,0.00015954072691860488
"Roseburg, OR",375,0.00015954072691860488
"Santa Fe, NM",368,0.00015656263334945758
"Tinian, TT",368,0.00015656263334945758
"Grenada, Grenada",368,0.00015656263334945758
"Fort Smith, AR",365,0.00015528630753410875
"Zacatecas, Mexico",364,0.00015486086559565913
"Aguascalientes, Mexico",363,0.00015443542365720951
"Westhampton, NY",363,0.00015443542365720951
"Santa Clara, Cuba",361,0.0001535845397803103
"Arcata/Eureka, CA",360,0.0001531590978418607
"Whitmore, AZ",359,0.00015273365590341107
"Willemstad, Curacao",356,0.00015145733008806221
"Flagstaff, AZ",355,0.00015103188814961262
"Port Alsworth, AK",354,0.000150606446211163
"Yuma, AZ",351,0.00014933012039581415
"Lake Charles, LA",351,0.00014933012039581415
"Scottsbluff, NE",349,0.00014847923651891494
"San Angelo, TX",349,0.00014847923651891494
"Youngstown/Warren, OH",348,0.00014805379458046532
"Chalkyitsik, AK",344,0.00014635202682666688
"St. George Island, AK",341,0.00014507570101131802
"Moss Town, The Bahamas",340,0.00014465025907286843
"Pointe A Pitre, Guadeloupe",340,0.00014465025907286843
"Marquette, MI",339,0.0001442248171344188
"Pendleton, OR",339,0.0001442248171344188
"Whale Pass, AK",336,0.00014294849131906996
"Morristown, NJ",336,0.00014294849131906996
"Hagerstown, MD",332,0.0001412467235652715
"Liege, Belgium",330,0.0001403958396883723
"Tok, AK",330,0.0001403958396883723
"Perryville, AK",329,0.00013997039774992268
"Warsaw, Poland",328,0.00013954495581147306
"Wenatchee, WA",326,0.00013869407193457383
"Road Town, British Virgin Islands",324,0.00013784318805767462
"Chignik Bay, AK",323,0.000137417746119225
"Chignik, AK",322,0.00013699230418077538
"Brainerd, MN",320,0.00013614142030387617
"Cheyenne, WY",320,0.00013614142030387617
"Bonaire, Bonaire, Sint Eustatius, and Saba",320,0.00013614142030387617
"Eagle, AK",315,0.00013401421061162808
"Holguin, Cuba",314,0.0001335887686731785
"San Luis Potosi, Mexico",312,0.00013273788479627925
"Pueblo, CO",312,0.00013273788479627925
"Excursion Inlet, AK",310,0.00013188700091938002
"Chignik Lagoon, AK",308,0.0001310361170424808
"Pelican, AK",307,0.0001306106751040312
"Elfin Cove, AK",306,0.00013018523316558157
"Pedro Bay, AK",305,0.00012975979122713195
"Melbourne, Australia",305,0.00012975979122713195
"Gary, IN",304,0.00012933434928868236
"Edinburgh, United Kingdom",304,0.00012933434928868236
"Metlakatla, AK",304,0.00012933434928868236
"Redding, CA",303,0.00012890890735023274
"Tyonek, AK",301,0.0001280580234733335
"Ceiba, PR",301,0.0001280580234733335
"Naukiti, AK",300,0.0001276325815348839
"North Platte, NE",299,0.0001272071395964343
"Hancock/Houghton, MI",295,0.00012550537184263582
"North Eleuthera, The Bahamas",295,0.00012550537184263582
"Lafayette, IN",295,0.00012550537184263582
"Macon, GA",291,0.00012380360408883738
"Thief River Falls, MN",291,0.00012380360408883738
"Santa Maria, CA",289,0.00012295272021193817
"Klamath Falls, OR",289,0.00012295272021193817
"Wichita Falls, TX",289,0.00012295272021193817
"Delhi, India",289,0.00012295272021193817
"Saskatoon, Canada",287,0.00012210183633503893
"Camaguey, Cuba",286,0.00012167639439658931
"Port Protection, AK",282,0.00011997462664279087
"Lynchburg, VA",281,0.00011954918470434125
"Tuscaloosa, AL",280,0.00011912374276589164
"Cape Lisburne, AK",280,0.00011912374276589164
"Nikolai, AK",280,0.00011912374276589164
"Busan, South Korea",277,0.0001178474169505428
"Worcester, MA",275,0.00011699653307364358
"London, Canada",274,0.00011657109113519396
"Manley Hot Springs, AK",272,0.00011572020725829474
"Kalaupapa, HI",269,0.0001144438814429459
"Glasgow, United Kingdom",268,0.00011401843950449628
"Twin Hills, AK",267,0.00011359299756604667
"Manzanillo, Mexico",266,0.00011316755562759706
"Nelson Lagoon, AK",265,0.00011274211368914745
"Sioux City, IA",265,0.00011274211368914745
"Takotna, AK",264,0.00011231667175069783
"Salisbury, MD",264,0.00011231667175069783
"Kasaan, AK",263,0.00011189122981224821
"Ugashik, AK",263,0.00011189122981224821
"Birch Creek, AK",261,0.00011104034593534899
"Stevens Village, AK",260,0.00011061490399689937
"Pellston, MI",258,0.00010976402012000015
"Papeete, French Polynesia",258,0.00010976402012000015
"Vero Beach, FL",256,0.00010891313624310093
"Point Baker, AK",255,0.00010848769430465131
"Pierre, SD",253,0.00010763681042775209
"Del Rio, TX",252,0.00010721136848930248
"Port Moller, AK",250,0.00010636048461240324
"Fort de France, Martinique",249,0.00010593504267395364
"Greenville, NC",245,0.00010423327492015518
"Nice, France",243,0.00010338239104325596
"Gallup, NM",241,0.00010253150716635673
"Seldovia, AK",241,0.00010253150716635673
"Lebanon-Hanover, NH",240,0.00010210606522790712
"Saltery Cove, AK",240,0.00010210606522790712
"Minto, AK",239,0.00010168062328945751
"Berlin, Germany",239,0.00010168062328945751
"Lawton/Fort Sill, OK",237,0.00010082973941255827
"Cody, WY",232,9.870252972031021e-05
"St. John's, Canada",232,9.870252972031021e-05
"Nadi, Fiji",232,9.870252972031021e-05
"King Cove, AK",229,9.742620390496138e-05
"Circle, AK",229,9.742620390496138e-05
"Akun, AK",228,9.700076196651176e-05
"Beckley, WV",227,9.657532002806215e-05
"Salina, KS",226,9.614987808961254e-05
"Jeddah, Saudi Arabia",225,9.572443615116292e-05
"Farnborough, United Kingdom",224,9.529899421271332e-05
"Garden City, KS",224,9.529899421271332e-05
"Regina, Canada",223,9.48735522742637e-05
"Port Graham, AK",222,9.444811033581408e-05
"Gulkana, AK",221,9.402266839736448e-05
"Seal Bay, AK",221,9.402266839736448e-05
"Tegucigalpa, Honduras",220,9.359722645891486e-05
"Topeka, KS",220,9.359722645891486e-05
"Kearney, NE",220,9.359722645891486e-05
"Durango, Mexico",220,9.359722645891486e-05
"The Valley, Anguilla",220,9.359722645891486e-05
"Tyler, TX",219,9.317178452046524e-05
"Crescent City, CA",219,9.317178452046524e-05
"Tin City, AK",219,9.317178452046524e-05
"Nanwalek, AK",218,9.274634258201564e-05
"Pocatello, ID",218,9.274634258201564e-05
"Skwentna, AK",218,9.274634258201564e-05
"Cali, Colombia",216,9.189545870511641e-05
"Bowling Green, KY",215,9.14700167666668e-05
"Naples, FL",214,9.104457482821718e-05
"Longview, TX",213,9.061913288976757e-05
"Venice, Italy",212,9.019369095131795e-05
"Barranquilla, Colombia",211,8.976824901286835e-05
"Meridian, MS",210,8.934280707441873e-05
"Columbus, MS",210,8.934280707441873e-05
"East Hampton, NY",210,8.934280707441873e-05
"Amman, Jordan",209,8.891736513596911e-05
"Saint Barthelemy, Saint Barthelemy",209,8.891736513596911e-05
"Lewisburg, WV",208,8.84919231975195e-05
"Dothan, AL",208,8.84919231975195e-05
"Brisbane, Australia",208,8.84919231975195e-05
"Ponce, PR",208,8.84919231975195e-05
"Tunica, MS",208,8.84919231975195e-05
"Lazy Bay, AK",207,8.806648125906989e-05
"Iron Mountain/Kingsfd, MI",207,8.806648125906989e-05
"Santa Cruz/Huatulco, Mexico",206,8.764103932062028e-05
"Cedar City, UT",205,8.721559738217067e-05
"Hattiesburg/Laurel, MS",205,8.721559738217067e-05
"New Haven, CT",204,8.679015544372105e-05
"Waterloo, IA",204,8.679015544372105e-05
"Presque Isle/Houlton, ME",203,8.636471350527144e-05
"Puebla, Mexico",203,8.636471350527144e-05
"Athens, Greece",202,8.593927156682182e-05
"Mason City, IA",202,8.593927156682182e-05
"Derby, United Kingdom",201,8.551382962837222e-05
"San Bernardino, CA",200,8.50883876899226e-05
"Napa, CA",198,8.423750381302338e-05
"Binghamton, NY",198,8.423750381302338e-05
"Gunnison, CO",197,8.381206187457376e-05
"Kelowna, Canada",196,8.338661993612414e-05
"Eau Claire, WI",195,8.296117799767454e-05
"Joplin, MO",194,8.253573605922492e-05
"Kitoi Bay, AK",194,8.253573605922492e-05
"Helsinki, Finland",193,8.211029412077531e-05
"Minchumina, AK",192,8.16848521823257e-05
"Corvallis, OR",192,8.16848521823257e-05
"Zanderij, Suriname",192,8.16848521823257e-05
"Sault Ste. Marie, MI",192,8.16848521823257e-05
"Riverside, CA",191,8.125941024387608e-05
"Muskegon, MI",189,8.040852636697685e-05
"Alpena, MI",189,8.040852636697685e-05
"Marble Canyon, AZ",188,7.998308442852725e-05
"Moses Lake, WA",187,7.955764249007763e-05
"Adak Island, AK",187,7.955764249007763e-05
"Aberdeen, SD",186,7.913220055162801e-05
"Apia, Samoa",186,7.913220055162801e-05
"Hydaburg, AK",186,7.913220055162801e-05
"Chengdu, China",185,7.870675861317841e-05
"Leipzig, Germany",184,7.828131667472879e-05
"Meyers Chuck, AK",183,7.785587473627918e-05
"Hermosillo, Mexico",183,7.785587473627918e-05
"Rhinelander, WI",183,7.785587473627918e-05
"Shenzhen, China",183,7.785587473627918e-05
"Fukuoka, Japan",182,7.743043279782957e-05
"Loreto, Mexico",182,7.743043279782957e-05
"Majuro, Marshall Islands",181,7.700499085937995e-05
"New Bedford/Fall River, MA",181,7.700499085937995e-05
"Roche Harbor, WA",181,7.700499085937995e-05
"Zhengzhou, China",181,7.700499085937995e-05
"Stillwater, OK",180,7.657954892093034e-05
"Maracaibo, Venezuela",178,7.572866504403111e-05
"Parkersburg, WV",177,7.53032231055815e-05
"Uganik, AK",177,7.53032231055815e-05
"Fort Dodge, IA",177,7.53032231055815e-05
"Cortez, CO",176,7.487778116713188e-05
"Greenville, SC",176,7.487778116713188e-05
"Tupelo, MS",176,7.487778116713188e-05
"Ogden, UT",175,7.445233922868228e-05
"St. Cloud, MN",175,7.445233922868228e-05
"Newport, OR",174,7.402689729023266e-05
"Escanaba, MI",174,7.402689729023266e-05
"Cape Newenham, AK",173,7.360145535178304e-05
"Port Bailey, AK",172,7.317601341333344e-05
"Owensboro, KY",172,7.317601341333344e-05
"Manaus, Brazil",171,7.275057147488382e-05
"Texarkana, AR",171,7.275057147488382e-05
"Rock Springs, WY",170,7.232512953643421e-05
"Port Williams, AK",170,7.232512953643421e-05
"Florence, SC",169,7.18996875979846e-05
"Torreon, Mexico",169,7.18996875979846e-05
"Bloomington, IN",168,7.147424565953498e-05
"Dickinson, ND",168,7.147424565953498e-05
"Lancaster, PA",168,7.147424565953498e-05
"Koror, Palau",168,7.147424565953498e-05
"El Centro, CA",163,6.934703596728691e-05
"Arlington, TX",163,6.934703596728691e-05
"Brasilia, Brazil",162,6.892159402883731e-05
"Hilton Head, SC",162,6.892159402883731e-05
"Ogdensburg, NY",161,6.849615209038769e-05
"Brooks Lodge, AK",161,6.849615209038769e-05
"Treasure Cay, The Bahamas",161,6.849615209038769e-05
"Block Island, RI",160,6.807071015193809e-05
"Burlington, IA",160,6.807071015193809e-05
"Devils Lake, ND",159,6.764526821348847e-05
"West Point, AK",158,6.721982627503885e-05
"Waukegan, IL",156,6.636894239813963e-05
"Marigot, Dominica",156,6.636894239813963e-05
"Dubuque, IA",156,6.636894239813963e-05
"Victoria, TX",155,6.594350045969001e-05
"Johnstown, PA",154,6.55180585212404e-05
"Morgantown, WV",153,6.509261658279079e-05
"Addis Ababa, Ethiopia",152,6.466717464434118e-05
"Gillette, WY",151,6.424173270589156e-05
"Nikolski, AK",151,6.424173270589156e-05
"Boca Raton, FL",150,6.381629076744194e-05
"Fort Collins/Loveland, CO",150,6.381629076744194e-05
"Lake Havasu City, AZ",149,6.339084882899234e-05
"Beaumont/Port Arthur, TX",149,6.339084882899234e-05
"Cape Romanzof, AK",149,6.339084882899234e-05
"Staunton, VA",148,6.296540689054272e-05
"Utopia, AK",148,6.296540689054272e-05
"Mammoth Lakes, CA",148,6.296540689054272e-05
"Granite Point, AK",148,6.296540689054272e-05
"Little Squaw, AK",148,6.296540689054272e-05
"Williamsport, PA",148,6.296540689054272e-05
"Baku, Azerbaijan",148,6.296540689054272e-05
"Merced, CA",148,6.296540689054272e-05
"Valdez, AK",147,6.253996495209312e-05
"Johannesburg, South Africa",147,6.253996495209312e-05
"Provincetown, MA",147,6.253996495209312e-05
"Lagos, Nigeria",146,6.21145230136435e-05
"Port Angeles, WA",146,6.21145230136435e-05
"Gander, Canada",146,6.21145230136435e-05
"False Pass, AK",145,6.168908107519388e-05
"La Romana, Dominican Republic",145,6.168908107519388e-05
"La Grande, OR",145,6.168908107519388e-05
"Decatur, IL",145,6.168908107519388e-05
"Hibbing, MN",144,6.126363913674427e-05
"Zachar Bay, AK",144,6.126363913674427e-05
"Stuttgart, Germany",144,6.126363913674427e-05
"Branson, MO",144,6.126363913674427e-05
"Pullman, WA",143,6.0838197198294656e-05
"Olga Bay, AK",143,6.0838197198294656e-05
"Burlington/Mount Vernon, WA",142,6.0412755259845045e-05
"Lajes, Portugal",142,6.0412755259845045e-05
"Singapore, Singapore",142,6.0412755259845045e-05
"Prospect Creek, AK",142,6.0412755259845045e-05
"International Falls, MN",141,5.998731332139543e-05
"Dora Bay, AK",141,5.998731332139543e-05
"Greenville, MS",141,5.998731332139543e-05
"Alliance, NE",141,5.998731332139543e-05
"Liberal, KS",140,5.956187138294582e-05
"Kennesaw, GA",140,5.956187138294582e-05
"Bar Harbor, ME",140,5.956187138294582e-05
"Santiago, Cuba",140,5.956187138294582e-05
"St. Augustine, FL",139,5.9136429444496204e-05
"Moser Bay, AK",139,5.9136429444496204e-05
"Westerly, RI",139,5.9136429444496204e-05
"Brunswick, GA",139,5.9136429444496204e-05
"Salem, OR",138,5.871098750604659e-05
"Waterbury, CT",138,5.871098750604659e-05
"Jamestown, ND",138,5.871098750604659e-05
"Chadron, NE",137,5.828554556759698e-05
"Hana, HI",136,5.786010362914737e-05
"Laramie, WY",135,5.743466169069776e-05
"Prescott, AZ",135,5.743466169069776e-05
"Accra, Ghana",134,5.700921975224814e-05
"Recife, Brazil",134,5.700921975224814e-05
"Dahl Creek, AK",134,5.700921975224814e-05
"Oaxaca, Mexico",133,5.658377781379853e-05
"Salmon, ID",133,5.658377781379853e-05
"Altoona, PA",133,5.658377781379853e-05
"Tatalina, AK",132,5.6158335875348916e-05
"Central, AK",132,5.6158335875348916e-05
"Riverton/Lander, WY",132,5.6158335875348916e-05
"Mumbai, India",132,5.6158335875348916e-05
"Marana, AZ",132,5.6158335875348916e-05
"Kamuela, HI",132,5.6158335875348916e-05
"Kitchener, Canada",131,5.5732893936899305e-05
"Nevis, Saint Kitts and Nevis",131,5.5732893936899305e-05
"Visalia, CA",131,5.5732893936899305e-05
"Alamosa, CO",131,5.5732893936899305e-05
"Kulik Lake, AK",131,5.5732893936899305e-05
"Carlsbad, NM",130,5.5307451998449686e-05
"Muscle Shoals, AL",130,5.5307451998449686e-05
"Chuuk, Federated States of Micronesia",130,5.5307451998449686e-05
"Sapporo, Japan",130,5.5307451998449686e-05
"DuBois, PA",129,5.4882010060000075e-05
"Manassas, VA",129,5.4882010060000075e-05
"Riyadh, Saudi Arabia",127,5.403112618310085e-05
"Birmingham, United Kingdom",127,5.403112618310085e-05
"Paducah, KY",126,5.360568424465124e-05
"Kapolei, HI",125,5.318024230620162e-05
"Fairfield, CA",124,5.275480036775201e-05
"Dakar, Senegal",124,5.275480036775201e-05
"Hangzhou, China",123,5.23293584293024e-05
"Vernal, UT",123,5.23293584293024e-05
"Rifle, CO",122,5.190391649085279e-05
"Fort Dix, NJ",121,5.147847455240317e-05
"Wolf Point, MT",121,5.147847455240317e-05
"Silver City/Hurley, NM",121,5.147847455240317e-05
"Belfast, United Kingdom",120,5.105303261395356e-05
"Ponta Delgada, Portugal",120,5.105303261395356e-05
"Destin, FL",120,5.105303261395356e-05
"Hobbs, NM",119,5.0627590675503946e-05
"Marathon, FL",117,4.977670679860472e-05
"Hyder, AK",117,4.977670679860472e-05
"Tatitlek, AK",115,4.8925822921705493e-05
"Anniston, AL",114,4.850038098325588e-05
"Casablanca, Morocco",114,4.850038098325588e-05
"Belem, Brazil",113,4.807493904480627e-05
"Barcelona, Venezuela",113,4.807493904480627e-05
"Jackson, TN",112,4.764949710635666e-05
"Chino, CA",112,4.764949710635666e-05
"Yap, Federated States of Micronesia",112,4.764949710635666e-05
"Nanaimo, Canada",112,4.764949710635666e-05
"Saranac Lake/Lake Placid, NY",112,4.764949710635666e-05
"Dodge City, KS",111,4.722405516790704e-05
"Waterfall, AK",111,4.722405516790704e-05
"Rome, NY",111,4.722405516790704e-05
"Nyac, AK",111,4.722405516790704e-05
"Belo Horizonte, Brazil",111,4.722405516790704e-05
"Cape Girardeau, MO",110,4.679861322945743e-05
"Hays, KS",110,4.679861322945743e-05
"Alpine, AK",110,4.679861322945743e-05
"Galbraith Lake, AK",109,4.637317129100782e-05
"Winston-Salem, NC",109,4.637317129100782e-05
"Victorville, CA",109,4.637317129100782e-05
"Hahn, Germany",108,4.5947729352558206e-05
"Athens, GA",108,4.5947729352558206e-05
"Harrison, AR",108,4.5947729352558206e-05
"Lake Minchumina, AK",108,4.5947729352558206e-05
"Christmas Island, Kiribati",107,4.552228741410859e-05
"Marion/Herrin, IL",107,4.552228741410859e-05
"Carlsbad, CA",106,4.5096845475658976e-05
"Dover, DE",105,4.4671403537209365e-05
"Moab, UT",105,4.4671403537209365e-05
"Goose Bay, Canada",104,4.424596159875975e-05
"Gastonia, NC",104,4.424596159875975e-05
"Valdosta, GA",104,4.424596159875975e-05
"Atka, AK",103,4.382051966031014e-05
"Ironwood, MI",103,4.382051966031014e-05
"Cap-Haitien, Haiti",102,4.3395077721860523e-05
"Clovis, NM",102,4.3395077721860523e-05
"Chisana, AK",102,4.3395077721860523e-05
"Rockland, ME",102,4.3395077721860523e-05
"Augusta/Waterville, ME",102,4.3395077721860523e-05
"El Dorado, AR",101,4.296963578341091e-05
"Wilmington, DE",101,4.296963578341091e-05
"Windsor, Canada",101,4.296963578341091e-05
"Umiat, AK",100,4.25441938449613e-05
"Butte, MT",100,4.25441938449613e-05
"Mountain View, CA",100,4.25441938449613e-05
"Taranto, Italy",100,4.25441938449613e-05
"Pack Creek, AK",99,4.211875190651169e-05
"Palmer, AK",99,4.211875190651169e-05
"Guantanamo, Cuba",99,4.211875190651169e-05
"Jamestown, NY",99,4.211875190651169e-05
"Tijuana, Mexico",97,4.126786802961246e-05
"Varadero, Cuba",96,4.084242609116285e-05
"Quincy, IL",94,3.9991542214263625e-05
"Bradford, PA",93,3.9566100275814006e-05
"Telluride, CO",93,3.9566100275814006e-05
"Hot Springs, AR",92,3.9140658337364395e-05
"Veracruz, Mexico",92,3.9140658337364395e-05
"Watertown, SD",92,3.9140658337364395e-05
"Watertown, NY",91,3.871521639891478e-05
"Massena, NY",91,3.871521639891478e-05
"Funter Bay Alaska, AK",90,3.828977446046517e-05
"Elko, NV",90,3.828977446046517e-05
"Clover Bay, AK",90,3.828977446046517e-05
"Uruapan, Mexico",90,3.828977446046517e-05
"Sidney, MT",90,3.828977446046517e-05
"Wuhan, China",89,3.7864332522015553e-05
"Eureka, CA",89,3.7864332522015553e-05
"Porto, Portugal",88,3.743889058356594e-05
"Kinston, NC",88,3.743889058356594e-05
"Franklin/Oil City, PA",88,3.743889058356594e-05
"Moncton, Canada",88,3.743889058356594e-05
"Rutland, VT",87,3.701344864511633e-05
"Ocala, FL",87,3.701344864511633e-05
"Armenia, Colombia",87,3.701344864511633e-05
"Changsha, China",87,3.701344864511633e-05
"Beverly, MA",87,3.701344864511633e-05
"Cienfuegos, Cuba",86,3.658800670666672e-05
"Naknek, AK",86,3.658800670666672e-05
"Fortaleza, Brazil",86,3.658800670666672e-05
"Monument Valley, UT",86,3.658800670666672e-05
"Glendive, MT",85,3.616256476821711e-05
"Kiluda Bay, AK",85,3.616256476821711e-05
"St. Vincent, Saint Vincent and the Grenadines",84,3.573712282976749e-05
"Tampico, Mexico",82,3.4886238952868266e-05
"Fishers Island, NY",82,3.4886238952868266e-05
"Newport, RI",81,3.4460797014418655e-05
"Truckee, CA",81,3.4460797014418655e-05
"McCook, NE",80,3.403535507596904e-05
"Roxboro, NC",80,3.403535507596904e-05
"Rocky Mount, NC",80,3.403535507596904e-05
"Morrisville, VT",80,3.403535507596904e-05
"Manistee/Ludington, MI",79,3.3609913137519425e-05
"Sheridan, WY",79,3.3609913137519425e-05
"Kuwait, Kuwait",79,3.3609913137519425e-05
"Qingdao, China",79,3.3609913137519425e-05
"Prague, Czech Republic",78,3.318447119906981e-05
"Santa Monica, CA",77,3.27590292606202e-05
"Port Alexander, AK",77,3.27590292606202e-05
"Bornite/Ruby Creek, AK",76,3.233358732217059e-05
"Chicken, AK",76,3.233358732217059e-05
"Pohnpei, Federated States of Micronesia",75,3.190814538372097e-05
"Brownwood, TX",75,3.190814538372097e-05
"Acapulco, Mexico",75,3.190814538372097e-05
"Broomfield, CO",75,3.190814538372097e-05
"Nanjing, China",75,3.190814538372097e-05
"Bucharest, Romania",75,3.190814538372097e-05
"Jonesboro, AR",74,3.148270344527136e-05
"Hickory, NC",74,3.148270344527136e-05
"Bishop, CA",73,3.105726150682175e-05
"Glasgow, MT",73,3.105726150682175e-05
"Kiev, Ukraine",73,3.105726150682175e-05
"Fort Leonard Wood, MO",73,3.105726150682175e-05
"Cairo, Egypt",73,3.105726150682175e-05
"Kavik River, AK",72,3.063181956837214e-05
"Montevideo, Uruguay",72,3.063181956837214e-05
"Walla Walla, WA",72,3.063181956837214e-05
"Donlin Creek Mine, AK",70,2.978093569147291e-05
"Budapest, Hungary",70,2.978093569147291e-05
"Battle Creek, MI",70,2.978093569147291e-05
"Healy, AK",69,2.9355493753023296e-05
"Inyokern, CA",69,2.9355493753023296e-05
"Sendai, Japan",68,2.8930051814573685e-05
"Deadhorse1, AK",68,2.8930051814573685e-05
"Chongqing, China",68,2.8930051814573685e-05
"Elizabeth City, NC",68,2.8930051814573685e-05
"Bridgeport, CT",68,2.8930051814573685e-05
"Show Low, AZ",67,2.850460987612407e-05
"Ukiah, CA",67,2.850460987612407e-05
"Avarua, Cook Islands",67,2.850460987612407e-05
"Santa Cruz, Bolivia",67,2.850460987612407e-05
"Chicopee Falls, MA",67,2.850460987612407e-05
"Oscoda, MI",67,2.850460987612407e-05
"Chico, CA",66,2.8079167937674458e-05
"Thermal, CA",66,2.8079167937674458e-05
"Candle, AK",66,2.8079167937674458e-05
"Akutan, AK",65,2.7653725999224843e-05
"McCarthy, AK",65,2.7653725999224843e-05
"Tobago, Trinidad and Tobago",64,2.7228284060775232e-05
"Stuart, FL",64,2.7228284060775232e-05
"Coeur d'Alene, ID",64,2.7228284060775232e-05
"Chomondely Sound, AK",64,2.7228284060775232e-05
"Chandalar, AK",64,2.7228284060775232e-05
"Chenega, AK",63,2.680284212232562e-05
"Newcastle, United Kingdom",63,2.680284212232562e-05
"Praia, Cape Verde",63,2.680284212232562e-05
"Mayaguez, PR",63,2.680284212232562e-05
"Sitkinak, AK",63,2.680284212232562e-05
"Columbus, IN",62,2.6377400183876005e-05
"Kirksville, MO",62,2.6377400183876005e-05
"Danger Bay, AK",62,2.6377400183876005e-05
"Petaluma, CA",61,2.5951958245426394e-05
"Denton, TX",61,2.5951958245426394e-05
"San Carlos, CA",61,2.5951958245426394e-05
"Dakar Thies, Senegal",61,2.5951958245426394e-05
"Culiacan, Mexico",61,2.5951958245426394e-05
"May Creek, AK",60,2.552651630697678e-05
"Fitiuta Village, TT",60,2.552651630697678e-05
"Havre, MT",60,2.552651630697678e-05
"Pogo Mines, AK",59,2.5101074368527167e-05
"Concord, CA",59,2.5101074368527167e-05
"Fort Jefferson, FL",59,2.5101074368527167e-05
"Norwood, MA",59,2.5101074368527167e-05
"Hamburg, Germany",59,2.5101074368527167e-05
"Aleknagik, AK",59,2.5101074368527167e-05
"Latacunga, Ecuador",58,2.4675632430077552e-05
"San Salvador, The Bahamas",57,2.425019049162794e-05
"Holland, MI",57,2.425019049162794e-05
"Chandler, AZ",56,2.382474855317833e-05
"North Kingstown, RI",55,2.3399306614728715e-05
"Baker Bay, The Bahamas",54,2.2973864676279103e-05
"Malaga, Spain",54,2.2973864676279103e-05
"Villahermosa, Mexico",54,2.2973864676279103e-05
"Reading, PA",54,2.2973864676279103e-05
"Belmar/Farmingdale, NJ",53,2.2548422737829488e-05
"Virgin Gorda, British Virgin Islands",53,2.2548422737829488e-05
"Governors Harbour, The Bahamas",53,2.2548422737829488e-05
"Manteo, NC",53,2.2548422737829488e-05
"Ofu, TT",52,2.2122980799379877e-05
"Minneapolis/St. Paul, MN",52,2.2122980799379877e-05
"Huron, SD",52,2.2122980799379877e-05
"Montauk Point, NY",51,2.1697538860930262e-05
"Columbia, TN",51,2.1697538860930262e-05
"Fort Drum, NY",50,2.127209692248065e-05
"Cabo San Lucas, Mexico",50,2.127209692248065e-05
"Amook Bay, AK",50,2.127209692248065e-05
"Naples, Italy",50,2.127209692248065e-05
"Great Harbour Cay, The Bahamas",50,2.127209692248065e-05
"Logan, UT",49,2.0846654984031035e-05
"Riga, Latvia",49,2.0846654984031035e-05
"Kanab, UT",49,2.0846654984031035e-05
"New London/Groton, CT",48,2.0421213045581424e-05
"Rosario, WA",48,2.0421213045581424e-05
"Ganges Harbor, Canada",48,2.0421213045581424e-05
"Danbury, CT",48,2.0421213045581424e-05
"Chatham, AK",47,1.9995771107131812e-05
"Peru, IN",47,1.9995771107131812e-05
"Belgrade, Serbia",46,1.9570329168682197e-05
"Westfield, MA",46,1.9570329168682197e-05
"Rogers, AR",46,1.9570329168682197e-05
"Poulsbo, WA",46,1.9570329168682197e-05
"Camarillo, CA",46,1.9570329168682197e-05
"Camp Springs, MD",44,1.871944529178297e-05
"Northolt, United Kingdom",44,1.871944529178297e-05
"Salvador, Brazil",44,1.871944529178297e-05
"Sugar Land, TX",43,1.829400335333336e-05
"Finningley, United Kingdom",43,1.829400335333336e-05
"Katmai Lodge, AK",43,1.829400335333336e-05
"Terre Haute, IN",43,1.829400335333336e-05
"Renton, WA",43,1.829400335333336e-05
"Lawrenceville, GA",42,1.7868561414883745e-05
"Skaneateles, NY",41,1.7443119476434133e-05
"Cat Cay, The Bahamas",41,1.7443119476434133e-05
"Worland, WY",41,1.7443119476434133e-05
"Laconia, NH",40,1.701767753798452e-05
"Tofino, Canada",40,1.701767753798452e-05
"Hanoi, Vietnam",40,1.701767753798452e-05
"Luanda, Angola",40,1.701767753798452e-05
"Ramstein, Germany",40,1.701767753798452e-05
"Andros Town, The Bahamas",40,1.701767753798452e-05
"Fort Pierce, FL",40,1.701767753798452e-05
"Ciudad del Carmen, Mexico",39,1.6592235599534907e-05
"Gaithersburg, MD",39,1.6592235599534907e-05
"Pittsfield, MA",39,1.6592235599534907e-05
"Kingman, AZ",39,1.6592235599534907e-05
"Jinan, China",39,1.6592235599534907e-05
"Mojave, CA",38,1.6166793661085295e-05
"Krakow, Poland",38,1.6166793661085295e-05
"Hallo Bay, AK",38,1.6166793661085295e-05
"Xiamen, China",38,1.6166793661085295e-05
"Bergen, Norway",37,1.574135172263568e-05
"Blue Fox Bay, AK",37,1.574135172263568e-05
"Fuzhou, China",37,1.574135172263568e-05
"Pisa, Italy",37,1.574135172263568e-05
"Tanacross, AK",36,1.531590978418607e-05
"Diomede Island, AK",36,1.531590978418607e-05
"Nenana, AK",36,1.531590978418607e-05
"Trading Bay, AK",35,1.4890467845736455e-05
"West Chester, PA",35,1.4890467845736455e-05
"Campbell River, Canada",34,1.4465025907286842e-05
"Khabarovsk, Russia",34,1.4465025907286842e-05
"Muskoka, Canada",34,1.4465025907286842e-05
"Talladega, AL",34,1.4465025907286842e-05
"Karachi, Pakistan",34,1.4465025907286842e-05
"Saratoga Springs, NY",33,1.4039583968837229e-05
"Lime Village, AK",33,1.4039583968837229e-05
"Goodyear, AZ",33,1.4039583968837229e-05
"Jackson, MS",33,1.4039583968837229e-05
"Glasgow/Prestwick, United Kingdom",33,1.4039583968837229e-05
"Soldotna, AK",33,1.4039583968837229e-05
"Decatur, AL",32,1.3614142030387616e-05
"Dent Island, Canada",32,1.3614142030387616e-05
"Genting, Malaysia",32,1.3614142030387616e-05
"Ivotuk, AK",32,1.3614142030387616e-05
"Statesville, NC",31,1.3188700091938003e-05
"Westsound, WA",31,1.3188700091938003e-05
"Belfast, ME",31,1.3188700091938003e-05
"Keene, NH",31,1.3188700091938003e-05
"Lewiston/Auburn, ME",30,1.276325815348839e-05
"Tucuman, Argentina",30,1.276325815348839e-05
"Ganes Creek, AK",30,1.276325815348839e-05
"San Andros, The Bahamas",30,1.276325815348839e-05
"Whitehorse, Canada",29,1.2337816215038776e-05
"Steamboat Bay, AK",29,1.2337816215038776e-05
"Tonga Tapu, Tonga",29,1.2337816215038776e-05
"Cork, Ireland",29,1.2337816215038776e-05
"Cordoba, Argentina",28,1.1912374276589165e-05
"Lakeland, FL",28,1.1912374276589165e-05
"Long Island, AK",28,1.1912374276589165e-05
"Abbotsford, Canada",27,1.1486932338139552e-05
"Lopez Island, WA",27,1.1486932338139552e-05
"Kayenta, AZ",27,1.1486932338139552e-05
"West Yellowstone, MT",27,1.1486932338139552e-05
"Paso Robles, CA",27,1.1486932338139552e-05
"Mansfield, OH",27,1.1486932338139552e-05
"Southampton, NY",27,1.1486932338139552e-05
"Tacoma, WA",27,1.1486932338139552e-05
"Farewell, AK",26,1.1061490399689938e-05
"Fort Glenn, AK",26,1.1061490399689938e-05
"Decatur Island, WA",26,1.1061490399689938e-05
"Chatham, MA",26,1.1061490399689938e-05
"Zaragoza, Spain",26,1.1061490399689938e-05
"Bristol, United Kingdom",26,1.1061490399689938e-05
"Glens Falls, NY",26,1.1061490399689938e-05
"Hog River, AK",25,1.0636048461240325e-05
"Las Cruces, NM",25,1.0636048461240325e-05
"Charlottetown, Canada",25,1.0636048461240325e-05
"Okinawa, Japan",25,1.0636048461240325e-05
"Coatesville, PA",25,1.0636048461240325e-05
"Sparrevohn, AK",25,1.0636048461240325e-05
"Ostend, Belgium",25,1.0636048461240325e-05
"Brunswick, ME",24,1.0210606522790712e-05
"Rzeszow, Poland",24,1.0210606522790712e-05
"Santiago de Compostela, Spain",24,1.0210606522790712e-05
"Wasilla, AK",24,1.0210606522790712e-05
"Kizhuyak, AK",24,1.0210606522790712e-05
"Palermo, Italy",24,1.0210606522790712e-05
"Blue Bell, PA",23,9.785164584341099e-06
"Baranof, AK",23,9.785164584341099e-06
"Chub Cay, The Bahamas",23,9.785164584341099e-06
"Keyes Point, AK",23,9.785164584341099e-06
"Vladivostok, Russia",23,9.785164584341099e-06
"Hillsboro, OR",22,9.359722645891485e-06
"Chinitna Bay, AK",22,9.359722645891485e-06
"Ninilchik, AK",22,9.359722645891485e-06
"Concord, NH",22,9.359722645891485e-06
"Montague, MA",22,9.359722645891485e-06
"Easton, MD",22,9.359722645891485e-06
"North Adams, MA",22,9.359722645891485e-06
"New Iberia, LA",22,9.359722645891485e-06
"Canouan, Saint Vincent and the Grenadines",22,9.359722645891485e-06
"Portage Creek, AK",21,8.934280707441872e-06
"Illinois Creek, AK",21,8.934280707441872e-06
"Eagle River, WI",21,8.934280707441872e-06
"Lonely, AK",21,8.934280707441872e-06
"Chelan, WA",21,8.934280707441872e-06
"Samana, Dominican Republic",20,8.50883876899226e-06
"Colombo, Sri Lanka",20,8.50883876899226e-06
"Antwerp, Belgium",20,8.50883876899226e-06
"Calexico, CA",20,8.50883876899226e-06
"Shemya, AK",20,8.50883876899226e-06
"Lawrence, MA",20,8.50883876899226e-06
"Xi'an, China",20,8.50883876899226e-06
"Lorain/Elyria, OH",20,8.50883876899226e-06
"Anadyr, Russia",20,8.50883876899226e-06
"Plymouth, MA",20,8.50883876899226e-06
"Monticello, NY",19,8.083396830542648e-06
"Lake Tahoe, CA",19,8.083396830542648e-06
"Lapu-Lapu City, Philippines",19,8.083396830542648e-06
"Wuxi, China",19,8.083396830542648e-06
"Muncie/Anderson/Newcastle, IN",19,8.083396830542648e-06
"Deadmans Bay, AK",19,8.083396830542648e-06
"Kenosha, WI",18,7.657954892093034e-06
"Santa Maria, Portugal",18,7.657954892093034e-06
"Stehekin, WA",18,7.657954892093034e-06
"Flat, AK",18,7.657954892093034e-06
"Pender Harbour, Canada",18,7.657954892093034e-06
"Goat Cay, The Bahamas",18,7.657954892093034e-06
"Hopkinsville, KY",18,7.657954892093034e-06
"Delta Junction, AK",18,7.657954892093034e-06
"Eagle Harbor, AK",18,7.657954892093034e-06
"Peterborough, Canada",18,7.657954892093034e-06
"Osan, South Korea",18,7.657954892093034e-06
"Dublin, VA",18,7.657954892093034e-06
"Marseille, France",17,7.232512953643421e-06
"Quincy, MA",17,7.232512953643421e-06
"Palma Mallorca, Spain",17,7.232512953643421e-06
"Gothenburg, Sweden",17,7.232512953643421e-06
"Ho Chi Minh City, Vietnam",17,7.232512953643421e-06
"Stavanger, Norway",17,7.232512953643421e-06
"Provideniya, Russia",17,7.232512953643421e-06
"Princeton, NJ",17,7.232512953643421e-06
"Petropavlovsk-Kamchatsky, Russia",17,7.232512953643421e-06
"Leeds/Bradford, United Kingdom",17,7.232512953643421e-06
"San Marcos, TX",17,7.232512953643421e-06
"Sondre Stromfjord, Greenland",17,7.232512953643421e-06
"Monroe, NC",17,7.232512953643421e-06
"Walterboro, SC",17,7.232512953643421e-06
"Whidbey Island, WA",17,7.232512953643421e-06
"Lydd, United Kingdom",17,7.232512953643421e-06
"Mountain Home, ID",16,6.807071015193808e-06
"Pinehurst/Southern Pines, NC",16,6.807071015193808e-06
"Cairns, Australia",16,6.807071015193808e-06
"Oxnard/Ventura, CA",16,6.807071015193808e-06
"Bryce Canyon, UT",16,6.807071015193808e-06
"Cayman Brac, Cayman Islands",16,6.807071015193808e-06
"Berlin, NJ",16,6.807071015193808e-06
"Toulouse, France",16,6.807071015193808e-06
"Sheboygan, WI",16,6.807071015193808e-06
"Anderson, SC",16,6.807071015193808e-06
"Porto Alegre, Brazil",16,6.807071015193808e-06
"La Paz, Mexico",16,6.807071015193808e-06
"Kuparuk, AK",16,6.807071015193808e-06
"Pagosa Springs, CO",16,6.807071015193808e-06
"Great Bend, KS",16,6.807071015193808e-06
"Ibiza, Spain",15,6.381629076744195e-06
"Sonora Island, Canada",15,6.381629076744195e-06
"Aiken, SC",15,6.381629076744195e-06
"Nairobi, Kenya",15,6.381629076744195e-06
"Seward, AK",15,6.381629076744195e-06
"Talkeetna, AK",15,6.381629076744195e-06
"Charlo, Canada",15,6.381629076744195e-06
"Goshen, IN",15,6.381629076744195e-06
"Iqaluit, Canada",15,6.381629076744195e-06
"Karlsruhe/Baden-Baden, Germany",15,6.381629076744195e-06
"Hamilton, NY",15,6.381629076744195e-06
"Monte Vista, CO",15,6.381629076744195e-06
"Tashkent, Uzbekistan",15,6.381629076744195e-06
"Trois Rivieres, Canada",15,6.381629076744195e-06
"Newport News/Hampton, VA",14,5.956187138294582e-06
"Parry Sound, Canada",14,5.956187138294582e-06
"Deer Harbor, WA",14,5.956187138294582e-06
"Gaylord, MI",14,5.956187138294582e-06
"Lake Placid, NY",14,5.956187138294582e-06
"Whistler, Canada",14,5.956187138294582e-06
"Shenyang, China",14,5.956187138294582e-06
"Saint John, Canada",14,5.956187138294582e-06
"South Andos, The Bahamas",14,5.956187138294582e-06
"Rota, Spain",14,5.956187138294582e-06
"Bedwell Harbour, Canada",14,5.956187138294582e-06
"Gerlach, NV",14,5.956187138294582e-06
"Beaufort, SC",14,5.956187138294582e-06
"Chalons-En-Champagne, France",14,5.956187138294582e-06
"Camp Orkila Eastsound, WA",14,5.956187138294582e-06
"Malta, Malta",14,5.956187138294582e-06
"Bartletts, AK",13,5.530745199844969e-06
"Pereira, Colombia",13,5.530745199844969e-06
"Red Lake, AK",13,5.530745199844969e-06
"Yellowknife, Canada",13,5.530745199844969e-06
"San Felipe, Mexico",13,5.530745199844969e-06
"Pulaski, TN",13,5.530745199844969e-06
"West Dover, VT",13,5.530745199844969e-06
"Lyon, France",13,5.530745199844969e-06
"Hefei, China",13,5.530745199844969e-06
"Hayward, CA",13,5.530745199844969e-06
"Sanford, ME",13,5.530745199844969e-06
"Liverpool, United Kingdom",13,5.530745199844969e-06
"Murrieta/Temecula, CA",13,5.530745199844969e-06
"Valencia, Venezuela",13,5.530745199844969e-06
"Olbia, Italy",13,5.530745199844969e-06
"Middlebury, VT",13,5.530745199844969e-06
"Colorado City, AZ",13,5.530745199844969e-06
"Pikeville, KY",13,5.530745199844969e-06
"Big Bay, AK",12,5.105303261395356e-06
"Telida, AK",12,5.105303261395356e-06
"Selinsgrove, PA",12,5.105303261395356e-06
"Saratoga, WY",12,5.105303261395356e-06
"Yukon Charley Rivvers, AK",12,5.105303261395356e-06
"Alamogordo, NM",12,5.105303261395356e-06
"Georgetown, DE",12,5.105303261395356e-06
"Deming, NM",12,5.105303261395356e-06
"Misawa, Japan",12,5.105303261395356e-06
"Auburn, AL",12,5.105303261395356e-06
"Sal Island, Cape Verde",12,5.105303261395356e-06
"Hogatza, AK",12,5.105303261395356e-06
"Window Rock, AZ",12,5.105303261395356e-06
"Silver Salmon Creek, AK",12,5.105303261395356e-06
"Northeast Cape, AK",12,5.105303261395356e-06
"Mulhouse, France",12,5.105303261395356e-06
"Old Crow, Canada",12,5.105303261395356e-06
"Lima, OH",12,5.105303261395356e-06
"West Palm Beach, FL",12,5.105303261395356e-06
"Port Hueneme, CA",12,5.105303261395356e-06
"Brize Norton, United Kingdom",12,5.105303261395356e-06
"Portland, TN",12,5.105303261395356e-06
"Oxford, MS",12,5.105303261395356e-06
"Lebel-sur-Quevillon, Canada",12,5.105303261395356e-06
"Springfield, TN",11,4.679861322945743e-06
"Fairbanks/Ft. Wainwright, AK",11,4.679861322945743e-06
"Corner Bay, AK",11,4.679861322945743e-06
"Onion Bay, AK",11,4.679861322945743e-06
"Key Largo, FL",11,4.679861322945743e-06
"Caldwell, NJ",11,4.679861322945743e-06
"Carbondale, IL",11,4.679861322945743e-06
"Tarbes/Lourdes/Pyrenees, France",11,4.679861322945743e-06
"Rotterdam, Netherlands",11,4.679861322945743e-06
"Blytheville, AR",11,4.679861322945743e-06
"Santa Ynez, CA",11,4.679861322945743e-06
"Collingwood, Canada",11,4.679861322945743e-06
"Ruston, LA",11,4.679861322945743e-06
"Beloit/Janesville, WI",11,4.679861322945743e-06
"Mount Vernon, IL",10,4.25441938449613e-06
"Clemson, SC",10,4.25441938449613e-06
"Hiroshima, Japan",10,4.25441938449613e-06
"Smithfield, RI",10,4.25441938449613e-06
"Heber, UT",10,4.25441938449613e-06
"Marrakech, Morocco",10,4.25441938449613e-06
"Cape May, NJ",10,4.25441938449613e-06
"Nixon Fork Mine, AK",10,4.25441938449613e-06
"Port Clarence, AK",10,4.25441938449613e-06
"Tenerife, Spain",10,4.25441938449613e-06
"St. Petersburg, Russia",10,4.25441938449613e-06
"Bologna, Italy",10,4.25441938449613e-06
"Toulon/Hyeres, France",10,4.25441938449613e-06
"Stephenville, Canada",10,4.25441938449613e-06
"Turin, Italy",10,4.25441938449613e-06
"Colville Lake, Canada",10,4.25441938449613e-06
"Fairbanks1, AK",10,4.25441938449613e-06
"Billund, Denmark",10,4.25441938449613e-06
"Oneonta, NY",10,4.25441938449613e-06
"Karluk Lake, AK",10,4.25441938449613e-06
"Okayama, Japan",10,4.25441938449613e-06
"Southend-On-Sea, United Kingdom",10,4.25441938449613e-06
"Mount Holly, NJ",9,3.828977446046517e-06
"Olympia, WA",9,3.828977446046517e-06
"Bennington, VT",9,3.828977446046517e-06
"Mink Island, Canada",9,3.828977446046517e-06
"Camp Douglas, WI",9,3.828977446046517e-06
"Nanchang, China",9,3.828977446046517e-06
"Conroe, TX",9,3.828977446046517e-06
"Clifton, AZ",9,3.828977446046517e-06
"Bangkok, Thailand",9,3.828977446046517e-06
"Northway, AK",9,3.828977446046517e-06
"Bay St. Louis, MS",9,3.828977446046517e-06
"Bilbao, Spain",9,3.828977446046517e-06
"Marshfield, MA",9,3.828977446046517e-06
"Mary Esther, FL",9,3.828977446046517e-06
"Port Huron, MI",9,3.828977446046517e-06
"Maastricht, Netherlands",9,3.828977446046517e-06
"Ningbo, China",9,3.828977446046517e-06
"Sonderborg, Denmark",9,3.828977446046517e-06
"Chateauroux, France",9,3.828977446046517e-06
"Great Barrington, MA",9,3.828977446046517e-06
"Kwajalein, Marshall Islands",9,3.828977446046517e-06
"Drift River, AK",9,3.828977446046517e-06
"Schenectady, NY",9,3.828977446046517e-06
"Faro, Portugal",9,3.828977446046517e-06
"Bermuda Dunes, CA",9,3.828977446046517e-06
"Findlay, OH",9,3.828977446046517e-06
"Los Alamos, NM",8,3.403535507596904e-06
"Phnom Penh, Cambodia",8,3.403535507596904e-06
"Troutdale, OR",8,3.403535507596904e-06
"Millington, TN",8,3.403535507596904e-06
"Middleton Island, AK",8,3.403535507596904e-06
"Wake Island, TT",8,3.403535507596904e-06
"Grace Harbor, AK",8,3.403535507596904e-06
"Moses Point, AK",8,3.403535507596904e-06
"Chiloquin, OR",8,3.403535507596904e-06
"Tianjin, China",8,3.403535507596904e-06
"Cocoa Beach, FL",8,3.403535507596904e-06
"Hudson, NY",8,3.403535507596904e-06
"Bromont, Canada",8,3.403535507596904e-06
"Klagenfurt, Austria",8,3.403535507596904e-06
"LaGrange, GA",8,3.403535507596904e-06
"Sparta, TN",8,3.403535507596904e-06
"Asuncion, Paraguay",8,3.403535507596904e-06
"Sedona, AZ",8,3.403535507596904e-06
"La Macaza, Canada",8,3.403535507596904e-06
"Fryeburg, ME",8,3.403535507596904e-06
"Clarksville, TN",8,3.403535507596904e-06
"Sumter, SC",8,3.403535507596904e-06
"Cooper Lodge, AK",8,3.403535507596904e-06
"Modesto, CA",8,3.403535507596904e-06
"Niigata, Japan",8,3.403535507596904e-06
"Salinas/Monterey, CA",7,2.978093569147291e-06
"Balboa, Panama",7,2.978093569147291e-06
"Salzburg, Austria",7,2.978093569147291e-06
"Terror Lake, AK",7,2.978093569147291e-06
"Gettysburg, PA",7,2.978093569147291e-06
"Pahrump, NV",7,2.978093569147291e-06
"West End, The Bahamas",7,2.978093569147291e-06
"Nogales, AZ",7,2.978093569147291e-06
"Gainesville, GA",7,2.978093569147291e-06
"Peachtree City, GA",7,2.978093569147291e-06
"Berne, Switzerland",7,2.978093569147291e-06
"Waukesha, WI",7,2.978093569147291e-06
"Nootka Sound, Canada",7,2.978093569147291e-06
"Nuremberg, Germany",7,2.978093569147291e-06
"Dubrovnik, Croatia",7,2.978093569147291e-06
"Ophir, AK",7,2.978093569147291e-06
"Refuge Cove, Canada",7,2.978093569147291e-06
"Hobart Bay, AK",7,2.978093569147291e-06
"Kosrae, Federated States of Micronesia",7,2.978093569147291e-06
"South Haven, MI",7,2.978093569147291e-06
"Chignik Lake, AK",7,2.978093569147291e-06
"Qugruc, AK",7,2.978093569147291e-06
"Colorado Creek, AK",7,2.978093569147291e-06
"Malina Bay, AK",7,2.978093569147291e-06
"Jackson, MI",7,2.978093569147291e-06
"Olive Branch, MS",7,2.978093569147291e-06
"Sydney, Canada",7,2.978093569147291e-06
"Gold King 2, AK",7,2.978093569147291e-06
"Temple, TX",7,2.978093569147291e-06
"Split, Croatia",7,2.978093569147291e-06
"Montpelier/Barre, VT",7,2.978093569147291e-06
"Knob Noster, MO",7,2.978093569147291e-06
"Valparaiso, IN",7,2.978093569147291e-06
"Racine, WI",7,2.978093569147291e-06
"Astoria/Seaside, OR",7,2.978093569147291e-06
"Port Hardy, Canada",7,2.978093569147291e-06
"Hattiesburg, MS",7,2.978093569147291e-06
"Poughkeepsie, NY",6,2.552651630697678e-06
"Exuma, The Bahamas",6,2.552651630697678e-06
"Fort Worth, TX",6,2.552651630697678e-06
"Ekuk, AK",6,2.552651630697678e-06
"Edgartown, MA",6,2.552651630697678e-06
"Genoa, Italy",6,2.552651630697678e-06
"Grande Prairie, Canada",6,2.552651630697678e-06
"Hanford, CA",6,2.552651630697678e-06
"Harbour Island, The Bahamas",6,2.552651630697678e-06
"Homestead, FL",6,2.552651630697678e-06
"De Kalb, IL",6,2.552651630697678e-06
"Islesboro, ME",6,2.552651630697678e-06
"Jefferson City, MO",6,2.552651630697678e-06
"Jeffersonville, IN",6,2.552651630697678e-06
"Kako, AK",6,2.552651630697678e-06
"Curitiba, Brazil",6,2.552651630697678e-06
"Kishinev, Moldova",6,2.552651630697678e-06
"Komatsu, Japan",6,2.552651630697678e-06
"Kuala Lumpur, Malaysia",6,2.552651630697678e-06
"Lakeview, OR",6,2.552651630697678e-06
"Laura Lake, AK",6,2.552651630697678e-06
"London/Corbin, KY",6,2.552651630697678e-06
"Madisonville, KY",6,2.552651630697678e-06
"Ciudad Juarez, Mexico",6,2.552651630697678e-06
"Mattoon/Charleston, IL",6,2.552651630697678e-06
"Mexicali, Mexico",6,2.552651630697678e-06
"Middletown, DE",6,2.552651630697678e-06
"Chicago/Romeoville, IL",6,2.552651630697678e-06
"Millbrook, NY",6,2.552651630697678e-06
"Cayo Coco, Cuba",6,2.552651630697678e-06
"Oshkosh, WI",6,2.552651630697678e-06
"Plainville, CT",6,2.552651630697678e-06
"Porlamar, Venezuela",6,2.552651630697678e-06
"Port Hawkesbury, Canada",6,2.552651630697678e-06
"Prince Rupert, Canada",6,2.552651630697678e-06
"Bratislava, Slovakia",6,2.552651630697678e-06
"Brady, TX",6,2.552651630697678e-06
"Raspberry Strait, AK",6,2.552651630697678e-06
"Bordeaux, France",6,2.552651630697678e-06
"Santa Marta, Colombia",6,2.552651630697678e-06
"Springfield, OH",6,2.552651630697678e-06
"Starkville, MS",6,2.552651630697678e-06
"Aurora, IL",6,2.552651630697678e-06
"Ann Arbor, MI",6,2.552651630697678e-06
"Warsaw, IN",6,2.552651630697678e-06
"Wiscasset, ME",6,2.552651630697678e-06
"York, PA",6,2.552651630697678e-06
"Erfurt, Germany",5,2.127209692248065e-06
"Elizabethtown, KY",5,2.127209692248065e-06
"Brooksville, FL",5,2.127209692248065e-06
"Kokomo/Logansport/Peru, IN",5,2.127209692248065e-06
"Northampton, MA",5,2.127209692248065e-06
"Gulf Shores, AL",5,2.127209692248065e-06
"Mikonos Island, Greece",5,2.127209692248065e-06
"Dryden, Canada",5,2.127209692248065e-06
"Toms River, NJ",5,2.127209692248065e-06
"Warroad, MN",5,2.127209692248065e-06
"Greenwood, MS",5,2.127209692248065e-06
"Florence, Italy",5,2.127209692248065e-06
"Durant, OK",5,2.127209692248065e-06
"Mitchell, SD",5,2.127209692248065e-06
"Walker's Cay, The Bahamas",5,2.127209692248065e-06
"Sequim, WA",5,2.127209692248065e-06
"Moron, Spain",5,2.127209692248065e-06
"Batavia, NY",5,2.127209692248065e-06
"Valencia, Spain",5,2.127209692248065e-06
"Ellensburg, WA",5,2.127209692248065e-06
"Glendale, AZ",5,2.127209692248065e-06
"Georgetown, SC",5,2.127209692248065e-06
"Girdwood, AK",5,2.127209692248065e-06
"Verona, Italy",5,2.127209692248065e-06
"Patuxent River, MD",5,2.127209692248065e-06
"Livengood, AK",5,2.127209692248065e-06
"Cape Yakataga, AK",5,2.127209692248065e-06
"Shijiazhuang, China",5,2.127209692248065e-06
"Fredericton, Canada",5,2.127209692248065e-06
"Borger, TX",5,2.127209692248065e-06
"Frederick, MD",5,2.127209692248065e-06
"Cayenne, French Guiana",5,2.127209692248065e-06
"Bliss Landing, Canada",5,2.127209692248065e-06
"Reykjavik, Iceland",5,2.127209692248065e-06
"Mansfield, MA",5,2.127209692248065e-06
"Desolation Sound, Canada",5,2.127209692248065e-06
"Prince George, Canada",5,2.127209692248065e-06
"Friedrichshafen, Germany",5,2.127209692248065e-06
"Shaw Island, WA",5,2.127209692248065e-06
"Innsbruck, Austria",5,2.127209692248065e-06
"Macau, Macau",5,2.127209692248065e-06
"Manzanillo, Cuba",5,2.127209692248065e-06
"Kerrville, TX",5,2.127209692248065e-06
"Las Palmas, Spain",5,2.127209692248065e-06
"Smith Bay, AK",5,2.127209692248065e-06
"Oceana, VA",5,2.127209692248065e-06
"Simoom Sound, Canada",5,2.127209692248065e-06
"Jensens Strip, AK",5,2.127209692248065e-06
"Elizabeth Island, AK",5,2.127209692248065e-06
"Manama, Bahrain",5,2.127209692248065e-06
"Athens, OH",5,2.127209692248065e-06
"St. Nazaire, France",5,2.127209692248065e-06
"Crestview, FL",5,2.127209692248065e-06
"Marvel Creek Mine, AK",5,2.127209692248065e-06
"Kamloops, Canada",5,2.127209692248065e-06
"Tehachapi, CA",5,2.127209692248065e-06
"Livermore, CA",5,2.127209692248065e-06
"Hannover, Germany",5,2.127209692248065e-06
"Nashua, NH",5,2.127209692248065e-06
"Lakeport, CA",5,2.127209692248065e-06
"Cardiff, United Kingdom",4,1.701767753798452e-06
"Shizuoka, Japan",4,1.701767753798452e-06
"Kalamata, Greece",4,1.701767753798452e-06
"Murray Bay, Canada",4,1.701767753798452e-06
"Bay City, TX",4,1.701767753798452e-06
"Cambridge, MD",4,1.701767753798452e-06
"Seville, Spain",4,1.701767753798452e-06
"Leesburg, VA",4,1.701767753798452e-06
"Mt. Pocono, PA",4,1.701767753798452e-06
"Sept-Iles, Canada",4,1.701767753798452e-06
"Sebring, FL",4,1.701767753798452e-06
"Karluk Portage, AK",4,1.701767753798452e-06
"Fukushima, Japan",4,1.701767753798452e-06
"Las Piedras, Venezuela",4,1.701767753798452e-06
"Blakely Island, WA",4,1.701767753798452e-06
"Ruidoso, NM",4,1.701767753798452e-06
"Comayagua, Honduras",4,1.701767753798452e-06
"Cuernavaca, Mexico",4,1.701767753798452e-06
"Safford, AZ",4,1.701767753798452e-06
"A Coruna, Spain",4,1.701767753798452e-06
"Kingston, Canada",4,1.701767753798452e-06
"Cape Simpson, AK",4,1.701767753798452e-06
"Kingston, NY",4,1.701767753798452e-06
"Calder Bay, AK",4,1.701767753798452e-06
"Parker, AZ",4,1.701767753798452e-06
"Alton, IL",4,1.701767753798452e-06
"Ames, IA",4,1.701767753798452e-06
"Gleneden, OR",4,1.701767753798452e-06
"Goldsboro, NC",4,1.701767753798452e-06
"Butler, PA",4,1.701767753798452e-06
"Eagle Creek, AK",4,1.701767753798452e-06
"North Bay, Canada",4,1.701767753798452e-06
"Grand Prairie, TX",4,1.701767753798452e-06
"Cherry Point, NC",4,1.701767753798452e-06
"Carry Inlet, AK",4,1.701767753798452e-06
"Olathe, KS",4,1.701767753798452e-06
"Tonopah, NV",4,1.701767753798452e-06
"Driggs, ID",4,1.701767753798452e-06
"Tokeen, AK",4,1.701767753798452e-06
"Gunsan, South Korea",4,1.701767753798452e-06
"Titusville, FL",4,1.701767753798452e-06
"Thomson, GA",4,1.701767753798452e-06
"Willits, CA",4,1.701767753798452e-06
"Thomasville, GA",4,1.701767753798452e-06
"Catania, Italy",4,1.701767753798452e-06
"Canandaigua, NY",4,1.701767753798452e-06
"Hamilton, OH",4,1.701767753798452e-06
"Matsuyama, Japan",4,1.701767753798452e-06
"Williamsburg, VA",4,1.701767753798452e-06
"Abuja, Nigeria",4,1.701767753798452e-06
"Port McNeill, Canada",4,1.701767753798452e-06
"Port Moresby, Papua New Guinea",4,1.701767753798452e-06
"Hollister, CA",4,1.701767753798452e-06
"Marietta, GA",4,1.701767753798452e-06
"Whitefield, NH",4,1.701767753798452e-06
"Manta, Ecuador",4,1.701767753798452e-06
"Princess Lousia Inlet, Canada",4,1.701767753798452e-06
"Maniwaki, Canada",4,1.701767753798452e-06
"Aurora, OR",4,1.701767753798452e-06
"Eindhoven, Netherlands",4,1.701767753798452e-06
"Quadra Island, Canada",4,1.701767753798452e-06
"Hurricane, UT",4,1.701767753798452e-06
"Hutchinson, KS",4,1.701767753798452e-06
"Egmont, Canada",4,1.701767753798452e-06
"St. Catharines, Canada",4,1.701767753798452e-06
"Banjul, The Gambia",4,1.701767753798452e-06
"Iwakuni, Japan",4,1.701767753798452e-06
"Oxford, ME",4,1.701767753798452e-06
"Iwoto, Japan",4,1.701767753798452e-06
"Sointula, Canada",4,1.701767753798452e-06
"Fernandina Beach, FL",4,1.701767753798452e-06
"Darwin, Australia",4,1.701767753798452e-06
"Bartlesville, OK",4,1.701767753798452e-06
"Jasper, AL",4,1.701767753798452e-06
"Windhoek, Namibia",3,1.276325815348839e-06
"Hakodate, Japan",3,1.276325815348839e-06
"Cartersville, GA",3,1.276325815348839e-06
"Berlin, NH",3,1.276325815348839e-06
"Thunder Bay, Canada",3,1.276325815348839e-06
"Clinton, NC",3,1.276325815348839e-06
"Jebel Ali, United Arab Emirates",3,1.276325815348839e-06
"McMinnville, TN",3,1.276325815348839e-06
"Lompoc, CA",3,1.276325815348839e-06
"Salmon Arm, Canada",3,1.276325815348839e-06
"Oxford, United Kingdom",3,1.276325815348839e-06
"Gainesville, TX",3,1.276325815348839e-06
"McCall, ID",3,1.276325815348839e-06
"Dover-Cheswold, DE",3,1.276325815348839e-06
"The Dalles, OR",3,1.276325815348839e-06
"Craig, CO",3,1.276325815348839e-06
"Independence, KS",3,1.276325815348839e-06
"Clear Lake, CA",3,1.276325815348839e-06
"Terrace, Canada",3,1.276325815348839e-06
"Benton Harbor/St. Joseph, MI",3,1.276325815348839e-06
"Porterville, CA",3,1.276325815348839e-06
"Bandon, OR",3,1.276325815348839e-06
"Paderborn, Germany",3,1.276325815348839e-06
"Clevland, TN",3,1.276325815348839e-06
"Harbor Springs, MI",3,1.276325815348839e-06
"Salerno, Italy",3,1.276325815348839e-06
"Hatteras, NC",3,1.276325815348839e-06
"Funchal, Portugal",3,1.276325815348839e-06
"Brno, Czech Republic",3,1.276325815348839e-06
"Digby Island, Canada",3,1.276325815348839e-06
"Martinsburg, WV",3,1.276325815348839e-06
"Taos, NM",3,1.276325815348839e-06
"Rangeley, ME",3,1.276325815348839e-06
"Tallinn, Estonia",3,1.276325815348839e-06
"Bournemouth, United Kingdom",3,1.276325815348839e-06
"Wien Lake, AK",3,1.276325815348839e-06
"Brigham City, UT",3,1.276325815348839e-06
"Churchill, Canada",3,1.276325815348839e-06
"Larnaca, Cyprus",3,1.276325815348839e-06
"Athens, TN",3,1.276325815348839e-06
"Fort McMurray, Canada",3,1.276325815348839e-06
"Taegu, South Korea",3,1.276325815348839e-06
"Kiavak, AK",3,1.276325815348839e-06
"Indian Head, MD",3,1.276325815348839e-06
"Pottstown, PA",3,1.276325815348839e-06
"Kerry County, Ireland",3,1.276325815348839e-06
"Sherman-Denison, TX",3,1.276325815348839e-06
"Coleman, TX",3,1.276325815348839e-06
"Ocean City, MD",3,1.276325815348839e-06
"Marco Island, FL",3,1.276325815348839e-06
"Sault Ste. Marie, Canada",3,1.276325815348839e-06
"Inuvik, Canada",3,1.276325815348839e-06
"Frankfort, KY",3,1.276325815348839e-06
"Cumberland, MD",3,1.276325815348839e-06
"Sunriver, OR",3,1.276325815348839e-06
"Southampton, United Kingdom",3,1.276325815348839e-06
"Princeton/Bluefield, WV",3,1.276325815348839e-06
"Katmai Bay, AK",3,1.276325815348839e-06
"Beirut, Lebanon",3,1.276325815348839e-06
"Sullivan Bay, Canada",3,1.276325815348839e-06
"Ogallala, NE",3,1.276325815348839e-06
"Osceola, WI",3,1.276325815348839e-06
"Franklin, NC",3,1.276325815348839e-06
"Sudbury, Canada",3,1.276325815348839e-06
"Stuart Island, WA",3,1.276325815348839e-06
"Hoquiam, WA",3,1.276325815348839e-06
"Changchun, China",3,1.276325815348839e-06
"Monrovia, Liberia",3,1.276325815348839e-06
"Bayan Lepas, Malaysia",3,1.276325815348839e-06
"Van Horn, TX",3,1.276325815348839e-06
"Vancouver, WA",3,1.276325815348839e-06
"Newport, VT",3,1.276325815348839e-06
"Bremerton, WA",3,1.276325815348839e-06
"Georgetown, KY",3,1.276325815348839e-06
"Strasbourg, France",3,1.276325815348839e-06
"Almaty, Kazakhstan",3,1.276325815348839e-06
"Roseau, Dominica",3,1.276325815348839e-06
"Gorge Harbor, Canada",3,1.276325815348839e-06
"Uvalde, TX",3,1.276325815348839e-06
"Anacortes, WA",3,1.276325815348839e-06
"Aurora, CO",3,1.276325815348839e-06
"Manitowaning, Canada",3,1.276325815348839e-06
"Kortrijk, Belgium",3,1.276325815348839e-06
"Canton, GA",3,1.276325815348839e-06
"Kantishna, AK",3,1.276325815348839e-06
"West Memphis, AR",3,1.276325815348839e-06
"Anderson, IN",3,1.276325815348839e-06
"Farmington, PA",3,1.276325815348839e-06
"Chesapeake, VA",3,1.276325815348839e-06
"Burgas, Bulgaria",3,1.276325815348839e-06
"Kumamoto, Japan",3,1.276325815348839e-06
"Grangeville, ID",3,1.276325815348839e-06
"Buena, CO",3,1.276325815348839e-06
"Annapolis, MD",3,1.276325815348839e-06
"Mineral Wells, TX",3,1.276325815348839e-06
"Sanford, NC",3,1.276325815348839e-06
"Minden, NV",3,1.276325815348839e-06
"Tullahoma, TN",3,1.276325815348839e-06
"Greensboro, GA",3,1.276325815348839e-06
"Biarritz, France",3,1.276325815348839e-06
"Torrance, CA",3,1.276325815348839e-06
"Leesburg, FL",3,1.276325815348839e-06
"Winona, MN",3,1.276325815348839e-06
"Constanta, Romania",3,1.276325815348839e-06
"Cortland, NY",3,1.276325815348839e-06
"San Juan, AK",3,1.276325815348839e-06
"Bari, Italy",3,1.276325815348839e-06
"Ehpriam, WI",3,1.276325815348839e-06
"Washington, PA",3,1.276325815348839e-06
"Nimmo Bay, Canada",3,1.276325815348839e-06
"Dalton, GA",3,1.276325815348839e-06
"Michellville, MD",3,1.276325815348839e-06
"Watsonville, CA",3,1.276325815348839e-06
"Bessemer, AL",3,1.276325815348839e-06
"Tokushima, Japan",2,8.50883876899226e-07
"Newton, KS",2,8.50883876899226e-07
"Obihiro, Japan",2,8.50883876899226e-07
"Ocean City, NJ",2,8.50883876899226e-07
"Odense, Denmark",2,8.50883876899226e-07
"New Smyrna Beach, FL",2,8.50883876899226e-07
"New Richmond, WI",2,8.50883876899226e-07
"Carrollton, GA",2,8.50883876899226e-07
"Cannes, France",2,8.50883876899226e-07
"Olean, NY",2,8.50883876899226e-07
"Orebro, Sweden",2,8.50883876899226e-07
"Oroville, CA",2,8.50883876899226e-07
"Ostrava, Czech Republic",2,8.50883876899226e-07
"Naberevnye Chelny, Russia",2,8.50883876899226e-07
"Muskogee, OK",2,8.50883876899226e-07
"Mush Bay, AK",2,8.50883876899226e-07
"Murray, KY",2,8.50883876899226e-07
"Mount Vernon, OH",2,8.50883876899226e-07
"Mount Pleasant, MI",2,8.50883876899226e-07
"Moultonboro, NH",2,8.50883876899226e-07
"Morganton, NC",2,8.50883876899226e-07
"Monroe, GA",2,8.50883876899226e-07
"Perugia, Italy",2,8.50883876899226e-07
"Minocqua/Woodruff, WI",2,8.50883876899226e-07
"Petrof Point, AK",2,8.50883876899226e-07
"Pig Beach, The Bahamas",2,8.50883876899226e-07
"Millersburg, OH",2,8.50883876899226e-07
"Midlothian/Waxahachie, TX",2,8.50883876899226e-07
"Mesquite, NV",2,8.50883876899226e-07
"Mesa, AZ",2,8.50883876899226e-07
"Mena, AR",2,8.50883876899226e-07
"McPherson, KS",2,8.50883876899226e-07
"Pope Vanoy, AK",2,8.50883876899226e-07
"Poplar Bluff, MO",2,8.50883876899226e-07
"Brookings, OR",2,8.50883876899226e-07
"Christchurch, New Zealand",2,8.50883876899226e-07
"Masset, Canada",2,8.50883876899226e-07
"Marshall, MN",2,8.50883876899226e-07
"Port Vila, Vanuatu",2,8.50883876899226e-07
"Marion, OH",2,8.50883876899226e-07
"Marion, IN",2,8.50883876899226e-07
"Poznan, Poland",2,8.50883876899226e-07
"Marfa, TX",2,8.50883876899226e-07
"Price, UT",2,8.50883876899226e-07
"Brewster, WA",2,8.50883876899226e-07
"Circle Hot Springs, AK",2,8.50883876899226e-07
"Mankato, MN",2,8.50883876899226e-07
"Bremen, Germany",2,8.50883876899226e-07
"Punta Arenas, Chile",2,8.50883876899226e-07
"Braunschweig, Germany",2,8.50883876899226e-07
"Abingdon, VA",2,8.50883876899226e-07
"Ciudad del Este, Paraguay",2,8.50883876899226e-07
"Mangrove Cay, The Bahamas",2,8.50883876899226e-07
"Yuzhno-Sakhalinsk, Russia",2,8.50883876899226e-07
"Boundary, AK",2,8.50883876899226e-07
"Clinton, IA",2,8.50883876899226e-07
"Red Fox Bay, AK",2,8.50883876899226e-07
"Clinton, OK",2,8.50883876899226e-07
"Richland, MO",2,8.50883876899226e-07
"Londonderry, United Kingdom",2,8.50883876899226e-07
"Bonaventure, Canada",2,8.50883876899226e-07
"College Park, MD",2,8.50883876899226e-07
"Libreville, Gabon",2,8.50883876899226e-07
"Rock Hill, SC",2,8.50883876899226e-07
"Lethbridge, Canada",2,8.50883876899226e-07
"Rome, GA",2,8.50883876899226e-07
"Lawrence, KS",2,8.50883876899226e-07
"Rowan Bay, AK",2,8.50883876899226e-07
"Saguenay, Canada",2,8.50883876899226e-07
"Salamanca, Spain",2,8.50883876899226e-07
"Comox, Canada",2,8.50883876899226e-07
"Lake of the Ozarks, MO",2,8.50883876899226e-07
"Connaught, Ireland",2,8.50883876899226e-07
"Kushiro, Japan",2,8.50883876899226e-07
"Big Delta, AK",2,8.50883876899226e-07
"Big Bay Marina, Canada",2,8.50883876899226e-07
"San Isidro, Dominican Republic",2,8.50883876899226e-07
"Cranbrook, Canada",2,8.50883876899226e-07
"Kitakyushu, Japan",2,8.50883876899226e-07
"Zagreb, Croatia",2,8.50883876899226e-07
"Bend, OR",2,8.50883876899226e-07
"Cross Keys, NJ",2,8.50883876899226e-07
"Cube Cove, AK",2,8.50883876899226e-07
"Santorini, Greece",2,8.50883876899226e-07
"Bell Island, AK",2,8.50883876899226e-07
"Culpeper, VA",2,8.50883876899226e-07
"Kefallinia Island, Greece",2,8.50883876899226e-07
"Selmer, TN",2,8.50883876899226e-07
"Kankakee, IL",2,8.50883876899226e-07
"Dammam, Saudi Arabia",2,8.50883876899226e-07
"Shelbyville/Tullahoma, TN",2,8.50883876899226e-07
"Kaktovik, AK",2,8.50883876899226e-07
"Kagoshima, Japan",2,8.50883876899226e-07
"Danville, KY",2,8.50883876899226e-07
"Shoal Cove, AK",2,8.50883876899226e-07
"Jersey, United Kingdom",2,8.50883876899226e-07
"Sigonella, Italy",2,8.50883876899226e-07
"Jeju, South Korea",2,8.50883876899226e-07
"Sion, Switzerland",2,8.50883876899226e-07
"Slaton, TX",2,8.50883876899226e-07
"Smithers, Canada",2,8.50883876899226e-07
"Davis/Woodland/Winters, CA",2,8.50883876899226e-07
"Izumo, Japan",2,8.50883876899226e-07
"Sofia, Bulgaria",2,8.50883876899226e-07
"Dawson City, Canada",2,8.50883876899226e-07
"Iowa City, IA",2,8.50883876899226e-07
"Spangdahlem, Germany",2,8.50883876899226e-07
"Springfield, VT",2,8.50883876899226e-07
"Encino, TX",2,8.50883876899226e-07
"Sterling/Rockfalls, IL",2,8.50883876899226e-07
"Stevens Point, WI",2,8.50883876899226e-07
"Ballinger, TX",2,8.50883876899226e-07
"Humberside, United Kingdom",2,8.50883876899226e-07
"Aztec, NM",2,8.50883876899226e-07
"Avignon, France",2,8.50883876899226e-07
"St. Moritz, Switzerland",2,8.50883876899226e-07
"Zanesville, OH",2,8.50883876899226e-07
"Hornell, NY",2,8.50883876899226e-07
"Sussex, NJ",2,8.50883876899226e-07
"Hermiston, OR",2,8.50883876899226e-07
"Tangier, Morocco",2,8.50883876899226e-07
"Dijon, France",2,8.50883876899226e-07
"Hastings, NE",2,8.50883876899226e-07
"Hammond, LA",2,8.50883876899226e-07
"Thessaloniki, Greece",2,8.50883876899226e-07
"Half Moon Bay, CA",2,8.50883876899226e-07
"Ticonderoga, NY",2,8.50883876899226e-07
"Tivat, Montenegro",2,8.50883876899226e-07
"Apalachicola, FL",2,8.50883876899226e-07
"Grosseto, Italy",2,8.50883876899226e-07
"Greven, Germany",2,8.50883876899226e-07
"Dumas, TX",2,8.50883876899226e-07
"Antofagasta, Chile",2,8.50883876899226e-07
"Dunedin, New Zealand",2,8.50883876899226e-07
"Greeneville, TN",2,8.50883876899226e-07
"Dune Lake, AK",2,8.50883876899226e-07
"Truth Or Consequences, NM",2,8.50883876899226e-07
"Ankeny, IA",2,8.50883876899226e-07
"Angelholm/Helsingborg, Sweden",2,8.50883876899226e-07
"Granite Creek Mine, AK",2,8.50883876899226e-07
"Dyersburg, TN",2,8.50883876899226e-07
"Union City, TN",2,8.50883876899226e-07
"Ushuaia, Argentina",2,8.50883876899226e-07
"Utapao, Thailand",2,8.50883876899226e-07
"Golfito, Costa Rica",2,8.50883876899226e-07
"Glen Canyon, UT",2,8.50883876899226e-07
"Venice, FL",2,8.50883876899226e-07
"Gila Bend, AZ",2,8.50883876899226e-07
"Gibraltar, Gibraltar",2,8.50883876899226e-07
"Eastman, GA",2,8.50883876899226e-07
"Vitoria, Spain",2,8.50883876899226e-07
"Galiano Island, Canada",2,8.50883876899226e-07
"Edwards, CA",2,8.50883876899226e-07
"Effingham, IL",2,8.50883876899226e-07
"Gadsden, AL",2,8.50883876899226e-07
"Fulton, NY",2,8.50883876899226e-07
"Wausau, WI",2,8.50883876899226e-07
"Waycross, GA",2,8.50883876899226e-07
"Albemarle, NC",2,8.50883876899226e-07
"Fremont, NE",2,8.50883876899226e-07
"Freetown, Sierra Leone",2,8.50883876899226e-07
"Frazer Lake, AK",2,8.50883876899226e-07
"Fort Sill, OK",2,8.50883876899226e-07
"Fort Payne, AL",2,8.50883876899226e-07
"Akureyri, Iceland",2,8.50883876899226e-07
"Fort Meade, MD",2,8.50883876899226e-07
"Fort Huachuca, AZ",2,8.50883876899226e-07
"Winchester, TN",2,8.50883876899226e-07
"Winthrop, WA",2,8.50883876899226e-07
"Wisconsin Rapids, WI",2,8.50883876899226e-07
"Woodlake, CA",2,8.50883876899226e-07
"Fitchburg, MA",2,8.50883876899226e-07
"Figari, France",2,8.50883876899226e-07
"Fez, Morocco",2,8.50883876899226e-07
"Caravelas, Brazil",2,8.50883876899226e-07
"Norwich, NY",2,8.50883876899226e-07
"Norman's Cay, The Bahamas",1,4.25441938449613e-07
"Ljubljana, Slovenia",1,4.25441938449613e-07
"Carrizo Springs, TX",1,4.25441938449613e-07
"Rio Vista, CA",1,4.25441938449613e-07
"Simsbury, CT",1,4.25441938449613e-07
"Rimini, Italy",1,4.25441938449613e-07
"Ostersund, Sweden",1,4.25441938449613e-07
"Rijeka, Croatia",1,4.25441938449613e-07
"Fairford, United Kingdom",1,4.25441938449613e-07
"Richmond, IN",1,4.25441938449613e-07
"Jakarta, Indonesia",1,4.25441938449613e-07
"Danville, VA",1,4.25441938449613e-07
"Darlington, SC",1,4.25441938449613e-07
"Skopje, Macedonia",1,4.25441938449613e-07
"Lone Rock, WI",1,4.25441938449613e-07
"Nakochna, AK",1,4.25441938449613e-07
"Reserve, LA",1,4.25441938449613e-07
"Lorient, France",1,4.25441938449613e-07
"West Milford, NJ",1,4.25441938449613e-07
"Nantes, France",1,4.25441938449613e-07
"Yes Bay, AK",1,4.25441938449613e-07
"Soddu, Ethiopia",1,4.25441938449613e-07
"Oberpfaffenhofen, Germany",1,4.25441938449613e-07
"Lossiemouth, United Kingdom",1,4.25441938449613e-07
"Izmir, Turkey",1,4.25441938449613e-07
"Napaimute, AK",1,4.25441938449613e-07
"Red Wing, MN",1,4.25441938449613e-07
"Borrego Springs, CA",1,4.25441938449613e-07
"Ivanovo, Russia",1,4.25441938449613e-07
"Red Deer, Canada",1,4.25441938449613e-07
"Death Valley, CA",1,4.25441938449613e-07
"Bardufoss, Norway",1,4.25441938449613e-07
"South Bethlehem, NY",1,4.25441938449613e-07
"Southbridge, MA",1,4.25441938449613e-07
"Isle of Man, United Kingdom",1,4.25441938449613e-07
"Iquitos, Peru",1,4.25441938449613e-07
"Cave Junction, OR",1,4.25441938449613e-07
"Fortuna, CA",1,4.25441938449613e-07
"Inverness, United Kingdom",1,4.25441938449613e-07
"Lulea, Sweden",1,4.25441938449613e-07
"Spearfish, SD",1,4.25441938449613e-07
"Luzon Island, Philippines",1,4.25441938449613e-07
"Indian Springs, NV",1,4.25441938449613e-07
"Raton, NM",1,4.25441938449613e-07
"Fallon, NV",1,4.25441938449613e-07
"Zakarpattia, Ukraine",1,4.25441938449613e-07
"Deauville, France",1,4.25441938449613e-07
"Wheeling, WV",1,4.25441938449613e-07
"Stafford, VA",1,4.25441938449613e-07
"Carrabassett, ME",1,4.25441938449613e-07
"Bowling Green, OH",1,4.25441938449613e-07
"Rabat, Morocco",1,4.25441938449613e-07
"Inagua, The Bahamas",1,4.25441938449613e-07
"Imperial, NE",1,4.25441938449613e-07
"Iguazu, Argentina",1,4.25441938449613e-07
"Madras, OR",1,4.25441938449613e-07
"Iguacu Falls, Brazil",1,4.25441938449613e-07
"Icy Bay, AK",1,4.25441938449613e-07
"Bamako, Mali",1,4.25441938449613e-07
"Steep Island, Canada",1,4.25441938449613e-07
"Clear, AK",1,4.25441938449613e-07
"Deer Lake, Canada",1,4.25441938449613e-07
"Norfolk, NE",1,4.25441938449613e-07
"Napier, New Zealand",1,4.25441938449613e-07
"Orange, MA",1,4.25441938449613e-07
"Malmo, Sweden",1,4.25441938449613e-07
"Huntingburg, IN",1,4.25441938449613e-07
"Cape Town, South Africa",1,4.25441938449613e-07
"Humacao, PR",1,4.25441938449613e-07
"Deland, FL",1,4.25441938449613e-07
"St. Joseph, MO",1,4.25441938449613e-07
"Bainbridge, GA",1,4.25441938449613e-07
"Niamey, Niger",1,4.25441938449613e-07
"Azraq, Jordan",1,4.25441938449613e-07
"Ayakulik River, AK",1,4.25441938449613e-07
"St. Marys, PA",1,4.25441938449613e-07
"Whitesburg, KY",1,4.25441938449613e-07
"Whiteville, NC",1,4.25441938449613e-07
"Clarksdale, MS",1,4.25441938449613e-07
"Delano, CA",1,4.25441938449613e-07
"Manistique, MI",1,4.25441938449613e-07
"Stonington, ME",1,4.25441938449613e-07
"Akita, Japan",1,4.25441938449613e-07
"Stow, MA",1,4.25441938449613e-07
"Brawley, CA",1,4.25441938449613e-07
"Houma, LA",1,4.25441938449613e-07
"Ajaccio, France",1,4.25441938449613e-07
"Puerto Montt, Chile",1,4.25441938449613e-07
"Stratford, Canada",1,4.25441938449613e-07
"St Stephen, Canada",1,4.25441938449613e-07
"Ptarmigan Lake, AK",1,4.25441938449613e-07
"Prudhoe Bay, AK",1,4.25441938449613e-07
"Sturgis, MI",1,4.25441938449613e-07
"Hopedale, MA",1,4.25441938449613e-07
"Delaware, OH",1,4.25441938449613e-07
"Brest, France",1,4.25441938449613e-07
"Hondo, TX",1,4.25441938449613e-07
"Bria, Central African Republic",1,4.25441938449613e-07
"Sulphur Springs, TX",1,4.25441938449613e-07
"Summerside, Canada",1,4.25441938449613e-07
"Mansons Landing, Canada",1,4.25441938449613e-07
"Sundsvall, Sweden",1,4.25441938449613e-07
"Falmouth, MA",1,4.25441938449613e-07
"Auburn, IN",1,4.25441938449613e-07
"Orangeburg, SC",1,4.25441938449613e-07
"Potsdam, NY",1,4.25441938449613e-07
"Holdrege, NE",1,4.25441938449613e-07
"Sylacauga, AL",1,4.25441938449613e-07
"Atwater, CA",1,4.25441938449613e-07
"Hinesville, GA",1,4.25441938449613e-07
"Port Vita, AK",1,4.25441938449613e-07
"Dhaka, Bangladesh",1,4.25441938449613e-07
"Marmande, France",1,4.25441938449613e-07
"Hillsboro, NH",1,4.25441938449613e-07
"Hiawatha, KS",1,4.25441938449613e-07
"Bridgewater, VA",1,4.25441938449613e-07
"Marshalltown, IA",1,4.25441938449613e-07
"Wickenburg, AZ",1,4.25441938449613e-07
"Hereford, TX",1,4.25441938449613e-07
"Heraklion, Greece",1,4.25441938449613e-07
"Hayward, WI",1,4.25441938449613e-07
"Wide Bay, AK",1,4.25441938449613e-07
"Marshall, TX",1,4.25441938449613e-07
"Martinsville, VA",1,4.25441938449613e-07
"Narsarsuaq, Greenland",1,4.25441938449613e-07
"Tarentum, PA",1,4.25441938449613e-07
"Haverhill, NH",1,4.25441938449613e-07
"Marysville, CA",1,4.25441938449613e-07
"Agadir, Morocco",1,4.25441938449613e-07
"Tbilisi, Georgia",1,4.25441938449613e-07
"Dolomi, AK",1,4.25441938449613e-07
"Port Hobron, AK",1,4.25441938449613e-07
"Brockport, NY",1,4.25441938449613e-07
"Telegraph Harbour, Canada",1,4.25441938449613e-07
"Mattituck, NY",1,4.25441938449613e-07
"Asturias, Spain",1,4.25441938449613e-07
"Hanamaki, Japan",1,4.25441938449613e-07
"Hampton, NH",1,4.25441938449613e-07
"Hampton, GA",1,4.25441938449613e-07
"Opapimiskan Lake, Canada",1,4.25441938449613e-07
"Maxton, NC",1,4.25441938449613e-07
"Mayfield, KY",1,4.25441938449613e-07
"Terrell, TX",1,4.25441938449613e-07
"Dos Lagunas, Guatemala",1,4.25441938449613e-07
"Astana, Kazakhstan",1,4.25441938449613e-07
"Hall Beach, Canada",1,4.25441938449613e-07
"McAlester, OK",1,4.25441938449613e-07
"Portales, NM",1,4.25441938449613e-07
"Castroville, TX",1,4.25441938449613e-07
"Adler/Sochi, Russia",1,4.25441938449613e-07
"Ashland, OH",1,4.25441938449613e-07
"Thomaston, GA",1,4.25441938449613e-07
"Brookings, SD",1,4.25441938449613e-07
"Pompano Beach, FL",1,4.25441938449613e-07
"Asahikawa, Japan",1,4.25441938449613e-07
"Three Forks, MT",1,4.25441938449613e-07
"Chincoteague, VA",1,4.25441938449613e-07
"Chillicothe, OH",1,4.25441938449613e-07
"Castlegar/Nelson/Trail, Canada",1,4.25441938449613e-07
"Dowagiac, MI",1,4.25441938449613e-07
"Timmins, Canada",1,4.25441938449613e-07
"Hackettstown, NJ",1,4.25441938449613e-07
"Artesia, NM",1,4.25441938449613e-07
"Mesquite, TX",1,4.25441938449613e-07
"Novosibirsk, Russia",1,4.25441938449613e-07
"Doylestown, PA",1,4.25441938449613e-07
"Middleton, WI",1,4.25441938449613e-07
"Yinchuan, China",1,4.25441938449613e-07
"Arlington, WA",1,4.25441938449613e-07
"Plainview, TX",1,4.25441938449613e-07
"Placida, FL",1,4.25441938449613e-07
"Carlisle, PA",1,4.25441938449613e-07
"Ardmore, OK",1,4.25441938449613e-07
"Pittsburg, KS",1,4.25441938449613e-07
"Elkhart, IN",1,4.25441938449613e-07
"Mildenhall, United Kingdom",1,4.25441938449613e-07
"Ada, OK",1,4.25441938449613e-07
"Millinocket, ME",1,4.25441938449613e-07
"Groningen, Netherlands",1,4.25441938449613e-07
"Greybull, WY",1,4.25441938449613e-07
"Pinedale, WY",1,4.25441938449613e-07
"Nizhniy Novgorod, Russia",1,4.25441938449613e-07
"Torrington, WY",1,4.25441938449613e-07
"Toughkenamon, PA",1,4.25441938449613e-07
"Winchester, VA",1,4.25441938449613e-07
"Pine Bluff, AR",1,4.25441938449613e-07
"Tours, France",1,4.25441938449613e-07
"Townsville, Australia",1,4.25441938449613e-07
"Greenville, TX",1,4.25441938449613e-07
"Winder, GA",1,4.25441938449613e-07
"Dundee, United Kingdom",1,4.25441938449613e-07
"Carson City, NV",1,4.25441938449613e-07
"Trieste, Italy",1,4.25441938449613e-07
"Bucaramanga, Colombia",1,4.25441938449613e-07
"Fort A P Hill, VA",1,4.25441938449613e-07
"Florianopolis, Brazil",1,4.25441938449613e-07
"Trujillo, Peru",1,4.25441938449613e-07
"Adana, Turkey",1,4.25441938449613e-07
"Ensenada, Mexico",1,4.25441938449613e-07
"Greeley, CO",1,4.25441938449613e-07
"Tucumcari, NM",1,4.25441938449613e-07
"Chester, CT",1,4.25441938449613e-07
"Pickens, SC",1,4.25441938449613e-07
"Newcastle, WY",1,4.25441938449613e-07
"Dunkirk, NY",1,4.25441938449613e-07
"Ankara, Turkey",1,4.25441938449613e-07
"New Jersey, NJ",1,4.25441938449613e-07
"Graz, Austria",1,4.25441938449613e-07
"Granite Mountain, AK",1,4.25441938449613e-07
"Anegada, British Virgin Islands",1,4.25441938449613e-07
"Cape Canaveral, FL",1,4.25441938449613e-07
"Miners Bay, Canada",1,4.25441938449613e-07
"Buenos Aires, Argentina",1,4.25441938449613e-07
"Petersburg, WV",1,4.25441938449613e-07
"Chena Hot Springs, AK",1,4.25441938449613e-07
"Andeness, Norway",1,4.25441938449613e-07
"Dushanbe, Tajikistan",1,4.25441938449613e-07
"Ulan-Ude, Russia",1,4.25441938449613e-07
"Exeter, United Kingdom",1,4.25441938449613e-07
"Moa, Cuba",1,4.25441938449613e-07
"Moberley, MO",1,4.25441938449613e-07
"Nowy Dwor Mazowieckie, Poland",1,4.25441938449613e-07
"Union Island, Saint Vincent and the Grenadines",1,4.25441938449613e-07
"Grand Case, Saint Martin",1,4.25441938449613e-07
"Flora, IL",1,4.25441938449613e-07
"Norwich, United Kingdom",1,4.25441938449613e-07
"Eagle Pass, TX",1,4.25441938449613e-07
"Burlington, NC",1,4.25441938449613e-07
"Penticton, Canada",1,4.25441938449613e-07
"East Haddam, CT",1,4.25441938449613e-07
"Penn Yan, NY",1,4.25441938449613e-07
"Wooster, OH",1,4.25441938449613e-07
"Valladolid, Spain",1,4.25441938449613e-07
"Valledupar, Colombia",1,4.25441938449613e-07
"Moneta, VA",1,4.25441938449613e-07
"Pembina, ND",1,4.25441938449613e-07
"Monroeville, AL",1,4.25441938449613e-07
"Pella, IA",1,4.25441938449613e-07
"Cadillac, MI",1,4.25441938449613e-07
"Caen, France",1,4.25441938449613e-07
"Okeechobee, FL",1,4.25441938449613e-07
"Vasteras, Sweden",1,4.25441938449613e-07
"Cagliari, Italy",1,4.25441938449613e-07
"Cape Eleuthera, The Bahamas",1,4.25441938449613e-07
"Gillies Bay, Canada",1,4.25441938449613e-07
"New Roads, LA",1,4.25441938449613e-07
"Notchitoches, LA",1,4.25441938449613e-07
"Pau, France",1,4.25441938449613e-07
"Montpellier, France",1,4.25441938449613e-07
"Georgetown, TX",1,4.25441938449613e-07
"Pascagoula, MS",1,4.25441938449613e-07
"Park Rapids, MN",1,4.25441938449613e-07
"Noumea, New Caledonia",1,4.25441938449613e-07
"Moroe, WI",1,4.25441938449613e-07
"Geilenkirchen, Germany",1,4.25441938449613e-07
"Vilnius, Lithuania",1,4.25441938449613e-07
"Gasquet, CA",1,4.25441938449613e-07
"Gaspe, Canada",1,4.25441938449613e-07
"Ocho Rios, Jamaica",1,4.25441938449613e-07
"Garibaldi, OR",1,4.25441938449613e-07
"Edenton, NC",1,4.25441938449613e-07
"Alicante, Spain",1,4.25441938449613e-07
"Galliano, LA",1,4.25441938449613e-07
"Algiers, Algeria",1,4.25441938449613e-07
"Chambery, France",1,4.25441938449613e-07
"Galion, OH",1,4.25441938449613e-07
"Ellenville, NY",1,4.25441938449613e-07
"Cerro El Sombrero, Chile",1,4.25441938449613e-07
"Zephyrhills, FL",1,4.25441938449613e-07
"Alexandria, MN",1,4.25441938449613e-07
"Sandusky, OH",1,4.25441938449613e-07
"Corsicana, TX",1,4.25441938449613e-07
"Krasnojarsk, Russia",1,4.25441938449613e-07
"Cortes Bay, Canada",1,4.25441938449613e-07
"Big Lake, AK",1,4.25441938449613e-07
"Biddeford, ME",1,4.25441938449613e-07
"El Monte, CA",1,4.25441938449613e-07
"Big Mountain, AK",1,4.25441938449613e-07
"Biak, Indonesia",1,4.25441938449613e-07
"La Ceiba, Honduras",1,4.25441938449613e-07
"Connersville, IN",1,4.25441938449613e-07
"Lafayette, TN",1,4.25441938449613e-07
"Berry Island, Canada",1,4.25441938449613e-07
"Lahad Datu, Malaysia",1,4.25441938449613e-07
"Cotonou, Benin",1,4.25441938449613e-07
"Cotulla, TX",1,4.25441938449613e-07
"Kochi, Japan",1,4.25441938449613e-07
"Council, AK",1,4.25441938449613e-07
"Lake City, FL",1,4.25441938449613e-07
"Council Bluffs, IA",1,4.25441938449613e-07
"Bentonville, AR",1,4.25441938449613e-07
"Coventry, United Kingdom",1,4.25441938449613e-07
"Lancaster, CA",1,4.25441938449613e-07
"Lancaster Cove, AK",1,4.25441938449613e-07
"Pamplona, Spain",1,4.25441938449613e-07
"Palo Alto, CA",1,4.25441938449613e-07
"Ocean Shores, WA",1,4.25441938449613e-07
"Salida, CO",1,4.25441938449613e-07
"Yangyang, South Korea",1,4.25441938449613e-07
"La Porte, IN",1,4.25441938449613e-07
"Comiso, Italy",1,4.25441938449613e-07
"Centralia, IL",1,4.25441938449613e-07
"Crossville, TN",1,4.25441938449613e-07
"Blackpool, United Kingdom",1,4.25441938449613e-07
"Ely, NV",1,4.25441938449613e-07
"San Tome, Venezuela",1,4.25441938449613e-07
"Mount Sterling, KY",1,4.25441938449613e-07
"Muan, South Korea",1,4.25441938449613e-07
"Blacksburg, VA",1,4.25441938449613e-07
"La Rochelle, France",1,4.25441938449613e-07
"Bella Bella, Canada",1,4.25441938449613e-07
"Blakely, GA",1,4.25441938449613e-07
"Cullman, AL",1,4.25441938449613e-07
"Ft. Stockton, TX",1,4.25441938449613e-07
"Russellville, AR",1,4.25441938449613e-07
"Kelso, WA",1,4.25441938449613e-07
"Rouyn-Noranda, Canada",1,4.25441938449613e-07
"Camilla, GA",1,4.25441938449613e-07
"Las Vegas, NM",1,4.25441938449613e-07
"Kassel, Germany",1,4.25441938449613e-07
"Blind Channel, Canada",1,4.25441938449613e-07
"Scottsboro, AL",1,4.25441938449613e-07
"Cunnamulla, Australia",1,4.25441938449613e-07
"Columbus, NE",1,4.25441938449613e-07
"Bedford, PA",1,4.25441938449613e-07
"108 Mile Ranch, Canada",1,4.25441938449613e-07
"Sechelt, Canada",1,4.25441938449613e-07
"Cut Bank, MT",1,4.25441938449613e-07
"Daggett, CA",1,4.25441938449613e-07
"Beaver Falls, PA",1,4.25441938449613e-07
"Seletar, Singapore",1,4.25441938449613e-07
"Selief Bay, AK",1,4.25441938449613e-07
"Roosevelt, UT",1,4.25441938449613e-07
"Selma, AL",1,4.25441938449613e-07
"Waupaca, WI",1,4.25441938449613e-07
"Yarmouth, Canada",1,4.25441938449613e-07
"Seneca Falls, NY",1,4.25441938449613e-07
"Seosan, South Korea",1,4.25441938449613e-07
"Kaneohe, HI",1,4.25441938449613e-07
"Lebanon, TN",1,4.25441938449613e-07
"Lemoore, CA",1,4.25441938449613e-07
"Sevierville, TN",1,4.25441938449613e-07
"Leonardtown, MD",1,4.25441938449613e-07
"Rocksprings, TX",1,4.25441938449613e-07
"Seymour, IN",1,4.25441938449613e-07
"Dalian, China",1,4.25441938449613e-07
"Bear Fish Camp, AK",1,4.25441938449613e-07
"Rock Sound, The Bahamas",1,4.25441938449613e-07
"Lexington Parsons, TN",1,4.25441938449613e-07
"Roberval, Canada",1,4.25441938449613e-07
"Shawl Bay, Canada",1,4.25441938449613e-07
"Emerald, Australia",1,4.25441938449613e-07
"Wellington, New Zealand",1,4.25441938449613e-07
"Linz, Austria",1,4.25441938449613e-07
"Shelton, WA",1,4.25441938449613e-07
"Bodrum, Turkey",1,4.25441938449613e-07
"Al Dhafra, United Arab Emirates",1,4.25441938449613e-07
"Yerevan, Armenia",1,4.25441938449613e-07
"Ouagadougou, Burkina Faso",1,4.25441938449613e-07
"Roanoke Rapids, NC",1,4.25441938449613e-07
"Litchfield, IL",1,4.25441938449613e-07
"Baudette, MN",1,4.25441938449613e-07
"Riviere-Du-Loup, Canada",1,4.25441938449613e-07
"Nagasaki, Japan",1,4.25441938449613e-07
"Junction, TX",1,4.25441938449613e-07
"Fremont, OH",1,4.25441938449613e-07
"Bathurst, Canada",1,4.25441938449613e-07
"Jerez de la Frontera, Spain",1,4.25441938449613e-07
"Sidney, NE",1,4.25441938449613e-07
"Siem Reap, Cambodia",1,4.25441938449613e-07
